0,1,2,3,4,5
-1.8213039668643105,-1.7777098356231686,-0.15256613908667876,0.6867070037130814,-0.8296899045423385,1.7289513185011876
-1.6402100631436212,-1.7293865207246013,-0.004579017524113443,0.8682275442087591,1.4347577086522112,0.3175192022745206
0.3512005405975927,-1.6231492951508708,-0.9895689990353062,-1.3182763205004695,-0.5760390086106393,-1.297490355550882
-0.932970343257556,2.239875777116106,0.48585230173886984,-0.8482289017133079,-1.5709326531759316,-0.05933416444850556
-0.6535726118472859,2.1027270553549497,0.4572301917144206,-0.8357841767146915,1.2413474993234406,-0.42573593253999503
-0.9807624125568728,1.9529413619519858,0.32263514605491617,-1.018419546121074,0.15467709091047002,2.002223816518962
-0.7110364287086375,2.156371249665352,0.39311709349659885,-0.9146506677026988,-0.8052913308366525,-0.25047455189548423
-0.8091388011736154,2.1061995985103366,0.39826049228262805,-0.9202729417891488,-0.35073081767937914,0.35919564777160506
-1.4599441756751348,-1.523960431020309,0.011029868632710542,0.9008712887392715,-0.7628643918520995,-1.4178083090143316
-1.3404233492678925,0.5296786001505913,-1.8694762757967864,-0.2454216751292088,-1.3993264765064353,-0.850760736169769
-1.468016831585593,-1.654689103623396,-0.035406970750553046,0.8552026377692616,0.5081571036757629,-0.6206897222082826
-1.5601733091576606,-1.7573595099922756,-0.11733055378517095,0.7589111138303904,0.4590925632474948,0.48809333567553054
-1.087939433098826,-0.12715377241884995,2.234182258076814,0.16399373777917026,1.7265945668556524,1.4138754842041241
0.8835383396189125,-0.020469686863577807,1.2972861860442018,-1.9734992441055565,0.3669466088586954,-0.2757431600415173
0.8975825807321258,0.1450385362073297,1.4681556039336021,-1.7946553988914045,0.4956341679118478,-1.6528652394547712
0.3925852367744767,-0.41082235280168483,0.7157958244354297,2.1407124832777478,-2.095558391521542,0.9841172338969065
0.23647470316058924,-1.5071312281127331,-0.9141150006250063,-1.2573351389405765,-1.6732497161745679,-1.630244189951569
-1.212528898517532,0.3784603341433069,-1.8708600813817613,-0.22350721583125924,1.43286512721414,-0.6366167266298964
-0.9479343518484828,2.048207664982891,0.34520189906048415,-0.9936337153287523,-0.8352768315623857,1.3501707286342772
-1.5941901732356138,-1.791507622065529,-0.09551363624502236,0.7791876169640188,1.1830731173379727,0.715750206057688
-1.1297139226354689,0.56861313699722,-1.7260049095433552,-0.06438603717114141,1.060989003732353,-2.3207446244628858
-1.2743096484482073,0.04282858594482077,2.343302699862863,0.24928254770605407,0.022751981438900615,1.0032058442812912
0.561655013723514,-0.5455054287803375,0.7296657785154712,2.1838943278690106,0.8832214130958248,0.9089755984152468
0.8595503609873617,1.7223310111068424,-1.0796684800568581,1.1293749589795279,-1.2400712341644262,-0.4682506518221481
2.3543400340025653,-0.5133713738463334,-0.17681131694907176,0.058092130875732916,0.414791046249162,0.18427707123396087
-0.9188121605585158,2.108647221405334,0.3421348017678463,-0.9954842737842989,-1.6967569339689719,0.9583785592259529
-1.5213108371841337,0.39408030565917046,-1.9823027731483585,-0.38553778647247977,-1.775775401024363,0.8624177545909067
-0.9523032769293123,0.026904764719351652,2.208919117679937,0.1487845423626245,-0.4877937006306372,0.22707674861457683
-0.8839493918720117,0.11265369936862638,2.325994700959163,0.2803610442883509,0.2658433892951236,-0.8180219425682606
-1.5387560832733505,-1.6094689998801905,0.09062283541941833,0.9793422141484874,1.4594990301613522,-0.9515257868364078
0.6555135731406615,-0.25087413679106657,0.8527595935802371,2.3168289290573463,-1.390508398991552,-1.2450632280251237
2.17644974891322,-0.6054031216614966,-0.3563551520637208,-0.1551398240715818,-1.6470521937984919,1.8893197432196607
0.8896970591228813,0.12775818616112272,1.4056356752447636,-1.8622334973191312,-0.230490020823002,-1.3430321133444736
2.281543777690868,-0.46811213896637927,-0.24822562532643316,-0.030345686681647645,-1.6769662554925744,0.48291104985539995
-0.8583330375638671,0.155720200475188,2.4086665673818097,0.37093893070057543,0.97577358930569,-1.383565838900884
-0.97659574357005,-0.10345997043563934,2.2108062860898783,0.15287737724892358,1.4542837339033914,0.9345580065106259
-1.5771937946917112,-1.6347927061630911,0.06918767876455471,0.952156441515706,1.3646740844392808,-0.612005080220157
0.4562019286289806,-1.5294931303212858,-0.913200457216123,-1.2258599505812993,-0.42102143329146574,-2.3969470672213955
-1.8123445241440448,-1.6557266429685569,-0.06309623356859669,0.7791235049038829,-1.3008535958370646,0.8342728082957462
-0.6828818163474464,2.164473256589715,0.49987122246940285,-0.7964065028976374,0.824607952608791,-0.7363163952850434
-1.3819744169071448,0.5306082581798817,-1.822722062688724,-0.20078101187389577,-0.8640828532201678,-0.8378712159547985
0.7042899961202483,-0.47014618813842984,0.7463352412620065,2.217934484553031,0.5561633509323342,-0.06488406957069899
0.7454535454717927,1.7772467926109812,-0.9499745219099754,1.2512214251842537,-0.5582744662304282,-0.6849148004353911
-0.6744278300939524,2.1293732431281254,0.4256617662873232,-0.8736251153894853,0.26025857986951356,-0.3699857063021726
0.874074875043125,-0.07262090242266982,1.3079225963693466,-1.9612027814914297,1.2967403639578385,-0.02483399494977721
-1.755006570108144,-1.499914373620892,0.05477591530744014,0.9072071621574596,-1.6609808860042197,-0.5014766462078257
-1.0644449450105014,0.16905065570471814,2.4022447254218706,0.335744329525908,-0.16637115558993154,-0.6106547970461914
0.868025094148765,-0.09867132919293141,1.1898362208066675,-2.0879219753821134,-0.14047359824706593,0.4941705856683874
0.7558631467087232,1.6548327348555751,-0.9889149548551351,1.2157608499867851,0.774753096984872,-0.023917523008800082
0.7013801364115554,1.6473204195078777,-1.047971511845907,1.145234676630586,-0.23828695162884295,0.41320093423441306
-1.7989240794038661,-1.7694805642485907,-0.09549903377557141,0.7507433926272534,0.011230794843533011,1.4217684599275857
-1.0367073851304727,1.9280103456265916,0.3494442130419324,-0.9961040965416873,0.72400548065552,2.2573180779942286
0.9366138013320886,0.1354394782633324,1.4642233456155969,-1.7932368776194783,0.7419838453041472,-1.7495265226187675
2.411862638997206,-0.3401084735701392,-0.046225627567426465,0.19915673201337755,-0.018517577050367166,-1.2748505571002076
-1.1585590752507657,0.2060603052387933,2.3724874457194516,0.2895655944599835,-1.5773198738099206,-0.31970861626893915
2.2966598823070883,-0.37244346872943934,-0.029439853297787512,0.20302115755984437,0.27018871808538636,-0.7185983156776619
0.14572460538342683,-1.740743703437322,-1.0912171611068757,-1.4504194763869849,-1.1584890412087196,0.3925776944982512
0.4021776942464546,-0.4110331763762392,0.8150485956544123,2.2487324206379062,-0.5280935436639907,0.6347200815393982
0.6691462263579707,-0.06804254822186427,1.3445521931064603,-1.9495895993643635,0.9560429434067065,0.6493171698211023
0.08564809505027937,-1.800491959960099,-1.0900683233657005,-1.454826466742552,-0.4629690317376591,0.9096557433128251
2.354722164823623,-0.3737452740468451,-0.17382917584579738,0.055637526650827517,-1.692566169101427,-0.48774384106210683
0.8065663329008436,1.4616980834293603,-1.125495918195036,1.0836309424053125,1.8624804254471792,1.11980306271904
-1.6709367719761368,-1.5454304852671286,-0.02109862796014101,0.8388028035117486,-1.7828340545893981,-0.37988133255869055
-1.5506999991826462,-1.6964811369490365,-0.12161530520243642,0.7530884494551312,-0.5077340714009996,0.1758289171913625
0.6309976131817968,-0.3550551524863586,0.7750277380004019,2.2342112268550527,-1.076921557115632,-0.4100513915609302
-0.7336121807764356,2.2179704772165674,0.5348337210440395,-0.7678310166983994,0.33010555227786886,-0.8988805036022013
0.8713937268113569,1.6697056540443491,-1.018382511255851,1.1990190794559097,0.5619757416777375,-0.458865802027802
-1.595929785480983,-1.643105058278333,-0.03698277202212136,0.8358162915958525,-0.21472771239630511,-0.16428458218426195
0.913445319909283,1.459307761174444,-1.2175308772393898,0.9991562087991248,0.9194716259795408,0.997788541407048
-1.5998200815608477,-1.6604695275052899,0.04873236650948115,0.9281670164023771,1.3546213310555988,-0.3364802323579558
-1.3144028520309678,0.46800754724480526,-1.8629919497545038,-0.23242378487315643,-0.2422015014127235,-0.6821555221998535
0.9457088407126744,0.047959182120753174,1.3026181630725013,-1.9621971365568864,-0.35443223503462007,-0.8626119243256419
0.25757619599326326,-1.6996047877016252,-1.0525304004113045,-1.3954491562299687,-0.7442304430931462,-0.3667124018102984
-1.7403357513804654,-1.683515238269928,-0.028357788655480394,0.8273053547712313,-0.045507353850316484,0.571481423973752
-0.8692339292645981,2.107539995422708,0.34520719743552397,-0.9854618209609113,-1.430945631137863,0.7577134340006121
-1.5750930394428704,0.32546750546201814,-1.8884566014620048,-0.28906338251172764,0.5066122521032987,1.1047631314213735
0.982949267738248,0.07330962724353769,1.3239791232244773,-1.9352534001167991,-0.2660264720062482,-1.197286689157792
0.9472126222198248,0.19629101343850047,1.4106791826975766,-1.851872405519739,-0.9768260909270907,-1.9110602757823931
-1.243603688526922,0.3529738943667515,-1.8425097927906176,-0.19616415181397287,2.135533804753022,-0.48218314159220504
-1.2648806603534046,0.5454479690343776,-1.8027635878607766,-0.164166389158004,-0.31046163894421713,-1.4344324723993451
0.8397518839919939,1.7315022479330173,-1.0252151957886095,1.1848848099980673,-0.6252878074218452,-0.6047189333639558
-1.0186827276711088,2.067245840412973,0.4521779934558021,-0.888911407279786,0.22727317186439194,1.2033178074979802
0.9133106199961837,1.7822254336928909,-0.9332212595939662,1.2916262631463893,0.30459750128613716,-1.4256223496258273
-1.24562294412003,0.5537435636885536,-1.844548285865831,-0.20684194139373938,-1.0023156588743354,-1.4184063012187067
0.6828676234379917,-0.48711911514540546,0.8309639054520931,2.306741024622472,2.0315150088101306,-0.16611961779918905
-0.8148228421775947,2.22850812077293,0.43749377130979084,-0.8838570742534347,-1.6584225169611528,-0.32092807106196974
2.3493855658796936,-0.4696238393724994,-0.1453631046938702,0.0894496035676153,0.20279957775299412,-0.10224701888684862
-0.8997035226273448,0.20027760655766416,2.3391997347597666,0.28885396804652214,-0.9474959511756591,-1.2121259161835871
-1.3923661049037022,0.2690224178332736,-1.9152391855949462,-0.29095519399624187,1.7088079152741347,0.7330784862190796
0.20681905196140873,-1.7944723841373142,-1.1255373906803203,-1.4768998187764288,-0.6084201128518099,0.5131937585226612
-0.9530523177992871,-0.03416844660634353,2.2137445178033466,0.15637085528366235,0.5258076832684268,0.5040301746173107
0.08875191494953505,-1.564920386605662,-0.8690685003331763,-1.226419811168195,-0.6896233363614307,-0.9137088291024176
-1.3403870659366781,0.25040511817876804,-1.9740492680113033,-0.3464314138673998,1.3036446891410711,0.80061314320124
-1.3510137649043232,0.3466435942144083,-1.904846274947815,-0.2773897593578237,0.8387278366491323,0.1691546628446812
-1.2072522128733116,0.5092548527648776,-1.7259381898110107,-0.07232300148381995,1.6628885199933912,-1.7329909956652292
-0.622915382751687,2.206770918663458,0.5353426257900451,-0.7519249905265383,0.9606867765862654,-1.28560421321777
0.5168372517773664,-0.3088670311169522,0.8490375492308901,2.2965326486360107,-1.1163974964396741,-0.40985682909759036
0.42758421973942556,-0.37668936654298074,0.8913564100650951,2.332796081303071,0.21779733442866855,0.1313408603183043
0.350147388974758,-1.8063989978470143,-1.0736771278036863,-1.4013567961635085,0.9551312126855319,-0.16089039260552618
0.8215885033146783,1.539903885137516,-1.215393025817507,0.9857928391465711,-0.6648029396041775,0.9730213476959026
2.5462343786946766,-0.49147820401737463,-0.24452467190263413,0.010219041548715523,-0.18366899699597428,-0.46577858141699474
-1.7246563810642517,-1.631504543888456,-0.08793815535909695,0.7632250738537978,-1.699992503464053,0.4506998351271874
-1.3066055815472144,0.302011539746966,-2.0325078347756533,-0.40685227451977474,-0.25378684641204796,0.6065642575481885
0.8999571204815452,1.50324587866794,-1.1866115059372824,1.0287885509815415,0.6617269674853414,0.7458042526514471
-0.9659084653262573,-0.12987907855980074,2.2417445975738453,0.18866282309288818,2.3808577320151363,0.9199619501717757
-1.7405057724215052,-1.666054984546366,0.033662932746337304,0.8932549905839725,0.637427430361619,0.29425265732707373
-0.9872783938696683,0.0015071325163656865,2.2863568605944504,0.22837952890498936,0.9519812358519824,0.24201058136041545
0.528158979044706,-0.5447590669226992,0.6782608470171771,2.12408256990369,-0.054383640201974254,1.1998350380043359
-1.6987610194877516,-1.4313531832741673,0.05974071925008312,0.9173115154690287,-2.4141260669255638,-1.0643645040000622
-0.7329300937129889,1.9997691082785878,0.32677061072508695,-0.9825287189889443,0.5028864846476336,0.7865300122181015
-1.6103747340633665,-1.782418796428248,-0.09016555536390665,0.782387646289057,1.059214707602801,0.7199409083937287
0.9803606062525444,1.6672721069609993,-1.0116297619225658,1.221047203090184,1.1461964255095123,-0.8999031673757486
-0.7168677454618626,2.278686464900572,0.5309995660560813,-0.7721837917938931,-0.5977372935359989,-1.2405743962469509
0.502944750816645,-0.24746512967424927,0.8926339632645465,2.339026875421648,-1.4504811285274941,-0.7828355393308067
0.4155170903890693,-0.2804221253880545,0.861811818400893,2.29546576581205,-1.770877664718305,-0.1837153425283441
-1.4590093334420104,0.34905715104116125,-1.8622096713504896,-0.24618113791296117,1.017732463730174,0.45097459355123076
-1.0595567809384123,0.15148333019744034,2.291187230299385,0.21770809623231402,-1.5820275170543467,-0.1972363431473274
0.6068541846555034,-0.5814260689998932,0.6577334456447285,2.1141039125983103,0.515879580909106,1.1265822024014995
0.47664311532622544,-0.4737895490929496,0.7258767652471648,2.165442879939129,-0.6272687875659704,0.9178193848622559
0.9900797178387873,0.1080615949518718,1.399154357198295,-1.8548843267460344,0.3818781067789199,-1.6266945148381984
0.9903163722684635,1.658322388413183,-1.0173638453232408,1.2165879960873849,1.2366594514080627,-0.8788831702112422
2.3920112261614817,-0.45312103951871685,-0.13001946686988483,0.1110101801375589,0.3571636750888245,-0.397402810196594
-0.9321827307385964,-0.008448989175176872,2.332749286521105,0.2860859367701191,2.042477323539446,-0.07495674467187649
0.9324186029524183,0.09189287855492363,1.3335498021896088,-1.9325247755714308,-0.61111553156873,-1.1153974518862237
-1.1053759120312672,-0.05694534628846557,2.2839100982419147,0.2122433421148292,1.3364244021209601,0.9939254224069272
0.6192178106245272,-0.12802424894243447,1.149013274342928,-2.1641066703220098,-1.3260992228136015,1.7464658036919674
-1.689871785040187,-1.737006509453288,-0.06333679609524352,0.7986760150518766,0.4475667659392494,0.7351237636927939
0.8159783055066698,0.13813361946036357,1.456747484434812,-1.817623862273458,0.09520243588010159,-1.261261083440049
0.2832420897742946,-1.7874483514247324,-1.0157920355711052,-1.34889798403593,1.280268012391128,-0.1680118440190446
0.07596135773398216,-1.8613638646119963,-1.036467638027652,-1.396006557223037,1.2607309966991238,1.0674978891055915
-1.1922699824116607,0.40418832381581943,-1.8998806368068775,-0.2530367553058706,0.6722076618843542,-0.7472736654535598
2.373675228480168,-0.6447155472748818,-0.32020799408828277,-0.08811668598417846,0.31672306514082676,1.1810361285567583
-1.5091836139270416,0.4636318922826134,-1.8320845305671354,-0.2252309717077743,-0.49140584977921986,0.012238041624452224
-1.431797319344734,-1.6991348773908053,-0.06491766761662383,0.8301655282996167,0.8877746026530505,-0.4607091538988567
2.3226309629798627,-0.6173934484064584,-0.3043180945159136,-0.07902008008455588,-0.0682053051367385,1.2036887313783966
0.47171134072086046,-0.38640223075154184,0.8877399480521686,2.33524476076808,0.4914684366508782,0.014054204657217179
0.6168039907328039,-0.5031035827783026,0.6661803205689569,2.121321189858886,-0.5225636731696743,0.6897583831500805
0.6230692317624197,0.11625970760286115,1.425739635652697,-1.8760366855909936,-0.8278132903182038,-0.2965261556650782
0.8369844131675693,1.6006550951297176,-1.0713232693557244,1.1402886250248554,0.67417718281479,0.17092721277914424
2.2728613730835527,-0.5813690355108938,-0.18333983336673043,0.04288679572283934,1.0326501197820765,0.8492945352212994
-1.6531948439194526,-1.493457344101059,0.16609462416764748,1.0403414295171391,0.36382747100611945,-1.2854415485324426
0.7824878409455213,-0.2973450260513573,0.8782021888819146,2.36317867440142,0.23370403169824144,-1.6076935776613719
0.7294746772208943,-0.06939155978693766,1.2989616268119502,-1.9904343337897386,0.5214733572568815,0.5604272385861356
0.7108798354217954,1.5860132182213689,-1.1904984710190605,0.9957716452259543,-1.4437904643750794,1.1145314811872293
-0.844293175607451,2.0982607243691613,0.48838922405613316,-0.8277705770224665,1.0139117080048987,0.252224205844994
0.728695591860583,-0.4881476926753148,0.6858164143966914,2.156884174467167,0.003166434965218055,0.11425256056729435
0.48215021303518407,-0.31682144803796036,0.7912077616438601,2.2300083161245716,-2.0233023955632166,-0.0528614623189982
0.6471851662497213,1.5525295997202357,-1.1211915464658873,1.0630890427367528,-0.12090836085596948,1.307021504034415
2.114942998232381,-0.5342070744145039,-0.2107000553756944,-0.00971843403323195,-0.757467652713135,1.3371694317761935
-1.3429570448157413,-0.11273111068954253,2.224729697392079,0.1189126380132638,0.32224424042386046,2.3847296356758285
-0.7010583781414469,1.9990590221870004,0.3780748820978008,-0.9230453241216571,1.431782829166449,0.5022449135959807
-1.486921169852886,-1.470990288302982,0.14612269952397045,1.0403294017605982,0.386021108532501,-1.9870850741350798
0.6642228877010794,-0.059206920340139635,1.3012689791934,-1.997153455912947,0.13454336056598235,0.7632148116250048
0.9503167218697531,1.7115765571343762,-1.0803946776356628,1.141251961509449,-0.7163460901263523,-0.7743070290099553
-1.6608185910185236,-1.5020144610337138,0.15927112675350824,1.032328448282085,0.3600387827495235,-1.193269452784444
0.3236681764621882,-1.8494445268837685,-1.1070733059641449,-1.439068722675384,0.9985925141220922,0.2528597662229453
-1.3444334931899677,-1.482903233439767,0.0499433856633103,0.956581310066334,-0.3289877486151849,-2.1919083755499624
2.3197998688966295,-0.3904167085360378,-0.09003711079627338,0.14171499913740956,-0.2895937004796949,-0.5343392031093307
0.9290833687220604,-0.030215919019613735,1.244428432578265,-2.023804318811376,-0.10979791692741578,-0.2434826117728061
0.930988663052628,1.7120116127336154,-0.9829341298711005,1.2434254920380048,0.6960628004546858,-1.0066500051438287
0.03699080319798932,-1.84304048609556,-1.0755097315654611,-1.4439813970398159,0.21960323809278395,1.257884333020137
0.4399449752291314,-0.5078811843578704,0.6488692020377577,2.0790965707865916,-1.4336991143371254,1.4669007862418144
2.26838837737871,-0.5463596310758706,-0.15821283273047146,0.06786979218707187,0.8603257076846649,0.6221371170378717
0.8732628550754945,0.04085313802979812,1.390435909122804,-1.8772334314849781,0.8102731105621498,-0.8186476503810851
-0.6756489035312488,1.9897658793552842,0.4226276353572178,-0.8713401070249674,2.363117844728464,0.30543077942906816
0.2672550482089214,-1.7870930162656846,-1.0661119232269072,-1.4051702236908037,0.4365365836514915,0.051980922758583584
2.4608327407195043,-0.5332044201836773,-0.18291399129410646,0.06667647394774276,1.059917902372211,-0.12411540866839975
0.5606686304120726,-0.37966152818597404,0.899603738703385,2.359699667669182,0.931323002129254,-0.40731086718783027
-0.7471286528207631,1.9302705883584426,0.37374064671121343,-0.9310927016109182,2.2394822627098576,1.023948909688638
0.9870769788886692,1.7893036919505334,-0.9716280210896682,1.2599698676102769,-0.09501105238526145,-1.6302168686067546
0.7566215067582719,1.7508169494375778,-0.9190064221810604,1.2871040431739886,0.3708766908983022,-0.7014563945725251
2.268165076617214,-0.6598105498077422,-0.2407903049918379,-0.01630885236043004,1.341242138780431,1.4201411753604571
-0.633032103797594,2.154630888342601,0.44728023307364784,-0.845841367318858,0.3709427801069991,-0.721478813111421
0.03289935112978083,-1.5374909044625118,-0.8534765741765588,-1.218295223467079,-1.1003311668443476,-0.8715949070845992
0.31239934925132123,-1.5611860044497214,-0.7995287124995013,-1.121696321475102,1.2303836363195868,-2.0355108549327965
0.3402738421547474,-0.5143775098497801,0.7843289479125011,2.211596985536394,0.3430575867658422,1.4657712176171809
-1.671245159923341,-1.6763291526601924,0.03160400976685923,0.9007845135248224,1.045850538663884,0.07523959693292341
-0.9213065457798009,-0.05233387861061143,2.153680566499573,0.09680439342217392,0.012164769427857549,0.6534578507690267
-1.163108300417736,-0.020749908716466516,2.2070782589056788,0.1203789423390963,-0.6374830309875923,1.2929046406925728
-1.7178809527585615,-1.710202255137104,-0.14467771663967394,0.7063484843034747,-1.329895383783599,0.9751153092515098
0.21190178625723324,-1.5153081188896007,-0.8726596891084387,-1.2157340773950376,-1.0098928890249002,-1.624757382951994
2.491660573123017,-0.49025600846648376,-0.14924832629306053,0.1052674926855077,1.0397715173528213,-0.5554663638988305
-1.526388790411537,0.5774720395597708,-1.750587112526892,-0.14457556884160408,-1.0657642234819114,-0.7152252273682238
2.4429312483190544,-0.5677124353388945,-0.16009839355031272,0.09021076882088705,1.8703002467123204,0.03831539391500778
2.1823871247186823,-0.5793518864975188,-0.287604902472262,-0.08148374375318315,-0.9684585602867853,1.526056223876079
-0.8172952207005033,0.1809858388474123,2.4302628542846922,0.3986503258390062,1.0845388753302858,-1.733610327247618
0.9244918681316912,-0.09120331705329397,1.2490157129404396,-2.0169947756594153,0.883202303967283,0.0490229555799334
-1.0131195536481215,0.20281392000248646,2.4308295888784555,0.3720072100724709,-0.03953519880922458,-1.0636530739290306
-0.7034282232615563,2.2260203552119244,0.4443969692583274,-0.8613381726361801,-1.061185624686626,-0.7717915764923925
-1.3747900573742557,0.4431757388865997,-1.8364581708598662,-0.21100635176597418,0.3033100709676719,-0.4090815714185085
0.807503620606744,-0.12350184089064241,1.1670325188587594,-2.119572075568961,-0.3536995725718368,0.9230740874416442
-1.554612945333662,0.38610006502905064,-1.892059255212484,-0.29266097810492026,-0.40120203873353105,0.747949368215275
0.5671209348412581,0.11751089760137907,1.4716016429737062,-1.8343064841956447,-0.36975971945423725,-0.22536465314349602
-1.5360039336430156,0.33331680367860733,-2.027670655493365,-0.4338107147988776,-1.5949520748007127,1.3510950756083613
0.5445662713186078,-0.3094845987672163,0.9000850950003741,2.3551785796720615,-0.20971201746221427,-0.6773745966553462
-1.765667644707304,-1.6654930468160505,0.032103634937925396,0.8881684098135234,0.502523262153047,0.3960939316396023
-1.4996928385646078,-1.5230727278655725,0.008566617797205628,0.8928359254718579,-0.9759749363934817,-1.2569278135208486
-0.8766715817385593,0.07758505915357608,2.399699836829112,0.3620258339314247,1.9692410274954872,-0.9127890702024316
0.11068200921953253,-1.7923236626532932,-1.0821659064241005,-1.4432939453070066,-0.3658365700011862,0.7470169676499905
0.8806513462934232,1.7305888440831076,-1.0226806291551147,1.193152812319245,-0.4060073071759932,-0.7702572252749932
2.396589317960109,-0.33977077980318593,-0.14583044564549674,0.0899883836350854,-1.616440101715671,-0.9024604263945063
-0.9049885997646115,0.09567051323981782,2.3613179499700068,0.31620465236921563,0.9852316925512983,-0.7655222209581024
2.526807003478132,-0.5434085984346083,-0.28383489184036526,-0.03253913365417652,-0.065313943840646,-0.01925493593851221
-1.2030592088380596,0.5440707202416987,-1.7002741514595554,-0.04558813587670333,1.5370264487486134,-1.9952235643262872
2.521172612005221,-0.4996424754193108,-0.1537704945757051,0.10476167040596882,1.235084559749352,-0.6135992901290623
-1.0056470176551937,1.9971322923642874,0.30351911443306756,-1.044131426790912,-0.9221865227402849,1.9516519518653717
0.30590297086111556,-1.691953283787761,-0.9445261892335558,-1.2731271019602721,0.993820919538597,-0.934199947553941
-0.6811911458072312,2.077160023459535,0.38713634646322226,-0.913823196462121,0.4465113790282733,0.025280864856359584
-1.4363983062125283,0.5667349131683967,-1.7513613916951052,-0.13285541312232999,-0.546198904969352,-1.0181412869656865
0.7146342346220992,-0.42673861630406923,0.8280606846030926,2.305425047029182,1.1842128364940054,-0.5686149291986055
-0.9400488280135199,2.1178522791425314,0.4458281205792569,-0.8872247687568299,-0.33166662199745445,0.6724451653855537
-1.0513442391539578,-0.05815203056366378,2.2872584766195434,0.22316607732035032,1.6261126178323562,0.7752352408273736
-1.7419870005274225,-1.5351112440103574,0.12883687179442688,0.990032673183318,0.07320091934751766,-0.6194832248758498
-1.0629630287468799,-0.014260768240144087,2.1703062160198003,0.09405515754672175,-0.8956623123778084,0.9815429439033175
0.25633294184908634,-1.8392150599919752,-1.1542242262019955,-1.4992494125904299,-0.15752544745686686,0.6193660749911413
0.16503384237125465,-1.8459017612009674,-1.1169039801952707,-1.4711373360184126,0.1480821607277468,0.8949233833512363
0.11016522760314296,-1.6963075665750864,-0.9136780748118802,-1.26612774669571,0.7394857616221715,-0.2359330550567077
0.06557881809963195,-1.8524080188461984,-1.1294183223769376,-1.497714405143513,-0.3480555038602264,1.3587774502488144
1.043320863615941,1.814228032698876,-0.9984185642935238,1.237714844409168,-0.6627368389932885,-1.8865209603478972
-1.4637961432594648,0.5149808203879833,-1.840494706559157,-0.2302652418861211,-1.228594773827388,-0.3840715339472229
0.7534275950372616,-0.035020392485702434,1.2271918797355748,-2.0657856973716546,-1.0144822349477025,0.5287897371851035
0.9061379654423968,1.5554755104782854,-1.0494638619020227,1.1749496638844492,1.9883866278282787,0.042322983471158745
-0.6648176612289514,2.0855234352655017,0.44383123102921895,-0.8510010277400303,1.2552290382134643,-0.25759141314493295
0.4222398922147442,-0.5423901820283058,0.7703552917082108,2.2087513514620305,0.8937716179103127,1.3179644168961366
-1.5291702391285509,-1.7056876344799912,-0.07730298041097612,0.8040093655573738,0.40280004114661067,-0.005282288756437477
0.6439458156592793,-0.5473449234690069,0.6854362335911707,2.147489377231268,0.5664019160384783,0.7311942764780186
0.6918257232691188,-0.33895376041860686,0.9394868740964527,2.4185726781895838,1.4490871221283672,-1.2447389068007377
-0.7976446229857318,2.1321284360672315,0.5166842607337017,-0.7924531395548021,1.115673018789943,-0.18184482715276576
0.6674536616378401,-0.015645589985539388,1.2345661159859356,-2.0702220821119233,-1.5495986746907997,0.7541336268136293
-1.3918102080981771,0.591919561504343,-1.7788742516770768,-0.15746670374965913,-1.176416630967761,-1.227269232659672
0.7910208857441764,1.8024095716237918,-0.9774266976100472,1.2268080925734859,-1.1832420324909756,-0.8980061741327391
0.818324547651886,1.6708925449763294,-0.9723420831096754,1.2413313068974978,1.0354655639622568,-0.3993573680225845
0.37993409856061905,-0.29708050655631485,0.8962337795361929,2.3283692853789364,-1.1294651596136238,-0.07235046682593456
-1.6015889708399593,-1.765161955270603,-0.1262481584164991,0.744066951633786,0.27413015002932856,0.7170363204705399
-1.7282479555296963,-1.7361494580424024,-0.06571499267218535,0.7909181070298418,0.24181477339617038,0.8904491727678677
0.08289388050807167,-1.6171521218972875,-0.8582086591264588,-1.2133944953359075,0.259500759015278,-0.677392441334788
-1.2967122942108043,0.2668861902637886,-1.909311455905933,-0.2716183645042138,2.2216512212465847,0.34592502390251906
0.21283559633201812,-1.6549687132892381,-1.0235477609484738,-1.372134621254127,-1.1695333424898804,-0.492204344171553
-1.180496425311794,0.11927645641190723,2.3076174858584126,0.22041278524405605,-1.3240792693415402,0.3822356311160537
2.5112756568726566,-0.3510560325210548,-0.046415986113816345,0.21278169346662532,0.5515662026323128,-1.6159037960761362
0.664685696080397,1.6568638864804723,-1.1425527620221576,1.0382077647470567,-1.9881434424167341,0.8109764455243991
0.8986071481046519,1.5992771784399875,-1.1168336280131648,1.0997055356952163,0.24654683848555795,0.0767987389612728
0.6605937395832947,-0.5128089124867525,0.6625429513827316,2.1237016680956935,-0.2507013754030641,0.5738372223672217
0.4232334380231784,-0.48132072926985886,0.8148742038707589,2.2542548566663783,0.6394988096950964,0.8847352628474839
2.517643428727697,-0.4035642094734876,-0.1334568239410835,0.12219772785770908,0.050203022090879186,-1.1184984613273974
0.6292828373142941,-0.2939252150343144,0.8193788136837804,2.279167233176943,-1.3457149017513312,-0.8323187647217073
0.5252501526471572,-0.5359684289540402,0.635102473756487,2.076925955678087,-0.8650825124435128,1.3055790538268583
-1.0350690588443132,1.9628815645430475,0.3256207761758423,-1.0229260604357995,-0.17357104669951723,2.160711532947111
0.4428810078996486,-0.5690383960233842,0.6045938084433279,2.0343874467832914,-1.1583580600831418,1.8842251906254999
-0.8519091895102194,0.0770286390967089,2.3025760582875248,0.2609508772894113,0.585968054157846,-0.7024412553725761
-1.4336999418514875,0.3048516280963011,-1.991054795891108,-0.37950455602503014,-0.17717947291353003,0.9656854824210118
0.7915404925251562,1.5754878578593277,-1.0931926054136252,1.1116865170451642,0.541788783271381,0.5388051603579599
0.16410284222361785,-1.8109714598200253,-1.0915574797599896,-1.445438309908784,-0.00525201252670422,0.6534299357556093
-1.6463084869362319,-1.6943408157567699,0.02044725426231269,0.8928819533897768,1.2537186420301876,0.09694061359477256
-1.5505537474359536,0.35982557732353365,-1.9601900105433436,-0.36429620802747537,-1.026199523077793,1.0707523131975216
0.7245101401672019,0.03544613914046996,1.3255373964090975,-1.9668166313320672,-0.708189425829201,2.2177031075751806e-05
0.32293473019294133,-1.6487001695436687,-1.0103737962805877,-1.3434057995670345,-0.6163277962214206,-0.9991398508039788
-1.6447346880230862,-1.441287125620622,0.0567377178348491,0.9217613629359533,-2.087380823757353,-1.221717661821607
-1.7717811572515862,-1.7439063144365008,-0.12409298280910681,0.7226054846012717,-0.712518403125016,1.2832488906852353
2.1403313735042793,-0.45622767437002243,-0.15196728198995021,0.053660206832032396,-0.9551200862917776,0.682572757068948
0.7761669265835759,1.5147361488626532,-1.2372609772084981,0.9571952480847117,-0.797071543341627,1.3408088595402394
0.8613769421226721,-0.1159742074820853,1.275380453187725,-1.9961287630239641,1.414089333176323,0.33313720357809057
-1.1626211899573529,0.22360577878602952,2.3849378113579607,0.30168803638821534,-1.6732700368270657,-0.4258982429933767
0.6539125178136077,1.5261955243895107,-1.1891569545556147,0.9919931915606132,-0.7316006676323636,1.6190252459073387
-0.8871934754694777,2.1515830768995143,0.5238369568923666,-0.7976122095731649,0.5613898222965582,0.05796834802718717
2.481005632357054,-0.4725667018312767,-0.23586484273799638,0.009976385653000151,-0.6075611139575456,-0.3243996790608105
-1.549502298146781,-1.6179597869104847,-0.015052483688113688,0.864617231815215,-0.07706596733526781,-0.5361434610755573
0.13499785052635685,-1.6095883776050801,-0.8486286929834502,-1.1963896456104524,0.5017680233687373,-0.949595757826036
0.9494149996581877,0.1438775637868977,1.3727093727868978,-1.890258033136571,-0.7425041591021521,-1.5520818474650293
2.4536624778641785,-0.3323163100233679,-0.08661337537655442,0.16103816688141512,-0.5895130905466285,-1.350062369668917
0.9882202369231644,1.6583674992683843,-1.066822904365822,1.1631238629064886,0.4674034483441237,-0.7151130713948778
-0.6440928421615513,2.03269292178765,0.3083509487258922,-0.9917230448670838,0.0728228016461169,0.3369906819302388
0.5104360436999719,-0.32618053019784504,0.7866096044298532,2.229254610576712,-1.834563609555169,-0.10603137919858291
-1.6749509870372543,-1.6151598550634088,-0.07215578176904232,0.7862168490690269,-1.5076707541225483,0.12688921645738
0.6162611791505787,0.0029541435769844817,1.2934249418257213,-2.014586856463318,-1.1402183638175312,0.6834154263610965
0.6787971372167426,-0.06826148498471961,1.246491946105222,-2.0537194069997518,-0.5082495105723436,0.920827862434715
2.4474556418869815,-0.672542006521753,-0.23603059928312944,0.013463699063532363,2.3395855474515663,0.7557880196216615
-1.1497622333594995,-0.0908652821240988,2.20642609337474,0.1243428340391809,0.48877426140897945,1.574124308400962
0.7705161445345697,1.759228913342032,-1.0597817940001837,1.137263540747721,-1.8657665646947204,-0.3531512466429274
0.904296237175409,1.5729679924665738,-1.1355342177600742,1.0814401856875857,0.38830561149771764,0.2377186824028839
2.3554211621523016,-0.5395793525998975,-0.24512662522490167,-0.014145128662942631,-0.22617321583143188,0.5191335873765803
2.205563468322315,-0.5798711835408512,-0.335497809338622,-0.1298389365506656,-1.6022173828369148,1.5875373740815564
2.276470329143094,-0.5029049396814498,-0.1752859050970219,0.048822242863530284,-0.03978929673108248,0.4381349526649247
0.7411539442705775,-0.05220104091703537,1.2137291759446467,-2.0812104845937145,-1.0061154929173086,0.7010974633010363
-1.5726068971967386,-1.748352752539381,-0.06242086249449191,0.8159098088473433,1.1133624879466506,0.3218160769654319
-1.5641564861672002,0.3688567433704428,-1.9546819324453648,-0.3605742522543715,-1.1362156178041463,1.0644932346361033
0.6114714313225489,-0.11039309118289851,1.2598936439839188,-2.046648237537894,0.07423295514929829,1.344615816478139
-1.0375366123079046,0.17717879373705805,2.4595924614690934,0.4006961631346215,0.6988285851856959,-0.9361662850984361
0.10420007785318519,-1.6699956192416066,-0.99365291303476,-1.3539989843420732,-0.9197884458749926,-0.08516344240394924
0.23333974915903885,-1.5768751285479399,-0.8171301855852284,-1.1506221757766377,0.8806807228230068,-1.5928907248655229
-1.3662374291431432,0.32079804691917974,-2.0235011621073724,-0.4059634932477672,-0.6476714599287369,0.7252900244946526
0.17871870252509284,-1.636752029183386,-1.01295990977833,-1.3660878822662585,-1.4266207582984978,-0.4767489292236543
-1.1552581314822605,0.37717790760537356,-1.96596929451201,-0.31801046460140586,0.22388424205376756,-0.5578447452103297
0.8115699963815576,1.5314036540284481,-1.1237066077692601,1.0833765277044822,0.834604330884033,0.7643138843735999
-0.9432632386983735,2.0568307228121885,0.35184241980288133,-0.986217621753582,-0.847318548228951,1.2699492540692023
0.6532835349401446,-0.27700646563897097,0.8335682502972482,2.2969626933906806,-1.2912076460080524,-1.0520910587559134
-1.5059667775172054,-1.7323896692288128,-0.14424735310252873,0.7362442309347283,-0.11955639395779039,0.2400353168906958
-1.3106610107955718,0.28464905648497413,-1.9961320898091137,-0.36757532249374886,0.5566591692836396,0.5903230826095732
0.08082743277832649,-1.695657474174678,-1.0634836377535084,-1.4311796793785654,-1.6918604371004828,0.34866835660535445
0.922281792450501,1.5202054624640025,-1.07386761343079,1.1523259761953364,2.2232836406998233,0.22224336306261003
2.305468142303702,-0.573373265941777,-0.2736264419143197,-0.05013057840178895,-0.3456512687392936,0.966577267121093
-1.5284960086349015,0.30696869975162316,-1.9969293706247566,-0.39866798889432703,-0.6854240261647763,1.3493672741169025
2.1901787501142485,-0.5882532734961374,-0.2934730990934508,-0.0863804410960888,-0.8895984702492448,1.5558354594654862
0.3285162927645147,-0.4530232880799661,0.8280576663020144,2.254522801970089,0.02042039485190837,1.08415141000995
0.28351828181450217,-1.7874562215341998,-1.065104079922131,-1.401882541026181,0.5237311285177267,-0.013843607944939303
0.5937253952643788,1.5799073457843453,-1.056122177206577,1.124737734206899,0.23923032658646706,1.184164622599011
-1.218467324128418,-0.028240958200307455,2.1972965749401183,0.10271606950111342,-0.8972021091750687,1.5782826054065018
0.9368565793483641,0.14416143368522233,1.4705894395112684,-1.786715991049614,0.706199822779213,-1.811824557783543
0.7481513926368321,0.05237121405214856,1.290375397815562,-2.002134224903398,-1.4136269922197409,-0.06300917483826307
0.5381228533912477,-0.038935985397370976,1.3061565745253492,-2.009701504640922,-0.6157072395164985,1.1509668560797397
0.01120697498776814,-1.7551942885539231,-1.1122554048799616,-1.4905564101862636,-1.8055275171620435,1.059661108251545
0.03828642340823564,-1.5637916435846952,-0.8228667199493496,-1.1835812370692353,-0.20217396812521346,-0.8647386754737353
-1.8133506660910763,-1.8040678860852815,-0.12179725398838244,0.7219397642452922,0.08222600483986278,1.7254208834476255
-0.9719849075939407,0.0448007693879209,2.2697306917743094,0.21078982231883148,0.09053052691114917,0.028820133379555312
-1.1716044540201993,-0.003107112133631998,2.1699246840777886,0.07856463382216558,-1.5152237545237068,1.3599476469753653
0.4263567781607181,-0.41157656946331805,0.7178886691121743,2.147539545709848,-1.914493896475853,0.8474288042280911
0.8862257898604894,1.5908280147287317,-1.0746227975716744,1.1437711732919043,0.975268121086053,0.03294089244677107
-0.9661861886510547,0.2017674635090129,2.4830672405924066,0.43453538219118554,0.9701134547794652,-1.4088993583214855
0.69691430645212,-0.05993701472441626,1.3032948879585895,-1.9905447449200215,0.30981683004688226,0.6308981180628358
0.7863802867959442,0.13879633117067763,1.5042424358625988,-1.7705668387355122,0.6945317561663242,-1.2967508619105828
-1.1832941819042035,-0.002840940723081256,2.317187744398078,0.23532267622136205,0.6961553542373807,0.9414028445788516
2.391336747815087,-0.4356546256132656,-0.21601748748108443,0.01773666653557778,-1.2366591869263266,-0.2067314901983678
-1.1145746687161933,-0.10910587742117236,2.1959045923819493,0.1185125357686786,0.7516020274175554,1.5543354129748312
2.2436896845715166,-0.6069013809515842,-0.25352992862912394,-0.03546620090152767,0.2294868360481442,1.3065976390177751
-0.6295333350341603,2.1894656639876904,0.5715595695153368,-0.7131660635600593,1.7573939482680365,-1.2914737191372703
-1.0499708279982227,1.954486986993322,0.3183462549384046,-1.0324103251512942,-0.21638050019804494,2.282341016926023
-0.9391016469907042,0.00042950381496200426,2.240013245195508,0.18507827522258402,0.45226087317595876,0.2023039940649821
0.38598754675353525,-0.46303756943472923,0.7266098286984191,2.1535882745514257,-1.1503999239636602,1.2234273363575776
0.6027193090668695,-0.5638772685521365,0.7195084623972055,2.1792520360009116,1.177556988136696,0.8654009633395915
0.19700542760718812,-1.7418855493461087,-0.9893809344496257,-1.33397205668015,0.632485969443394,-0.1255507884257553
-0.9610426767613721,0.009650292009594654,2.3436629142100087,0.2931953903766133,1.8135747804653133,-0.0807785325986771
-1.4885573844495725,0.4980790561406229,-1.854731274558536,-0.24821444925448624,-1.2871796473153696,-0.16122098226690842
0.25778984289685986,-1.5686971967114292,-0.9079222686880916,-1.2452884569534899,-0.5413522890367348,-1.4425943040065454
0.5406400155260301,-0.5363121293161511,0.6360561937017365,2.080037082691624,-0.7825705027275232,1.2432894424149097
2.3811730546580945,-0.5139689312376436,-0.1258192968210409,0.11655693188097224,1.316672670290077,-0.0796141908210603
0.29625608781574714,-1.4997389428004748,-0.9040592600371722,-1.238778266805377,-1.3898203624576628,-1.9335214138676666
-0.9753830553919718,0.18451469767188147,2.371136886827739,0.3136517993017088,-0.5210591220300674,-0.9384725280015477
2.28035787699095,-0.4768079259022343,-0.10666268469502924,0.12206394163855824,0.6278142827635564,0.08316799762120436
-0.856905858621124,2.1683597191798127,0.48908683787964824,-0.8315862119817149,-0.10841358110568831,-0.031963792868754726
-0.8111738017518793,2.1673400913879197,0.5412500437371996,-0.7693008894710486,0.8947943167274176,-0.3723478496340375
0.0003632833687343813,-1.7200392040882928,-0.9888648801605321,-1.360780496518701,-0.49597276060282497,0.5477165104673378
-1.43486757604701,-1.5943360793714048,0.06043381208988324,0.9602469484822702,1.184303261003259,-1.3393534253921708
0.19745592500070278,-1.7855307951261237,-0.9717791005854737,-1.3131996360386702,1.5783472896878707,0.023916764000300975
-1.2332480164241997,0.29164927865214557,-1.9356545465933221,-0.29241375417433885,1.6926372247925023,0.06039679407468979
2.331494144362065,-0.30340750596348787,-0.12446024132615482,0.1027163459416118,-2.113787405225263,-0.8842529616264835
2.4778255975937777,-0.5859498861618352,-0.2692963856002993,-0.021759584997895355,0.6155206041937507,0.33028548723147183
-1.259260618763661,0.38823136662259755,-1.8674050281018217,-0.2264824262469081,1.1452295912912425,-0.5087881007538334
2.4558298018055518,-0.4807318297328478,-0.243776054331334,-0.0015848247899752713,-0.7054544535525903,-0.16118650475824417
0.2007179930594604,-1.7419684617216347,-0.9891508643217927,-1.3332215455963934,0.6523907105759261,-0.14057718997225158
-1.1080261036022978,0.06529371936113373,2.2740022267641065,0.19623212497022524,-0.7130191335406727,0.45680847519822265
-0.8736852809300236,0.07751326056239286,2.2518974193969865,0.20350835629242414,-0.2888010869769338,-0.45901763227640824
-0.7240179797913726,2.2526640183306643,0.5115033149763373,-0.7930446662828333,-0.5248159354824807,-1.0276880076401345
-1.5053060113586723,0.4809983469311461,-1.8684712955702298,-0.2645438721624635,-1.302805274667857,0.029198960129486813
-0.861611783229071,2.002641242424961,0.2694669614646894,-1.0615826667253003,-0.9450518795166255,1.4626480794162198
0.7263123336997904,-0.5142765996762382,0.666615575971785,2.136986964726127,0.10164570650015335,0.30784487907768004
-0.5569487181891467,2.2489311742654667,0.4725275470705723,-0.8123112864422394,-0.38709979809251327,-1.548605415343071
-0.587041821187152,2.2234262144422474,0.5995969917603519,-0.6786889893711398,1.8368674955773212,-1.7087173696128362
-0.7391981150266566,1.9824526347502107,0.26435091959557444,-1.0497798327707664,-0.2145655540391821,1.0898163961213256
0.5319076592354613,-0.2568410348865931,0.8387486048514018,2.285369653655858,-2.0161298969170645,-0.6834597826978281
0.13022122245436255,-1.539667788550556,-0.9461037939784315,-1.304701969139233,-2.094579982442727,-0.9549275358513497
0.6859511014449949,1.5516604398536347,-1.217447516220818,0.9648449625718433,-1.4291020120164044,1.4606907599540224
-0.06050347211293082,-1.7797715140789714,-1.0370941745858004,-1.4183876287317914,-0.5627072867068188,1.2232791403815566
-1.4957582360884454,0.271331464587446,-1.9216464641047575,-0.3118563582787142,1.1544759761258097,1.1515523690105924
0.5899952187138888,-0.15355205368515323,1.1774783448709376,-2.1363891764878495,-0.6135000742417429,1.8934027202578707
-1.6001310570540586,-1.564466537368781,-0.029412848706114665,0.8401728676081289,-1.3290412887625216,-0.5438327041250638
0.7236738112281708,-0.37457623215618924,0.8667271658148834,2.3460832840375243,1.0101641006450035,-0.9730945393296243
0.7294703354261979,1.5332371780449798,-1.128794377866214,1.0667797279142053,0.3944309469010158,1.0966076818045383
0.3214451709875141,-1.6923003862833121,-0.9435630288486797,-1.2699851793165413,1.0771496780811927,-0.9971061354764554
-0.975593662612146,0.10597300489843722,2.3139643963214973,0.2553629526043852,-0.18841729585828304,-0.38578146483259895
-0.8352075377956579,2.159144351381256,0.3854221280318566,-0.939752391793551,-1.4710287607327026,0.2521010847100373
0.6741694543093327,1.534473909367152,-1.0828922497611349,1.1086408072006433,0.8559556064650458,1.1651488049771315
-1.2761623637314696,-0.0007669243413995577,2.3114326419657285,0.21654897359289138,0.1982470634652092,1.3172816294701617
-1.7555965907063373,-1.779175570344464,-0.09916504952812684,0.7530304229847339,0.2806147070304464,1.3077182713246513
-1.2907704567264537,0.38020599357501633,-1.9250379224626277,-0.29236447394723525,0.2553591013526254,-0.16465227687588568
2.1757055497490194,-0.5006562712666085,-0.2308595250385977,-0.02458818134707034,-1.338052489819599,1.0012608836102006
0.1079040748989154,-1.5828045666544805,-0.9299128860767188,-1.2885321259081457,-1.2707862956804095,-0.7133092106862504
2.2725647433148337,-0.4417243731377577,-0.0817414351969776,0.1463757579231881,0.4376891106008818,-0.1305513473518006
-1.1237232234420234,0.5772067246353599,-1.719282613184183,-0.056703183598274955,1.0560221841773343,-2.406307049919529
0.7595797626609176,-0.23574348250568522,0.871910741493338,2.350809973031339,-0.90673385886097,-1.7888961337010076
-0.7738615494943923,1.9745044984314626,0.40383923539611244,-0.9041378319772909,1.9107267968784076,0.8255717941228685
-1.8293003961875265,-1.7338926633770013,-0.07197727901807745,0.7704899212565924,-0.29997302750943633,1.2994532886814898
0.26422785775985086,-1.7433868215645354,-0.9852151161503121,-1.3203827531230226,0.9928957959340103,-0.397629824173662
2.4466847041916884,-0.6376203856162526,-0.35866166013353085,-0.11992608871268276,-0.08694348130628274,0.9795050520247734
0.6847527851647718,-0.23407237864572827,0.8672736643833932,2.335683377501421,-1.307915100225761,-1.486038116833028
-1.3644810214504466,-1.5697292874794144,-0.014809460695266846,0.8878105364605179,-0.065614955445989,-1.497613076470782
0.6908091439433731,1.473007251340698,-1.2249767390097406,0.9606211556286285,-0.3112671899187429,1.837580638215478
0.45016408287798243,-1.538085665039784,-0.9199256752785384,-1.2335523350336772,-0.41630738773745585,-2.3111938187033325
-0.6338150876787199,2.0935584350629854,0.4521035297262863,-0.838261916123603,1.3843621801841193,-0.44438800466471157
0.6233759249816828,1.5792400574735015,-1.2022721948002406,0.9716105451952968,-1.8758528068926934,1.5300140815965206
-1.3462349058317995,0.5647213024167016,-1.7457739063515765,-0.11462849370370762,-0.06279216984798952,-1.3830726198501089
0.9310397717000383,0.048291890876881516,1.449696591659523,-1.8060413807888822,1.8409732795438714,-1.2690980097194935
-0.9453226766540129,2.08305884812818,0.37076794142150593,-0.9672185221522848,-0.9696171213398251,1.094338500234992
-1.375661689631009,0.43446952954597057,-1.7935340751134838,-0.16461397352710685,1.0937401959390263,-0.49952439174703606
0.901312653307896,1.4508547453946656,-1.1259754750591162,1.0963125108814942,2.4075439310777345,0.797638021394481
-1.3594486206228042,0.39919623321802716,-1.8672626958236522,-0.24026405404771858,0.5709907722495056,-0.16459815733975258
-0.980475819485292,2.0227556823186004,0.4227904568262282,-0.9135467561061025,0.6175459986253321,1.3552545015956978
-1.3249500864611645,0.4682447995792139,-1.814316408669487,-0.18151556330500665,0.45926768262824097,-0.7947522872151512
2.2456174538916027,-0.5284014412751772,-0.2949093447634219,-0.0829110032952686,-1.6099838565338858,1.0575286739453202
-0.6828609061459978,2.2779252914138017,0.483777832146816,-0.8183495532724921,-1.173428934170982,-1.2229290732105274
-1.8405556169606385,-1.7161865468676265,-0.05997267490310704,0.7811582458368701,-0.4344886827808388,1.222377357462674
0.9361480514616226,1.781712003603931,-1.0304643292226703,1.1901621674017993,-1.0889960566091108,-1.2074833635004203
-0.7355216070712989,2.2005566635950364,0.4726841349203621,-0.8342010217393055,-0.36397808882345856,-0.6132352898744494
2.40682055897311,-0.479632205100359,-0.09882570894772055,0.14762891705228906,1.305837870533584,-0.42868265243205755
0.8102223605577317,-0.03628708271078829,1.2800406489390894,-2.001264000697124,0.048037843305682566,0.14362998433519789
-1.66588631482709,-1.7026309633259433,0.012882954583203148,0.8824524032764911,1.1858387244883897,0.2374961844372543
0.6617837865944455,-0.408106961368592,0.7388292847643196,2.201603936609057,-0.6893489777889609,-0.166764282778383
0.5736128497252605,-0.1444588104167953,1.182814167449959,-2.1332291349338295,-0.7384190229187192,1.8983940400894688
2.3811690394717084,-0.6012477209878249,-0.33731751392613896,-0.10728313049610208,-0.5865452277444289,0.9994144311499111
0.5845790594337861,1.4928378364381052,-1.120199469485874,1.0581706835656939,0.5610493387226584,1.834337953488555
0.30830966452140535,-1.7880081832169736,-1.0142385814433121,-1.3438304659187503,1.4146666088808575,-0.2694714543045306
0.2998748308131312,-0.5745686259863884,0.6880388929270196,2.1050871054873954,-0.37195778765387455,2.2137779029547553
-0.803202924687094,2.1060670331383173,0.3986283424605206,-0.9190729788114674,-0.3189059013572759,0.3351705188510397
-0.8873523583558285,0.18254701444508106,2.3272630469856708,0.2784071931610033,-0.8071044475422396,-1.1394857551325974
-0.7079779249627989,2.278486227435807,0.4822213139374385,-0.8234270667211497,-1.3080926226625569,-1.1212693408114216
0.5613625241691304,-0.11800309296524779,1.2011081530477055,-2.116290167118978,-0.9153555498128328,1.7640303352753535
-1.6571846031509325,-1.7551912639371752,-0.07401324745517286,0.7923402536468722,0.6969888500571034,0.725455027968984
0.7816766071430462,1.5058908301394451,-1.0952831069937459,1.1109584169719364,1.543607031841606,0.9139658157007288
-1.2328184200752557,0.5185497939522675,-1.8198298160462132,-0.17710029314826584,-0.02730448403660051,-1.3802563871289588
2.2485560171168304,-0.50227983003437,-0.12768661325635708,0.0962196349538231,0.5685671359732719,0.39583046532191474
2.318483161092261,-0.599844359276881,-0.2425438788147027,-0.013874569788920911,0.5934027983605714,0.9425598107904098
2.425644507491746,-0.2967827798192384,-0.1122746324914762,0.12822105498746714,-1.6460904262450085,-1.3266367084955948
-1.5231959724840212,-1.5050896759851902,0.11847053097010922,1.0071090624985126,0.33987815944120303,-1.5950032154795453
0.8993771120585222,1.7738075301177951,-0.9897649371994841,1.2292973462030035,-0.49103834048053385,-1.1526257409527512
0.24847235492356687,-1.6295824535899486,-1.0022861811862476,-1.3455150732896046,-1.0897255706490157,-0.8203883504845906
-1.141226705685191,0.048580430567886655,2.2592426660082645,0.17657686447733367,-0.8168512346006558,0.7138168692657142
-1.2183802170878517,0.12012251157523438,2.305269802314844,0.21275441369797066,-1.527191397091281,0.5355681648179169
0.44632198646772553,-0.27238100893958966,0.9194010270485492,2.361205306476676,-0.8847866867903482,-0.5249979534584901
0.015809636551412223,-1.7465680000631987,-1.0562899659737095,-1.4301137639940762,-1.0599185595028504,0.8244305797155459
0.6877480976266607,-0.10336919344631189,1.2709716080467075,-2.024756773227451,0.4461009681576342,0.9745748603487729
-1.2895109409438017,0.38890354034929536,-1.9679379808112767,-0.33867843986202756,-0.532991404748207,-0.07577939347866856
-1.4929708224126423,0.4196329267299658,-1.8628350571019976,-0.25431252587418346,-0.21905342183989135,0.2531946959124842
2.5565699552833725,-0.5004364048390373,-0.2502352181918008,0.005836614887774837,-0.09116963497683225,-0.44629584635642144
-1.2354622422149584,0.13796045949751393,2.3662424756776397,0.2752852151013782,-0.9349295094768892,0.3267897912000528
0.5616422962140722,-0.580412952264911,0.7535899554288074,2.2110449155733867,1.7895135637305897,0.9990025826302399
0.5076523016090185,-0.5617524440656056,0.7629462574451801,2.213074221708056,1.4258774737038882,1.0948932643513907
-0.8558791155310425,2.0199696719553506,0.3318534763778176,-0.9944397769808538,-0.23047011349453472,1.1615285094052699
-1.2914716126383814,-0.0789731225068386,2.2039953185296612,0.10216748109952198,-0.3080794258770994,2.0863697104712036
-1.300594695996208,0.48515562765269754,-1.8001049915070206,-0.16364840040736997,0.5156766069709652,-1.0159601807275604
-0.731555044479001,2.2964675277524207,0.4934623218665868,-0.8152496670009192,-1.5086715454764539,-1.1484730742981761
-1.3729965612274706,-1.4560815031040555,0.11655562001240032,1.0232629771840651,0.16463341438253132,-2.4155332731961274
-1.658868293479109,-1.7464262848787009,-0.06776653807244055,0.7984716963500614,0.6508761601485774,0.6709542659519806
0.3153207750188753,-1.857985482511926,-1.1139416487149192,-1.4472279937504813,0.9909239878998781,0.3479608125570649
0.6288506193833836,0.07249540755212465,1.4436718282975523,-1.8541866025477525,0.14662934151456483,-0.16863508402777613
0.5911969288664959,-0.5112556761542735,0.756900705594401,2.2157535849493795,0.893266309708577,0.544144726244666
-1.3077173439794108,0.47658731972055596,-1.8068974354787015,-0.17156008229959654,0.5145745375258961,-0.9258162556950502
0.9392087457009691,1.703098955100839,-1.0381049348677425,1.1855750187728646,0.01920236923346672,-0.8233188184334074
0.6386129071842833,1.5265389110951857,-1.1407759213556983,1.0419406998275487,-0.05561112003798292,1.5256634584260795
-0.6456334657955908,2.2858229737843123,0.5417650500957523,-0.7513116676429531,-0.25290379399460144,-1.5902065737710813
0.7421869924335648,1.4893162913358875,-1.1597615621605946,1.0369914151110624,0.6480390178124015,1.3517147454627485
2.4796178597465666,-0.4899904635569662,-0.24865294148527756,-0.003247774450782427,-0.5408302597020688,-0.19615193746612825
-1.0889830197527985,0.10850531876084793,2.306937583130555,0.232440806070371,-0.7963488811957453,0.07315563227682058
0.30568380275114543,-1.753040030650611,-0.9889971126997786,-1.3184740633802252,1.2522455165437727,-0.504105044037801
0.622670560380906,1.7101715765384546,-0.9590626945180637,1.2276662431406886,-0.16186654039166715,0.14727961129663228
-0.6982835787029972,2.0339065622938706,0.4036510333757286,-0.8965971546772392,1.29831712217835,0.24575244891978126
0.8859032708968569,1.5472000326504118,-1.057068868040629,1.164387325349996,1.9169849513065738,0.18553718545230777
0.9152214412612739,1.6861833104738795,-0.9536352211890753,1.273863046848973,1.4808022688430875,-0.9141729484695138
-1.588513856439484,-1.6519997568241414,-0.09220341094775449,0.7778032552182942,-0.8958995745083094,0.0223013713866549
0.751645791458999,1.5152854790087071,-1.189451407958972,1.005278585488724,-0.17052275585909,1.2847706779907522
-0.8177342839056394,0.1722682670442082,2.4238845964665057,0.39208975937347107,1.1192705242546335,-1.6705178387315505
0.7858676956300897,1.7937955780354735,-1.0334262531333946,1.1662541546655445,-1.9318026224980702,-0.6605474120024483
-1.5918928921123805,-1.555919738294941,0.07610704489422353,0.9543908368539301,0.19407691963885265,-0.9490638377095958
0.17669297119552554,-1.793794475389571,-0.9794168432985475,-1.323868764455902,1.5041133765499706,0.16926906586359713
-0.7314585727055399,1.9910088675776243,0.32051075306971955,-0.988703052633421,0.5478616389464471,0.8418895177239636
-1.7728570661457468,-1.6740615654414643,-0.024022107182564763,0.827202838980138,-0.25695448417581895,0.6417942264552235
2.3877602733299277,-0.5053903675515599,-0.16838919391043972,0.07131998403379278,0.5568863870166942,-0.012304887638777207
-1.3245571998197643,0.2587806705647708,-1.9173880718396275,-0.28371913995681747,2.109447764088634,0.5199411305942115
-0.9504804281433632,2.205359020693629,0.508692155264302,-0.824615482126598,-0.7584517962691227,0.10151243805575326
-1.2587829219501117,0.26603741521720353,-1.956290107863473,-0.31699116906680974,1.6669900523579892,0.34769411368027564
-1.8274563283299363,-1.550657220261686,0.1108381836581838,0.9598110648399384,-0.310867441019254,-0.15092007949589215
-1.6464370568472129,-1.633251408709089,-0.08309085228714182,0.7790374468728147,-1.2806233582954818,0.1341114841631783
0.47166093462614694,-0.14217852399603237,1.2751544603877067,-2.0477583725367814,0.23100603564449543,2.0004665127265526
-1.7924682742504303,-1.7259912582132266,-0.16200203967309074,0.6783267203681312,-1.6556203906390137,1.3996341411890796
-1.4866034451515107,-1.7590025388547406,-0.11277138082669831,0.7737835784581298,0.8535338510911243,0.19032341552477816
0.7956937478494689,1.6713928506868878,-1.1217320091495393,1.077635222122975,-1.3599214034918068,0.15809785546514107
-0.8219503417067581,1.984300732455778,0.2592227095705868,-1.0665085515307142,-0.6582376377730694,1.4247514169169462
-1.4967009699835578,0.33244075622148633,-1.9759058647791,-0.37282506114913233,-0.6262134510323668,1.0367324149348256
-0.7074711260109819,2.1126547392924757,0.3615827937444711,-0.9462889661637696,-0.6007478059618627,0.04167210778326724
-1.3771930003949675,0.37341208664176323,-1.838086312924738,-0.21022619023156555,1.345129803206685,-0.06411866404245016
-1.4020323146944118,0.3477795828175689,-2.0066662484095006,-0.39378415956346297,-0.9508410129627075,0.6862216127254038
-1.4635467487724514,0.28806343931072304,-2.005606519750456,-0.3984818323923794,-0.26303036249914413,1.2091195776766122
2.477600132292198,-0.44630340922090717,-0.06903525701405508,0.1878245442053776,1.536976488310191,-0.9604206454487024
2.3319547239005143,-0.41687199579128553,-0.1576661729208433,0.07171634113973743,-0.8711867085749103,-0.24430297861296674
2.347296114875095,-0.5044883872401443,-0.2202259446314564,0.010099589858787193,-0.4180779268043995,0.3067576441867483
0.6409195723639711,-0.041231734866539194,1.3125269549479768,-1.988920705499555,-0.06456757430913394,0.7349028709987221
-0.7243219727940505,1.9821238111401913,0.363931124241371,-0.9406917757971204,1.3812275155664433,0.7190338244684593
2.287505945041914,-0.5642447405169873,-0.26838852233456734,-0.04728990593221497,-0.47904039072778865,0.9779628537507292
-0.7515855701942298,2.157278531771963,0.4399333966287202,-0.8698074607634846,-0.26467592866085327,-0.2416402718906548
0.09493879927720772,-1.6785161653376004,-1.0005778893537336,-1.3623429996125451,-0.9323566803950066,0.013636470640027066
-1.4537598116657693,-1.6811879344531038,-0.0042474400222942185,0.8917097222559522,1.4538701001122174,-0.6497341088273376
0.07376440887022384,-1.7129510871690596,-0.9779651152563991,-1.3394703351568271,-0.13952182132101512,0.1893141453120633
2.5205249552790714,-0.40363026427387505,-0.18260741399541391,0.06973985045133665,-0.69236548609323,-0.9748751713373472
-0.7617630220022251,2.1575041219086515,0.38997353307897686,-0.9249052668464669,-1.0772595213034735,-0.04516149554283698
2.1919130951909627,-0.6144741385433995,-0.3124187669320341,-0.10544525962194665,-0.7690428669747889,1.73276200859043
-0.943333264015637,0.1139833176844616,2.4209729635732105,0.37443711976678035,1.463494963037734,-0.8882412489505037
-1.4717369448463677,0.41043303711481943,-1.8185410683433083,-0.2034514236902283,0.6898943309784602,0.07328105782704997
0.9596319589453678,1.6851897926153245,-1.0002122322933467,1.2298004337262949,0.9608894494593178,-0.9386359332141494
0.9455139392187676,0.09160382551727848,1.433019649116041,-1.823796716187828,0.9751298324889943,-1.4789723107406556
-0.6118648692072984,2.2239788833034875,0.5487295309612024,-0.736747465757919,0.9457622431600441,-1.4529613596644801
-1.5583186243199694,0.3687263669501563,-1.9543201562992654,-0.35939410335784355,-1.1049162022570092,1.0408648144998955
0.8912390729053902,1.651809397011625,-0.980525619489605,1.243127676077956,1.5005646149669336,-0.5718440317562673
0.7802911932683881,1.5582809288047885,-1.2052501497739498,0.9903880260896584,-0.9603878117689949,1.0175390967819486
0.9732245593006393,1.6412476416071444,-1.0804542939549506,1.1471488062408715,0.4611761742910698,-0.53178809344001
-1.2465545178824429,0.48394534955370044,-1.8954144063618457,-0.25880472663132087,-0.7106249253308214,-0.9241125708806196
0.7676279709801103,-0.2708327318282066,0.8470052991390241,2.3265497211835586,-0.715241116266156,-1.5762091891154084
0.1508321849697302,-1.810675087478081,-1.0923798711360022,-1.4481210303849126,-0.07640200319839174,0.7071421806295135
-1.5380789891156517,-1.5309428309314332,-0.00016324603272772084,0.8786041919883902,-1.1446947713726976,-1.0402466060151678
-1.5665106703906149,0.36018534566220556,-1.862520551267647,-0.26144118787613585,0.40428355030960317,0.8247648527337701
-0.6225068977504542,2.1369393732449553,0.3859012293112136,-0.9096976579175308,-0.2564731776826976,-0.48616208006799805
2.217123789948248,-0.6499432721863261,-0.23760231838332901,-0.020155260175317914,1.0305010697315051,1.5654125309050875
0.48624039310308437,-0.4740004803189201,0.8251298351836177,2.2734637917446645,0.9402219041243882,0.5684027225896634
0.2616865840925104,-1.682236724076184,-0.8915860989265095,-1.2225534364885136,1.4776888973060365,-0.9718381015476356
-1.6534401406163535,-1.7989117754698611,-0.10553644455413176,0.7607381731178767,0.902492931781639,1.0168765482029962
0.6710496442079233,1.4909015911747594,-1.2628283108205685,0.9165299132174226,-1.249395802084805,1.9502114095968892
0.24983839288931695,-1.6296112592489502,-0.9528723667594455,-1.2921985324360672,-0.3243839495746429,-0.9812034208888817
2.2886992670689983,-0.5729987682262533,-0.27466562016409424,-0.05352047869784319,-0.43555678688341837,1.0344483541090788
-0.7032937525049109,2.2783816162522874,0.48251159519174447,-0.8224801410997521,-1.2829786572946644,-1.1402282675078346
-0.07180541471764135,-1.8231559956589836,-1.069549807327532,-1.4530314048141457,-0.4378737825446152,1.5756001459878346
0.3989279735200189,-0.4545974874711172,0.7830919644092716,2.2157164358621846,-0.36008843913830335,0.9544501683215012
-1.7841093699963948,-1.7261728310210558,-0.013496552406212564,0.8391376800363148,0.6632484951776706,0.8999436187137991
0.7007622143870308,-0.32170368933002397,0.8047552914432574,2.2742016730272416,-0.8512246635167424,-0.9376813415713776
0.3944463196123971,-0.37595440674780006,0.7413153520934403,2.1669759409790528,-2.233922946122119,0.7313229861857037
-1.3588567725311904,0.5039098419178933,-1.8403425933771302,-0.21552310442019032,-0.6288817190903994,-0.7474923777833807
1.0106782979666653,0.12505462157916186,1.3638038021944765,-1.890817009625845,-0.3398726010477186,-1.677410820152977
0.3973624053649181,-0.34110661809775894,0.8655585792849276,2.299533452859532,-0.850595804902464,0.16368645713902377
0.8644365605013021,1.6785850012694394,-1.1111209229627472,1.0980036854945459,-1.0284457845319608,-0.18145024831534848
2.422306300271239,-0.6370742430727737,-0.3108432457372185,-0.07181389758149095,0.5403705526631396,0.9228891738894609
0.9317311408978333,0.0919133373961439,1.4814946801743594,-1.7735425777849232,1.659251696330261,-1.578473311418166
-0.6448245989108139,2.189803758470394,0.4719536395076742,-0.8223380391605876,0.15937522393133427,-0.919010965789483
-1.3146054151952224,0.25855501441636547,-2.015429673495311,-0.38778812466560014,0.6467684303355326,0.7902340534264194
-0.9235710482452185,0.1397241020574869,2.4412507874547384,0.39784756058154586,1.4581921369607884,-1.1521739288252801
0.15278785158199507,-1.740899744312651,-1.0414502869311568,-1.395951220370397,-0.36260211217675414,0.2087034916151149
0.37308268634632386,-1.5276351341521641,-0.8690222512861006,-1.1896224727249973,-0.10864357931371195,-2.2158126791982644
-0.8912421027974395,2.282579049105466,0.47086431205728574,-0.8604747089751793,-2.290654698822667,-0.3795178052131976
0.3724655149398098,-1.7458074868727729,-1.0771658775087092,-1.4045828257067978,0.05717144125159141,-0.5251434872055675
-1.162312407704662,-0.09931067568122784,2.2486264621711936,0.1683743447345264,1.2165904446024451,1.5309497356371193
0.19473501440854904,-1.8203846445432645,-1.1453393927974245,-1.4987580828203282,-0.5619511035102922,0.7460494404223614
-0.8320514440935499,2.159073866637057,0.38561771323859095,-0.9391143738689492,-1.454107516127567,0.2393269715271392
-0.6317839838728683,2.2331494104422673,0.5045170189259605,-0.7873427829632184,0.04386352840596895,-1.2783691510698938
-1.753836325424114,-1.4650292972048304,0.12958179142354037,0.9863713543526429,-1.04503166192929,-0.9067608729808355
0.7332894948324916,-0.41843126899469646,0.736909491847466,2.209587315315829,-0.2688888966455149,-0.3948642429272978
0.307046791219817,-1.6745240738993468,-0.9317532083680938,-1.2599522578540732,0.925782127017,-1.0614603060194536
0.7283010361276913,0.14881568116528893,1.3590067947423783,-1.9349571724612227,-1.927996041048376,-0.6571354158773824
0.9600746386905213,1.6066301061682944,-1.1560025584833622,1.065562871000905,-0.219001506150729,-0.07801679669436934
-1.5044949227805944,-1.5142330001935829,0.16260755871688487,1.0574581426295901,1.23524627747833,-1.7646653740948974
-1.6617862986030287,-1.789996302208396,-0.05037345252929598,0.8185631597107885,1.5786774161394304,0.8340556443908218
-1.6785107670914647,-1.5278014754088651,0.13912158459628682,1.0093364749008895,0.3764400271148624,-0.9377151430990602
2.2024686015803296,-0.5885260396559732,-0.24338232874472474,-0.030855604331196752,-0.06568934842654892,1.3508068633509482
-1.1336812615285146,0.09204880567489251,2.2914655060654616,0.21046124823176582,-0.9618250245394009,0.3767000815552858
-1.4445321396516808,0.2876370858926866,-2.0537573320454983,-0.4476783377262184,-0.9191021243384679,1.2874451160210558
-1.1708930482684285,0.38625445809390163,-1.9605871518273958,-0.31469932236788606,0.10297272241479175,-0.5558786964683249
0.08372252646366296,-1.5735388469826908,-0.9743895439418131,-1.3399891124440064,-2.1955378441072666,-0.5214650392072405
0.2807688788189165,-1.7524836079946802,-0.9905411069559693,-1.323510722478221,1.1186653500569488,-0.4032632794092605
-1.7269409147612913,-1.6401757951567804,0.05355670226142445,0.915412608785504,0.5988977668120233,0.055403438656833934
0.7273955126581082,-0.14789322418333817,1.1923441804219381,-2.102141307795299,0.08607932888175102,1.275967291301999
-0.6266550668640446,2.2592187008406124,0.5732171677929792,-0.7138501360698831,0.718122648958839,-1.6383604785374646
-1.4911666469887286,-1.5930770555696339,0.10627408171366197,1.001906239399755,1.6404761738249733,-1.2667721845918356
0.7004570400542603,1.5513398839663621,-1.1178902533375417,1.0738581812898045,0.1647062286660276,1.0914065668132114
-1.0429544500598782,0.08129523495576887,2.2907368575834215,0.22233025567748954,-0.4383119227812161,0.07080377841321643
2.2387704964334554,-0.5806076871648079,-0.18545246746023317,0.035995178292843565,0.8498735240762763,0.987275456555069
-1.2209717642273012,0.17254635445579306,2.3925446552764464,0.3041017593846905,-1.005582169338449,0.022878771205907433
-1.745985807974372,-1.7793919089910566,-0.14789862314204888,0.7019328936756268,-0.425875217755979,1.424105272344518
-0.6956871010813379,2.3131212470626275,0.5083871795216086,-0.795055191981945,-1.3905386222316094,-1.4162773835279883
-1.3313284280888713,0.5818414502318983,-1.7814772046915544,-0.1517118595774485,-0.8150608108744198,-1.4107504583204369
-0.8855731808490217,0.15632514815936885,2.308320157442327,0.2593514377038318,-0.6863084773498639,-0.9627406627672824
0.09403609228832188,-1.765768076933866,-1.0148151583669887,-1.374203174805899,0.19167782554892576,0.47515806575109937
0.11468334076751041,-1.7575001106956654,-0.9578554258354405,-1.3105170463184583,1.0233090643605947,0.17498796679134532
-1.4739995122894551,0.28830028377367695,-1.9075959640869067,-0.2945141227227454,1.1969629970144418,0.9408543389623621
0.20938850517393495,-1.8556180051410733,-1.0711771811377928,-1.415602267595166,1.1809908916966296,0.6214296569147928
0.9456543366800118,1.7204131649211345,-0.9263450794752588,1.3059024194265523,1.4956241133564516,-1.2826100135990157
0.11131722509454922,-1.8185165770741825,-1.0025213677161289,-1.3565001767316291,1.2648614533456648,0.6178199650025649
0.7023627701145091,-0.4090132079959798,0.7413439911165227,2.2098071527653533,-0.471786709117357,-0.33100545470114184
0.7163603471116559,1.6557132452299201,-1.0406921295341554,1.1547347986422283,-0.1950569375527193,0.2912539624734946
-1.3314501042238793,0.424751375124172,-1.8958036231178461,-0.26822900001456335,-0.14817119831177167,-0.3065806965623604
0.5510220143296564,-0.3183595555071724,0.7954757925598451,2.243931047156331,-1.6540495450151804,-0.33161623574605237
-0.8819402319483206,1.9681891301958245,0.3414613192797096,-0.9854986011169579,0.6103361294489452,1.4796157443534055
0.27354558721923555,-1.8046899589421572,-1.1277533520964587,-1.469882570455493,-0.2135833378080966,0.3044372343842805
2.469909192148865,-0.6119552219041884,-0.28884011680900773,-0.04277534427514621,0.6843341726577334,0.5462729106836993
-1.496515676818998,0.4458925237734504,-1.8933307478735644,-0.28865410000092245,-1.1073336580312902,0.23888219024041804
0.21940074091905684,-1.6987488149721042,-0.9562378382141169,-1.2970857079673663,0.5671290388397953,-0.522771593077429
-1.3059850850251724,0.4503647993238951,-1.8751723927494506,-0.2436657129439033,-0.12289871805968722,-0.5935951551574955
0.44980095105438994,-0.342281127090265,0.7701499102132179,2.204053349748146,-2.0854844124234937,0.2620165848692755
-0.868537239857671,2.1773451571463855,0.4453879221470103,-0.8805061282068386,-0.9658780116428564,0.10908427703903734
-1.106073378528809,0.0041567658732466406,2.1803367367960615,0.09828383070456245,-1.2009677098949272,1.0333988701710728
2.3100989041435835,-0.29420231071281044,-0.1194350696809661,0.1048630140028772,-2.265582621928674,-0.8589723251568305
-1.6609066835878423,-1.4671063881056965,0.08601154241937152,0.9521170909866239,-1.304811530489198,-1.1276023058815081
2.2451898892919218,-0.45856946975379453,-0.14546913065988065,0.07485780707278586,-0.39292619661445166,0.25816376440582944
0.6807212660560896,1.5779644751734372,-1.050730985759231,1.1423243238871648,0.7056545041449839,0.8320536890117552
2.4869414990056318,-0.4028785461608232,-0.13535944275998013,0.11599120063405419,-0.11440389763706443,-0.9942341136177271
-1.261631327145911,0.519191567960917,-1.870944531040228,-0.23596533671305955,-0.9398011738781163,-1.1083516452652697
1.0764261803190933,1.7349422985258018,-1.0535264450374715,1.1861609551129986,-0.1514732888922775,-1.468674240585213
-1.6769358359797404,-1.7198423540061165,-0.0991622093963462,0.7611942983245076,-0.31526676985422575,0.7154215301303153
0.6410559714070353,-0.3989132677812905,0.8425541374861106,2.309966308312342,0.678469521144207,-0.4547572277833376
-0.8715044256486257,0.16474173320862565,2.4142013765636317,0.37474808586324876,0.8680701603265324,-1.3915707851391945
0.6071695201433859,-0.5552526812147307,0.627476973384955,2.080542692471595,-0.3517044328035228,1.0966457934899512
2.377343312276488,-0.39170522472916247,-0.18512942599374152,0.047266873063824565,-1.497112644531758,-0.45667086398204576
0.8353761770293053,-0.03684713859278521,1.3309286076771658,-1.9431386580443777,0.9409164948684047,-0.11346479246695672
-0.010519604446017392,-1.7808860971620382,-0.9846674812109736,-1.3552427843700734,0.4632964902454844,0.8656861166184261
-1.3801161361008245,0.5392941347297049,-1.8162558550204608,-0.19393354446246627,-0.891205435226917,-0.9067079085344463
2.38497997387105,-0.5315138113436192,-0.2862729575538195,-0.05473827011400693,-0.8627984077034822,0.49346664927148337
0.788965390798807,-0.10563307362458262,1.1785857901039951,-2.11037604260859,-0.527262730538541,0.8754757289770166
-0.047732641209305524,-1.7451472144038902,-1.0108985626501192,-1.389918718507274,-0.6425797517104046,0.9263282960220544
0.7733607693404693,-0.3145959467395501,0.864934480675377,2.3483899816986575,0.2589410065825711,-1.4481214551565715
0.8003633765240716,-0.07097471044993185,1.3033546462267656,-1.9761038781454978,0.9015397094845782,0.2735091829902559
-1.3707226261785528,0.36453680314447195,-1.9426947086598279,-0.3214707649861636,-0.09912927984233551,0.28158047787938956
-1.480615632565188,-1.767863641471322,-0.11875136091647383,0.7685222325928578,0.9227228854985028,0.22740348282607376
-0.8380525314428271,1.9933894204457814,0.31390505519632184,-1.0102514801351832,-0.023636744646753437,1.2733226189065523
0.9804777518340623,-0.0313637049502028,1.2476133763710393,-2.0134147230818824,0.16575059653636232,-0.45149851015993236
-1.075146313114636,0.07329019932623218,2.381049178139523,0.3154315048690624,0.942213965192779,-0.04815826304365896
-0.9213568331445866,2.213435983542611,0.5168480124222004,-0.8122562141108122,-0.639392707440723,-0.07767909260398424
2.366637494503459,-0.6271002156248323,-0.20928370922945444,0.029485002502201506,1.7208546109359175,0.7763179389237566
-0.723938973381937,2.113025918058146,0.45922059069736676,-0.8435372315820234,0.826995970738281,-0.20224741460967152
-1.2135040661039223,0.4919363162176443,-1.8376860391475416,-0.19261123721788279,0.18750549149164272,-1.274483943227898
-1.1543486870765287,0.377157597068884,-1.96591293564282,-0.31782661650085736,0.22876018449929175,-0.5615256707052262
2.383212609989377,-0.5925608766799928,-0.18285234327100564,0.05872296522733619,1.661378634769633,0.4639694649559499
0.2921825163530151,-1.6043764964379064,-0.9805242873294034,-1.3172634521963058,-0.9666326377482455,-1.1812490043742125
-1.2749504790850221,0.28385323847313265,-1.9445899244703047,-0.3073158944230426,1.5061371419204377,0.2905005898298364
-0.8847195623227975,0.2173977259006661,2.3528303982189778,0.30482665600588293,-0.9413314989594495,-1.3954034689476411
-1.6074788910525724,-1.5817571936033177,-0.04257029638557358,0.8257438554447428,-1.2942650170154963,-0.3914619465702358
2.498544353901242,-0.3856795130311571,-0.023279988323706514,0.23736116438353136,1.38966826895823,-1.4743990467652939
0.6467123187529862,-0.023908050945064263,1.2762588726696178,-2.0278464513887933,-0.8656990477039619,0.7441123517343021
0.9460935052204422,0.18758862921280622,1.404258781497573,-1.8585704477864942,-0.9457405177163409,-1.8452153074738646
2.5437164358061195,-0.3954191181310208,-0.12549001372709093,0.13394030639673457,0.15290653048916997,-1.285342907569787
0.8085810823286681,-0.0886129904228271,1.2911618053073306,-1.9873862494490602,1.0197698743284669,0.36287928658318436
-0.8719810249700963,0.22584061470301667,2.3599708625560227,0.31387361410297215,-0.9101201087317953,-1.5082773928964366
2.3616848345992083,-0.6269896083363918,-0.20959062882775742,0.02848380098804589,1.6943011630360976,0.7963635535805851
-0.7548917819829606,2.2795373540751926,0.5779723516070159,-0.72683012401894,-0.04358366252709662,-1.2419603377119737
0.9455641261421804,1.633139704040793,-1.0391903178555306,1.188125713087854,1.107979431519783,-0.513804736648399
0.33886155614291474,-0.5492554788410267,0.7588372324895813,2.185424254044947,0.4838283439665408,1.7167489852128723
-1.4396889562514534,0.5318954896273813,-1.8756278308822762,-0.26548864478529915,-1.9315342545975085,-0.44898872986648
-1.6662676779029604,-1.6066264012301623,-0.06526662259727885,0.7944440253294848,-1.4982012749691718,0.030428602484083453
-1.0630787821219536,0.011927352827830853,2.288010509360425,0.21952796215054238,0.508495434346309,0.48749301926959987
-0.7456617860851161,2.1047802703561564,0.3528650445882293,-0.9604811804060075,-0.768419528150398,0.25756207848993995
2.4834446920200715,-0.4988016032646251,-0.20543767879544525,0.044094418613420415,0.27479045689587583,-0.30561153085664217
-0.887120143705967,2.0381255335013244,0.4412778671440698,-0.8817308885791343,1.043896634409882,0.854771802753743
0.8323925001272033,1.6967570949195128,-1.0510754567848952,1.157509847081421,-0.5164021293597545,-0.3296706189930808
0.35090136711938863,-0.5058925818217817,0.6433511109592579,2.0610960221947425,-1.9111021370491759,1.827299822381892
-0.8748953299647398,1.9942139291431198,0.3609510428445575,-0.9646590200150605,0.5368500370882331,1.2671556825403152
0.5109348137307396,-0.5792805068215418,0.7504475793206918,2.2007941797621577,1.5176478349538975,1.2042382890445604
0.08500723090602258,-1.4950211419216202,-0.9171504909228316,-1.2814831323706803,-2.5224209496763788,-1.078503450959809
0.7133419470900525,0.026966478048339126,1.2691650871879585,-2.028586527975455,-1.4889991649571293,0.2618263280813198
0.08700949744599784,-1.5736088507197434,-0.8755275278762067,-1.233243856314332,-0.6618795588287562,-0.8453410867768469
-1.0069217861572806,2.049526727751222,0.3908755690346466,-0.9525178886356959,-0.39351744964802315,1.433632970180848
0.5570791946231034,-0.3883121468913285,0.794371929912372,2.246421459028101,-0.566871268480453,-0.020895205499356938
0.6278368429336562,0.11615493492896951,1.4753642478128404,-1.822032502074789,-0.044234298086610405,-0.4711089038470516
-1.601872423347729,-1.7476974663541724,-0.014905306283650227,0.863034047187171,1.7144744511020968,0.28498055340891093
0.7118514109417488,-0.3044931847168784,0.9168029141336208,2.395467798532502,0.650093548586041,-1.4157672712408431
0.7401164617429836,-0.13944994258385435,1.1994835548024343,-2.093097905242245,0.11719642045728935,1.1631645548859906
0.9594992888008043,0.12620270339936984,1.5086196857284295,-1.7420418953857948,1.6597866251873814,-1.936124959642106
-1.0872406307752183,0.03864908920586276,2.3055663300215863,0.23405896430828965,0.2676958492002443,0.4013405396551274
0.18139598302639617,-1.8113593678478128,-1.1398149725812268,-1.494982817471701,-0.6705533439663484,0.738723021077546
-1.5193688237448706,-1.801904275657717,-0.04789879653450141,0.8408816572191932,2.3793275238209945,0.31894426496764505
-1.1071918923125128,0.17000361732503635,2.350266508771529,0.2740624597611225,-1.1535745320342885,-0.28235280471699326
2.5685485901551286,-0.39597369230162416,-0.1239511487565215,0.13896023326727122,0.2860429318360065,-1.3858496669279055
0.6348868592077191,1.6488037056834113,-1.1014213042102168,1.07875238408027,-1.3528051338645013,0.83761487204918
0.21319914865966808,-1.6375220777481767,-1.0108231338071294,-1.3591175116884051,-1.241755504536334,-0.6163066113120234
0.5784477396851115,1.5977032949524204,-1.0443668460275182,1.1345929062799636,0.08314858054351915,1.1233692718491264
-1.5572945125554343,-1.6003276055198168,0.09582504552110886,0.9820663988352581,1.3230204679074358,-0.9378079332522287
-0.9199831939044757,0.19200313319091258,2.3315919413834614,0.27828253727221347,-1.0191387682808282,-1.0687296733905451
-1.2666693789623198,0.5629460749172558,-1.6915140180602575,-0.04550358962510307,1.1218122503165422,-1.8603957588943898
-1.606407086324716,-1.538144243315014,-0.010748632030214207,0.8583195651283649,-1.4739469134300895,-0.7023770398525844
-0.7410777489891146,2.2879528200572583,0.4865211448101827,-0.8236465306490622,-1.5226414025701867,-1.0486150543705635
0.7198643346404757,1.8214517569783586,-1.0184633785672474,1.172326715033302,-2.396933463848377,-0.5773487047458937
-1.7269499989954757,-1.7885444112854807,-0.15307001029613126,0.6993092564351144,-0.28672997817693546,1.4083743021859765
-1.2675752816006154,0.2924176081795619,-1.8884526696858108,-0.24631276816245065,2.2666109175856413,0.04404837683249924
0.7149872611749599,-0.0865261722833791,1.1867034142201291,-2.1123874239898934,-0.9980642452253472,1.052267272061878
2.408513076533267,-0.5843985322623326,-0.17493340790307874,0.07030937137256241,1.7599402042440335,0.30025183342755424
-1.4998668095144154,-1.715069442581629,-0.08183807634744618,0.8034613720165138,0.5969946349845544,-0.06257088061233446
-1.0127899448270619,0.2028031550024936,2.3321916946467622,0.26599306111454374,-1.5538033653956458,-0.7544149313470631
-1.3785168041506832,0.2512566660407924,-1.9764121930177216,-0.3541395045443834,1.0992139313920095,0.9549411313895052
-0.9484783899817526,2.0831293243775137,0.3705723797868221,-0.9678564631825709,-0.9865363265860777,1.1071110738738552
0.584556205370498,1.5015640222577014,-1.1631789971390178,1.0115974810676747,-0.2341765316371353,1.928401157294649
0.6229259286685265,1.7538027602250905,-0.927291625266976,1.260076906684261,-0.34592572151759493,-0.16033100104231154
2.353831580568431,-0.4435392977807848,-0.0767052757336921,0.1628041988179729,0.8733973503579654,-0.4594743373125409
2.384824376864077,-0.31332420045861786,-0.0781772202990855,0.16006586440728274,-1.0327565889547332,-1.194074805679863
-1.6044952570617632,-1.5207270794815915,0.15005942331454153,1.030770836739237,0.736184959498507,-1.2986041953561662
-1.3970966246865348,0.3302180036723354,-1.9204041577032993,-0.29964922368535224,0.6658281304508835,0.4783032762575122
0.7583502364091165,1.5674983114939458,-1.2002587965486438,0.9924243751834151,-1.115108861998113,1.0450284909100287
0.6685886070694947,-0.3733494233429941,0.7646551791018595,2.228866792149821,-0.801207920795813,-0.4395680327680068
0.9452874428956558,1.6244151019440733,-1.144216833188228,1.0755171916301534,-0.3724536756461549,-0.14079725605919302
-1.5282165139122197,0.4815100050327013,-1.8698910745125754,-0.26917532885243217,-1.4256388323268812,0.12192794105315863
0.5870691254592815,1.4578727165853553,-1.1454493535812063,1.0327868293329474,0.7227423687046999,2.069521168922805
0.871169533274681,1.6086190194138819,-1.0628537461510787,1.1536711021243204,0.8203733950993066,-0.02875055837743612
0.7280518122479124,1.6554538427757823,-0.9906384415806532,1.210138669035301,0.6256439647394307,0.08864730164534416
-0.9696764492111752,0.20184541117026347,2.4828509468452493,0.43382981099809953,0.9514005906354083,-1.3947727234237293
0.720764924831829,1.6817987122295617,-0.972036868450228,1.2280810172310603,0.4753186727380249,-0.06580564213367324
-1.0972292048272607,-0.06585976911148758,2.1300764258130678,0.04829725488820976,-0.8568647764458022,1.488125808031274
-0.9889430768975703,1.9618514373208238,0.3284792336762803,-1.0136014946752139,0.07373118727775954,1.974019194355747
2.188204253121806,-0.6143896073832628,-0.2633194461655806,-0.053154627607969775,-0.0309099711530995,1.5924872320032184
0.7028845975803,-0.17352455242362275,1.2704303968222765,-2.020430937812165,1.581957580419758,1.2485478508000887
2.3210301795173827,-0.5824498907562343,-0.328342261147853,-0.10649684395434791,-0.9831481636380893,1.1201923023311016
0.3437730222049206,-1.6491655491618409,-1.0090824335911877,-1.3391932491561114,-0.5046042957269836,-1.0834816751679117
-1.5235319093046318,-1.7232666075528136,-0.04032650680608313,0.8452459526984003,1.2652186799287708,-0.0607584127316739
-1.5442446518223252,-1.556987265846913,-0.01959848256012537,0.8579423528902573,-1.0664946799120685,-0.831345216123181
-1.2300558113492703,0.3875757345246544,-1.9642535072465679,-0.3266593295404642,-0.21422558666518776,-0.3164207135501085
0.6855376303470193,-0.08586847644428929,1.1848784011890254,-2.1183407936026457,-1.155957024656356,1.171463009862507
0.46886871675142033,-0.569617075145581,0.6555334440417795,2.0926813643694757,-0.26100853462644613,1.6237552809367992
0.804739459195093,1.4879210149098034,-1.1065559844165747,1.1026770558705998,1.7414287343779096,0.9432510180580103
0.7291432389266365,1.5856087472235207,-1.0907083555598587,1.1055444516433675,0.170163243645911,0.7300391585080613
-1.5867571275684642,-1.5909439442841935,0.0510211164797178,0.929541821962841,0.36995473499394627,-0.7245889394268813
0.03771643166694717,-1.7645119971818652,-1.06763448500679,-1.4386288269803924,-0.8682950006360814,0.8583948580277051
0.8059855518445737,1.6275312238080812,-1.0048619827218392,1.2064778860471241,1.1547389572513107,-0.04283894743528798
0.35609287995886846,-1.5708908872659988,-0.8525012045412383,-1.1723756845497924,0.7437123909252927,-1.9957564702017647
2.513126353633905,-0.5431030697666545,-0.28468269072740576,-0.03530473589690678,-0.13866209006861277,0.036116731071574856
2.4666233671198468,-0.3587861944886982,-0.055534166719764556,0.1972832329762548,0.34925076366577124,-1.3738607397350768
0.9784969700807914,1.7371293423796073,-1.0595951827359091,1.1663641438103454,-0.6765160401018827,-1.072311225551668
2.391254074248776,-0.4531058320547453,-0.17939554822669512,0.05781672822007652,-0.4049134326939003,-0.23905217212264873
0.9129028117764445,1.7385942505557883,-1.0636600959556746,1.153104002414866,-1.028195965382467,-0.8068225292696077
2.1876912678938023,-0.46601273580345337,-0.15538340690422736,0.056762405354209476,-0.6641166249083992,0.5522016313929181
0.7644328696470047,1.6197301366574752,-1.0631172387585826,1.138565634163857,0.21102424091522676,0.3419447281992661
0.1327158666427061,-1.7317223992592552,-0.9870139521304478,-1.3404966601598036,0.250714914877679,0.07334221821750027
0.7876723174911914,-0.2887334331185529,0.8848745230922652,2.3706985465963393,0.22441468818897603,-1.6899928619297737
2.289388062922554,-0.5991962831209224,-0.2936760813771029,-0.07279665949883965,-0.3206068454877445,1.2156067053842547
0.1952258123642764,-1.593478688298574,-0.8321942289312843,-1.1712706880268036,0.7505060139909808,-1.31599588266344
-1.3094283649061225,0.5726266827559537,-1.7371419319711643,-0.10071608510409388,0.09745866408933412,-1.5933604455224948
-1.2381784160298142,0.5099404189393593,-1.8758421874637894,-0.2376960377468781,-0.7769738536119496,-1.14196058989692
2.4864701139001077,-0.40286801876153855,-0.1353886548056345,0.11589590810629621,-0.11693120621109776,-0.9923262087013822
-1.1790387731079615,0.04069920849602162,2.2998775386419195,0.21550157476871146,-0.22447547628097758,0.7728883993891532
-1.0347014915809096,0.0985673790688775,2.353279556577235,0.2899826330497505,0.2897822610603676,-0.2405165279282292
-1.2451207422464137,0.33554961598677385,-1.9539642234809882,-0.31549522744994624,0.6855361761303729,-0.04283992602478857
-1.0774450083258351,0.12570580003360865,2.4190130191743413,0.35379766143359764,0.7073756302607666,-0.4067468505489728
0.11697531898243219,-1.6440987954202033,-0.9738080765764914,-1.3320009905205092,-0.9625516004821648,-0.3208167322172859
0.9165347406088472,1.7385148409688957,-1.014105862778537,1.2068786028586969,-0.2507058793947855,-0.97680866654412
0.9846220111310593,0.1692734209882229,1.3939443208369557,-1.8637253604015698,-0.6650004557712393,-1.8785264762905296
0.6119188711316561,1.4834947758152215,-1.272843732580075,0.8981045650129001,-1.5293369331098454,2.250855319444617
-0.6676111250508392,2.23395293849812,0.6009551076829474,-0.6885046129401723,1.3678133823615466,-1.4439330118211555
0.90349946914348,1.572987488550767,-1.0862544338463396,1.1343195060007336,1.1420514522263612,0.08565744861268045
-0.7314412882308992,2.2790119344623463,0.5300964340060319,-0.7751298961840715,-0.6758726422404961,-1.1815887949376047
0.6564253939458841,-0.5563476022020517,0.7785168728077837,2.249621150540216,2.18643158848386,0.43142706838219763
2.556565282794496,-0.3171613759177917,-0.11686348332699839,0.14174363725393999,-0.869993655161746,-1.7339004331732084
0.865482825351569,-0.04624858684096167,1.2771141275796163,-1.9965646678664306,0.3813998329679287,-0.018718259284687063
2.402342657961125,-0.5755350534619984,-0.2182939041803716,0.022493412252116284,0.9317544624106248,0.41919696161466774
0.6711671093229762,1.5519906093610418,-1.2183636899559678,0.9618563149392593,-1.5083656748062617,1.5205281432787336
0.47526939078404246,-0.38648679816512493,0.7399729622981637,2.1768428647015146,-1.7635082716885717,0.4655115193725734
0.7879038523200069,0.02530129402240483,1.2737857375948725,-2.0135135179449257,-1.0892390958000158,-0.03995882357745677
-1.140799614873086,0.17948495667389877,2.4531931851449382,0.37982110275831776,0.14518896292126798,-0.5182150431905995
0.7586872968529487,1.6373132067160525,-1.050771198127232,1.150347757794694,0.10604829832077386,0.24256880416484403
2.4933561435289993,-0.5513872189433359,-0.2429297523053278,0.007267213497104762,0.5504442186154737,0.022164850244264456
-0.9628518264984594,0.027145450301787048,2.3562528975724883,0.3057732788694007,1.7297037807855078,-0.19608690934573747
-0.7775845257604889,2.0880435489975193,0.4861721542692963,-0.8207569443143093,1.408652591278383,0.04354007190927191
0.682251247790259,-0.33001255719654027,0.9452445863229975,2.42310896471539,1.3606683671077362,-1.2673021561420443
2.5612775645188752,-0.2998118601418731,-0.10386936255892096,0.15563986118261705,-0.9189003136810211,-1.8756039399341995
2.3433986671361295,-0.36476160619892595,-0.06952153137064757,0.1659010216096055,-0.2743268741525491,-0.8138002364873113
-1.5050307685961908,0.4722682264770138,-1.7761469670692798,-0.1648792578028974,0.25179143977982404,-0.22117188080426622
-0.77793044840844,2.0793204932178484,0.38114134812526057,-0.9333794628149904,-0.07215173960853227,0.4168277951129307
-1.3213005323233737,0.2936157472189886,-1.9411112190343565,-0.3102139492105083,1.22054789530511,0.41678443978487084
-1.0355836748610974,0.13349488828872816,2.3292999220721837,0.262651137299412,-0.6213078571216005,-0.32692145112312193
-1.0080273845165324,0.01069789513606211,2.2914220807515013,0.23065683909838886,0.8036508551482139,0.26467555874278265
-1.213284828307812,0.024007565770460475,2.2357240303136354,0.14259458102915068,-1.091930398165678,1.1894143145706646
-0.6017122401146686,2.2412034964354883,0.46340247333357376,-0.827832232995028,-0.590011603003819,-1.3061121529885291
0.822745042728899,-0.07147285616040831,1.3540708129858339,-1.9185389375995365,1.779555610706752,0.027634529736324104
0.8530412224927866,-0.002333842890333947,1.3080983571608584,-1.9667207516834149,0.129266451646635,-0.2749385892642033
-0.8974823576330789,-0.0266804060079747,2.272868433793854,0.22711676023373883,1.5446753613328355,0.06251234841937192
-1.5264877519185376,-1.6271977420930253,0.07868101443488366,0.9688786942323732,1.5994464290953576,-0.8785503641762544
2.4436278197860206,-0.5677279918040377,-0.16005522655743135,0.09035158374073357,1.8740348811338594,0.035496059763724094
2.4572958803206975,-0.6378539601388866,-0.25934575824798833,-0.011700212991797389,1.4859831776400607,0.6259846927365719
-1.4279358296228337,-1.4548545495834027,0.1131509973423696,1.0121567676385967,-0.12992083105201685,-2.1931696493914066
-1.4695673656417036,-1.4975633851411174,0.02948665955434853,0.918341343319823,-0.9257156576235384,-1.5628051985610352
-0.01941186103401725,-1.7894199904071555,-1.1395570694554926,-1.5226333714569722,-1.8213462732766355,1.4288507575983784
-1.3444882537412968,0.4774068190558171,-1.858505313144191,-0.23203387035687553,-0.4405886010388321,-0.621701941910321
-1.0659408082390343,0.02944772684789753,2.349864405433522,0.28493339755171593,1.1769971628034268,0.2211599929830108
2.235135162887664,-0.4583432165548681,-0.09676306852791047,0.12586559125796112,0.3111835455225357,0.14357360063224087
0.6213394853913375,-0.06697488476632217,1.34158957786186,-1.9592539377942173,0.6997294007731449,0.8428122867770355
2.4613644448757928,-0.585578856907221,-0.17165817377534706,0.08099350293676008,2.0433002739538435,0.08633886860412682
2.5094477404380684,-0.5081097042630128,-0.210177301529747,0.04287923881007779,0.4512902156683232,-0.349542013947256
-1.2470256928951584,0.4490514686346369,-1.7728603200545703,-0.12566603728464712,1.709244575877095,-1.1428022213947147
0.6938399556516057,-0.03368622345519079,1.3221575147593418,-1.9717508143181446,0.18207685052606756,0.459395167346939
-1.8132150333239077,-1.4898836282417138,0.15617806756939862,1.007992659558247,-0.4941130790049353,-0.6377687593386271
-0.9238505639947716,2.1000323662354976,0.3354715198043552,-1.0029746166715026,-1.6866844265083394,1.0400866207333235
2.2384604086767945,-0.4584174789567379,-0.09655700085486421,0.12653780400492584,0.3290116909076032,0.13011485381400184
-1.5041314034925364,0.550791133408189,-1.8175901140906368,-0.2125319565348809,-1.5931929925519384,-0.4660784371847063
-1.7223735941248066,-1.4482806005837632,0.04557533487402238,0.8995945159878213,-2.466552419929517,-0.8461631161098804
2.519583975891037,-0.508336075857292,-0.20954915233846913,0.04492832242969832,0.5056351545908818,-0.39056786144926253
0.646518647444308,-0.3990369671507002,0.7935635029665206,2.258030221382906,-0.05026027820051106,-0.32158099633683523
2.2586372525936795,-0.6159659848218803,-0.35761298707720085,-0.14499707444542434,-1.1693221800854356,1.6179858119478943
0.0014759196257712176,-1.8073395280331215,-1.101635577332193,-1.4783140422011858,-0.8771684371945376,1.3116533321217545
0.7942319538275029,0.06007118050650312,1.348911249497594,-1.9333066427952719,-0.4456362704109543,-0.4661191880900182
-0.082414479632955,-1.7530983435859717,-0.9700697076624205,-1.350361218952316,-0.0334214211468037,0.9727303989049605
0.8722340470078832,-0.15112618762777708,1.2506490800048027,-2.0198211843424176,1.620641839628078,0.5344552960192146
-1.4036605914789622,0.36527240362967767,-1.9447358960771675,-0.32812931642509385,-0.27572459679108335,0.4148950548454599
0.18514179197579486,-1.5932568866955779,-0.9314774626281657,-1.2793899969460478,-0.8195943248038061,-0.9646091568253536
2.258129638439236,-0.642135078465643,-0.32736843045311487,-0.1114747242786546,-0.302769059196763,1.6487004580352504
-0.9940914532316659,2.127788287314428,0.49815927241363034,-0.8386375196763306,0.09951845087333412,0.6745781633170205
-1.3759377697743116,0.25119906870831227,-1.9762523685577125,-0.35361814164594024,1.1130413001733903,0.9445026336337657
-1.2255737010731718,0.4311125227794776,-1.9322205040088318,-0.2933942119135056,-0.37562329388681837,-0.6411388282802728
0.810491918280266,1.5488841873050436,-1.0617421592619187,1.1491425958745345,1.512670610836518,0.4907604280183862
0.5944977287269508,1.5624353426126238,-1.0687764127568988,1.1119502488421247,0.3175424856716669,1.3036694553738764
-0.7558208445107156,2.1399200649729853,0.47629799647786153,-0.8305668651919708,0.544805856350937,-0.25715353394945817
0.21354694411584998,-1.6375264411542791,-0.9121432603859341,-1.2529664225405233,0.27614453250568005,-0.9282865099141885
0.8631484248805723,-0.02001091693578999,1.3946809298975131,-1.8715403723213297,1.7736624099835203,-0.5037883335745136
-1.6399615486252375,-1.6421234029864922,-0.08904060955696132,0.7738746907791608,-1.2088195671911695,0.1692176305873867
0.7080623662668444,0.12309064321244019,1.4866869251482038,-1.799342759321422,0.348805321979869,-0.8571326384974781
2.405810976704665,-0.4097923412487766,-0.09740904332403286,0.14615889884436514,0.24572204806744233,-0.7598335540827854
-1.2101415808411455,0.5965880485378116,-1.810594238489542,-0.16731019136235317,-0.9975123618969198,-1.8685921630497886
-0.8033856745907219,2.1322549484948956,0.4669993238283354,-0.8466541082440363,0.3268749724861996,-0.0033221331227736256
2.3191521415583463,-0.5998627034319451,-0.3411607419618918,-0.11982011330826972,-0.9190458434716603,1.250424365572456
0.5483719250761588,-0.43175457506102327,0.7620770907700423,2.212302207270937,-0.4281265494986482,0.3209240056607098
-0.691122860458987,1.9901097558433134,0.37233954389455715,-0.9275086244122067,1.5221372945989151,0.5233468647605215
0.18420938414539015,-1.593234361380506,-0.8822060844021357,-1.226538096801908,-0.06657571033167889,-1.116121396098481
0.2538415753475926,-1.8915185788853222,-1.044497430056683,-1.3794627295454942,2.3256842246040295,0.531483846199378
0.5304503830694823,-0.42262525564765113,0.8166466899365287,2.2681914887751105,0.19671997392270762,0.17685893446513762
-1.5048671625170345,-1.7847750871133132,-0.08362718162071277,0.8037164559447381,1.624888478516803,0.2929048987577062
-1.1684577046579079,0.5520219415823184,-1.7904371449670486,-0.13820226574452746,0.1694197357871202,-1.8860144108921573
-1.7113075533176412,-1.6841635222906597,-0.026558892090575,0.8331735299368166,0.11012593407751277,0.4539914117784752
2.465524893224199,-0.6031299304075957,-0.2827607659208283,-0.03718984122220962,0.6237422996332515,0.502702711295818
0.6572962131871446,0.14167574978462177,1.3975846904410043,-1.9027425205477435,-1.5135816451748199,-0.46371805959765977
-1.4839058440861945,-1.7677901614864715,-0.11895525749283516,0.7678571021739696,0.9050825746571602,0.24072043039861946
0.5718674982982909,-0.5282804504566212,0.6936715903252999,2.1458620510750275,0.1057861534357107,0.9002964354182312
0.4000989473373669,-0.41099015579392645,0.7162614540309018,2.1422314122044117,-2.0552739936781124,0.9537059095785596
-1.0332227519000643,0.03744441492939512,2.3582430137295916,0.2980193013967229,1.3153277832471553,0.027420080581466343
-1.0800763444117576,0.5675011817480333,-1.8215871564148878,-0.16043236791011276,-0.18891685615590098,-2.2110777371790933
-1.7713891225146012,-1.5082741790387517,0.09673878910971716,0.9504639411345032,-0.9537118134846879,-0.5291398825744211
-0.6656616942052122,2.2862685603895656,0.4911947274278796,-0.8084008506102426,-1.118301851656221,-1.3538573286965043
0.8768842084782668,-0.055232292158502894,1.2221404698702452,-2.053772027548669,-0.27840420872950944,0.15173679122223993
0.6787890034454723,-0.3561190692389414,0.8766477222593851,2.3499532428738648,0.6953450318916654,-0.9140565932995954
0.7226648822698093,1.5333891635910883,-1.12921611628343,1.0654039762703573,0.3579438370819594,1.124152373783283
-1.2111704535044652,-0.028402216587984454,2.247077926975448,0.15723155370073028,-0.10006261402156198,1.3934628206953732
0.02799429035001412,-1.6944775565674197,-1.0667577424093246,-1.441860126495767,-1.9751227894477343,0.5625075530578145
2.4545584275574575,-0.3672475305643812,-0.1612912080653732,0.08229166477178082,-1.1943845128323225,-0.9531409493664468
2.3590492300867165,-0.34765637403020433,-0.055849558106138654,0.18200846616268704,-0.2645884639069785,-0.9997758262718881
-1.5181262166428737,-1.7495677625222683,-0.00971549866144878,0.8799637032868642,2.1634757109375187,-0.05397754608341149
0.257069117459454,-0.6172478348748228,0.7029601109032844,2.117115096966768,0.34198743889044675,2.5383225551446333
-1.3200650645457899,0.2848590763340592,-1.99671486521773,-0.369476392431105,0.5062397873492557,0.6283854655176313
-0.07612142746548478,-1.8317869839122103,-1.0761683222639726,-1.4603757133147706,-0.42392821214832443,1.6543843714855557
-1.7523773916497212,-1.6483385059453435,-0.05302898206475287,0.7977179267641631,-1.0164283640132146,0.5302437803633755
0.6617354021361677,-0.11151392978323081,1.3123376955353483,-1.983446769119604,1.1017384916523092,0.9858890908554885
0.797702992025319,0.1385400583811745,1.406285791060298,-1.8743586859440664,-0.7607974526924789,-1.0320066637436813
-0.6679986075131589,2.2688693996110723,0.5770061301136105,-0.7157361027911598,0.4593755788240749,-1.5323402089773366
-1.2090993005798558,0.41329325069679884,-1.8452433518092934,-0.19692667605219974,1.302910090889933,-0.8957594517009385
-1.3431557598888553,0.34646810212649676,-1.9043593091982105,-0.2758012298258487,0.8808581526426998,0.13734982593748632
-0.5239277905903997,2.2220115889094747,0.4555207293702135,-0.8250513876647884,-0.09880268721944253,-1.498309563518273
2.5614611018470788,-0.34345114392782494,-0.08628407238595551,0.17635831469799187,0.02552971301158246,-1.725055881537322
-1.3577573456167127,0.44279705087336957,-1.7860734823331095,-0.1545227253815558,1.1526478101556288,-0.6333066299616946
0.9337720168051108,1.7206785316547997,-0.9270814346689158,1.3035003573265032,1.4319176267761022,-1.2345169868121344
0.7850156008448247,1.5145436380672568,-1.0887251385714916,1.118105216867652,1.524423220815355,0.8391360202847086
-1.5393273985786504,0.2984815168667498,-2.05328080793375,-0.4603697993348153,-1.4644280114900705,1.6098082332747314
0.3772973204913938,-1.5102762063981767,-0.9053881302202672,-1.2288672407959909,-0.9182360256119491,-2.2002158771971563
0.6371091436217672,1.6662105322739533,-1.0392523300627052,1.145185634736401,-0.6570441190027271,0.5507033825381757
2.3621066640536883,-0.43499672708246284,-0.06984141457443946,0.1709488505066181,0.8806781473258841,-0.5542826807460012
-0.878658184298277,0.1998076029935403,2.3405039282458895,0.2931083737614995,-0.8346623818091522,-1.2973057489649584
0.5496937047434227,-0.047921773494297604,1.3005225790273796,-2.013834215192236,-0.5165850112581754,1.1654498854502942
0.0684665209709363,-1.5819204075898068,-0.8336985369772825,-1.1904238163604643,0.033806503943232126,-0.8642601272543986
-0.5553727548347138,2.2488976803624774,0.5219543707120617,-0.7589523082679347,0.3793673278578262,-1.710270147046457
-1.0285737165674491,0.011156754439847419,2.290148811013304,0.2265033096500878,0.6934926839444592,0.34783569145256815
-1.0526706462171724,0.23860331640275603,2.3551244564263563,0.28381823749215046,-1.9159644887437077,-0.8382616361418935
-0.916021420100884,0.10464088166345112,2.2683269672970576,0.21436534740626612,-0.627041256718962,-0.47161068495257985
0.5652736377218858,-0.43213033748339397,0.8124536611955051,2.2687593516211275,0.42050884425114315,0.09722915871424592
0.12681633656972405,-1.8101370418529856,-1.0445389889351469,-1.3999355470949513,0.5528558547583456,0.6490588792519385
-0.8027163841306797,0.09338307357729639,2.268997506267495,0.23079864010374262,0.017523909902039655,-0.8688910921405079
2.4571380884783567,-0.4109403267534619,-0.14355742853420994,0.10349450498349475,-0.23710778472871463,-0.8122910675328502
2.302614492402027,-0.34639432039580575,-0.010017695839832674,0.22364033146421855,0.19085707819660463,-0.9266454818981368
2.463271139459937,-0.5332605786522857,-0.23209204227092306,0.014129016347321742,0.3149735857400617,0.02130141641462735
-0.8838874475995614,0.11265401791158416,2.3753276998403314,0.3334139569894257,1.0241931747476314,-0.9735587665034467
-0.9717706847424626,1.9789209806822894,0.29291635554576967,-1.0502267961988316,-0.6663888625971522,1.9371701937159915
-1.4866968988703906,0.30603350222084774,-2.043668212398846,-0.4432585093665327,-1.2193377835249857,1.335473817238054
-1.147181366959708,0.1447162683631447,2.3780643484804704,0.29960338191319996,-0.4987015074676848,-0.09183753095215574
-0.7969837693130672,1.9575661300737666,0.38970423863131365,-0.9217557041216479,1.8609294576516981,1.041788498242229
0.9115219902266359,1.7124429562321901,-1.0827988127231454,1.1334094395488719,-0.9243421781656062,-0.6172875170169039
0.32483865504258863,-1.5178320293106506,-0.9149900770728662,-1.2459437937292104,-1.162404972458595,-1.9265769507391015
0.8542138071518187,-0.13326728664408194,1.3115636115825169,-1.9574800470842162,2.207873534092554,0.32947429417442653
-0.9353041860768463,0.1661682692041623,2.4595768235166235,0.41489108012070003,1.2840284871796805,-1.2886309221007566
0.43469722193946053,-0.32448736026700503,0.8312451798836782,2.2669840722043073,-1.4826159858774293,0.04523116850995258
0.7695066959649631,1.7505274837787488,-0.9675370786677552,1.2366684492256446,-0.31805766104233923,-0.5983223710821359
0.6779615219568803,-0.042057287308887914,1.364151629130423,-1.9283921255739742,0.8920487312751332,0.4296915386190598
-1.6811882031717702,-1.5626511899224673,0.11355146698983025,0.9829079878783382,0.5104277430653811,-0.6816167511831124
-1.51545302158297,-1.4790804664988013,0.13800351308641984,1.0280897571932341,0.27013462278185535,-1.8102885913424083
0.6753262238670269,-0.39094954281139055,0.9003580965525515,2.3764063856831337,1.5831398406593231,-0.8100656753369943
0.3570153033950532,-0.6194799236574222,0.7091538419149657,2.137319648586986,0.8778441083033631,2.13379594350202
-0.9531223691005835,0.23638181601901223,2.410622688920064,0.35698274053195794,-0.6242235141134996,-1.3964638419869053
0.7053073999191871,-0.40035159277629656,0.7478775205481695,2.216874230302066,-0.4930848832126806,-0.4042390842449497
-0.7131850244928615,2.313512026542605,0.5073028216758395,-0.7985924725045109,-1.4843528971153255,-1.345455514717441
0.04080965962557405,-1.8082196666925126,-1.1485271996953959,-1.5234029477814144,-1.4243001559869028,1.3077383218242111
0.24846170222709504,-1.5684905741606154,-0.9578294998668628,-1.3002145711347417,-1.3493823408556889,-1.2495530671082073
-1.2612627046160612,0.07744671921580451,2.3695154226986963,0.277807275347365,-0.05564011737688153,0.7051374482477594
2.5406396632875774,-0.40407608028131137,-0.08270257197602301,0.17988690604153088,0.9315139019936546,-1.3668605457120435
0.01802716016344387,-1.615705161463309,-0.9115576526902257,-1.2795479724170045,-0.8462967168419732,-0.25956190166313303
2.3485132288652584,-0.43469655004837693,-0.16934212901934376,0.06212009828227357,-0.7082377501486553,-0.18869179429305827
-1.606417230076472,-1.6515982205237862,-0.04398373465742561,0.8272244015875476,-0.23386997706276452,-0.06052183058330429
-0.944564231219213,-0.11290100261421229,2.255769411392318,0.2059212677738118,2.4211224863534935,0.7109415440275911
0.5636227661084102,-0.12677924615812153,1.244226333102069,-2.069264667032894,-0.10813403195343049,1.6609114288635758
0.5573846342180759,-0.08300304374194288,1.275594995867606,-2.038166692496043,-0.327007802006574,1.3795828962268157
-1.8085211301045685,-1.6907232418491802,-0.13759265060195774,0.7009687982675263,-1.8900296660434341,1.2193455609271713
0.6605535634622829,1.7355076710705417,-0.9376619135044217,1.2547398790958786,-0.07001563674203082,-0.1899959442724873
2.1957354556765125,-0.4574633065945183,-0.09920469435005155,0.1179007708827031,0.09994391006895519,0.30304171748572495
0.928644687336634,1.7295153113670065,-1.0690356103345717,1.1498144823578276,-0.9067109914202959,-0.8092214876823053
0.05213591635995042,-1.6164652071730492,-0.8601147504356675,-1.2196123501599423,0.09459341340676826,-0.5529012974117785
-1.6435345386568876,0.2833591162326687,-1.9244532101844787,-0.33525816587126805,0.3250947713852677,1.6883533046256833
-1.1887112898909449,0.5001099988357776,-1.8297985656840132,-0.18112746285797168,0.28334510367203264,-1.4361467264656336
-1.475176792662919,0.2883248739271002,-1.9569980810813146,-0.3477925054166556,0.43263339069362977,1.1009054235425355
-1.7722460990808466,-1.7788020364992412,-0.050867670381125885,0.8027050436129938,0.9493668427815286,1.2198201196571241
0.7937834847819861,1.80234787475897,-0.977255497526991,1.2273665638582365,-1.1684304906050462,-0.9091876396146972
-1.2416440116306826,0.23947252146131975,-1.97428114464163,-0.3329418884330057,1.8701364913651275,0.4622715443958549
-1.4547825760755706,0.43623142305541945,-1.9464247290521937,-0.33972977242986285,-1.6045156543997876,0.2865713058801317
2.4943822087741676,-0.5601375113226017,-0.2492172151478601,0.0010028290531975612,0.5930310832670954,0.07932731309627283
-1.1971804232041618,0.5352086486366532,-1.8049192083289884,-0.1569523028092469,0.08959559196432978,-1.647130000621047
2.1821347241296705,-0.41352437787035257,-0.11762145689131007,0.09446997381313157,-0.9164217581847822,0.2067990041523788
0.9968672531444615,1.5010798918393282,-1.2299350813015926,0.9953389609667653,0.4232883090679482,0.5088520051988852
-0.8413664037299249,2.1854657307758125,0.45342276555071037,-0.8685416188008211,-0.8572885455919699,-0.06220357103333238
-1.2820070208600831,-0.03554590560482571,2.2856662495835605,0.18948021920481595,0.3152538760790621,1.5861991718819652
0.8029197120183162,-0.14957649515654348,1.2956827851378632,-1.9807929850653379,2.0070340401702493,0.6597150919402284
-0.7463783781799013,2.0873466250347814,0.48810601980118906,-0.8144484872805774,1.5759628508066108,-0.0827650694527866
0.22368409299189299,-1.8123037842355691,-1.1371943505368052,-1.4864340940489795,-0.4438276760506205,0.5675642552179325
0.6789478194485921,0.14991958385623388,1.4052775035324572,-1.891893747212028,-1.4345832646285344,-0.6126671327003764
0.4892669676841915,-0.4391585630826618,0.8507215891330677,2.2999628586177225,0.8081060774556075,0.310891212069927
-1.4440064173301883,-1.5504984995619702,-0.007035604324920847,0.8846777513320968,-0.566157871391926,-1.2983692826935094
-1.1866984192360603,-0.002764914210507377,2.3169767815670697,0.2346344949940835,0.6779036994947444,0.9551813052593888
0.4964484163664405,-0.2909552325112113,0.9098052973810532,2.358394964109192,-0.5418649131351985,-0.6052510725764592
-1.8238605530653123,-1.6554694565763537,-0.06380988947045414,0.7767954900964985,-1.3625962310846917,0.8808832928829263
-1.7541873739786427,-1.6570254611405257,-0.059492196644540696,0.7908802230977996,-0.9890468320425988,0.5988849875502914
-0.8378468874348866,0.11162239452884351,2.279522543389076,0.23664047356951579,-0.24499792448107416,-0.8493331493009671
-1.658771611484782,-1.7726139800273213,-0.18547201327909874,0.6729950363845464,-0.7533838368662586,1.1650813809352916
1.0507179609723496,1.7355181397122874,-1.0057904401795377,1.2340043183327059,0.46871100362080903,-1.5199077649721255
0.03518676261075117,-1.8779080041300953,-1.0516965641238223,-1.4171929330048432,1.1162912961919016,1.3551615974557794
0.5236156526009504,-0.6232005936075415,0.7194781753527458,2.17099862616844,1.7710638686454414,1.4594903246146387
-1.7086454353820573,-1.5794944467941834,0.049818666496364516,0.9113733839228313,-0.3206292308399385,-0.29256821830790763
0.6222272891027758,-0.11935897616635881,1.3035383029509575,-1.9979053121474113,0.9270033087799319,1.2071113789149261
0.6697797525262822,1.4996573289069286,-1.2565559580629975,0.9227450070978532,-1.2932899304497933,1.8940358206435874
0.12549161904542575,-1.7752013514960043,-1.1178752077327376,-1.4803968934470615,-1.1186245637063548,0.7197311966696647
0.14415225661569867,-1.7407034825042542,-0.9433271201349207,-1.2916161622577813,1.1071339091325643,-0.06691663542948947
-1.3609525172323096,-1.561080711872164,-0.008239748181417324,0.894995646722702,-0.08378271495247448,-1.5732099051290969
2.387266663641068,-0.5926548193565526,-0.2812594312019598,-0.04653827117937429,0.16707890003153103,0.7581331248702534
2.221567240390618,-0.519135250816986,-0.24071954340852153,-0.02826065910932244,-1.0179959105972378,0.9382690587084241
0.3186388381798518,-0.4178931863724183,0.8528497490596975,2.2784132638128702,-0.1808797636255133,0.8788682376314
-1.2179659678975496,-0.02825215494191933,2.1973276443161627,0.10281742082084486,-0.8945141118538342,1.5762533940323955
-0.9487742459354251,0.23628470979278196,2.4108921449782272,0.35786173234259205,-0.6009112608677357,-1.4140626279189632
0.6515632206885525,-0.3816931704715067,0.855907376212861,2.3250340098722027,0.6606323024985526,-0.6199155424344301
0.2848367167424974,-1.8747577376842641,-1.0792037033069595,-1.4132937028220214,1.6596741800327757,0.4386880391735977
0.5184888135815207,-0.1519551078558965,1.1730470458187898,-2.150844504023851,-0.9968782265667481,2.1828209057360004
0.7096406330938477,1.4376805838973925,-1.150555614036687,1.0446215712079763,1.4540749427070174,1.696050639332034
-1.3466468466327453,0.5385483701703457,-1.764852580940502,-0.1341271931565962,0.04625622490975644,-1.197459098375209
0.9104214890228179,0.15347577955779784,1.3766439680162612,-1.8916689311768642,-0.988651656332784,-1.4555731932789093
-1.2400683601320819,0.5972564004887071,-1.8124488207253608,-0.17336001859037967,-1.1579633498658826,-1.7474651934649816
0.340732117767556,-1.553096485962915,-0.9394093438412614,-1.2686180936356395,-0.9288502756508985,-1.7456432356793123
-1.307117010425925,0.5027577465478412,-1.7384779259129604,-0.09898290804119317,1.164553875665664,-1.2674783942738213
-1.7479531669059436,-1.5698909154962706,0.004404629096399321,0.8568585743778154,-1.3264790824679626,-0.039501664657418646
-0.6397326151343277,2.0675050546890987,0.3340253499963679,-0.964954374412471,-0.052142711569073893,0.0740812875384356
-1.2808313570520409,-0.061754293675791196,2.26668595989856,0.17030246085612788,0.4328141365989008,1.765386952273399
-1.0069108013542682,-0.024236550852913964,2.2660870810179445,0.20499532939385146,0.9579800228107753,0.5054178694402589
0.46639293050039604,-0.5782891610043097,0.6490289691541428,2.0857090655748722,-0.2371966783652168,1.6950912923536658
-1.073251006842156,0.0034271508065113394,2.281029081108537,0.21099979519662249,0.49104320588205924,0.589979936011243
-1.289974215281505,0.2580083320194419,-1.9152449414959731,-0.2767280407993699,2.294862772571008,0.379968430037481
0.9376971070817606,-0.04786304355036308,1.232260134057274,-2.0350066304295393,0.01055555741518343,-0.1557154278522649
-1.4997113559100574,-1.7587115030535663,-0.1629128468489182,0.7180933674866257,0.025238743712907796,0.3986630609865833
0.7222285223297519,1.4897637239126018,-1.1116692415527203,1.0859971148851328,1.2990503143820678,1.2772094317897873
-1.52999180603058,-1.7493078752447304,-0.1584382975171314,0.718443852127366,-0.17419409858444138,0.45990608883475254
-1.3607675851498024,0.3730418555087727,-1.9357267394244337,-0.3129865026501532,-0.08284147129529218,0.17997260001236345
-1.2948319096469394,0.2842989505329942,-1.8964928296712464,-0.25829462077402704,2.1575614822890925,0.21568346290903803
0.7949661124577613,1.75868627838213,-0.9596082930667389,1.2482869877871074,-0.21864388906087934,-0.7626833436610253
0.8987037233960781,-0.03825972479889028,1.3841822176151366,-1.8772963316069693,2.0384617634633195,-0.5250656113327423
-0.5367770261851957,2.28339189314333,0.5485109553999383,-0.7293058698957678,0.3307247719955064,-2.0307969400652595
0.9460101096895018,1.720401815598779,-1.0249813522949516,1.199893559671918,-0.018503775191953724,-0.9734777691100376
0.0882651549462361,-1.5823625686227003,-0.8324716025815991,-1.1864214372959796,0.13995592787188083,-0.9443939937167063
0.5926788746636086,0.07330322772935556,1.4414302414383813,-1.86149887641336,-0.04730372827643599,-0.022231965272242384
0.9549218313215521,1.536926164447078,-1.207130271607967,1.012746745223049,0.050057286413260085,0.43336214116641847
0.5852647264650822,-0.13599165332504692,1.189887290712663,-2.12440184995624,-0.7130337113087621,1.7899183143472246
0.6600022920817151,-0.3906073148821993,0.8994084624006217,2.3733085869239043,1.5009813173307904,-0.7480429163479825
-1.704616073714897,-1.7454029020611874,-0.021272398009817013,0.8422639760928056,1.1636193106713153,0.700829746269603
0.6894117057965282,-0.12086280331093034,1.2090434452236076,-2.0904044739742242,-0.22882602049072298,1.2457584164177604
2.4495751444939837,-0.5504060581270643,-0.14698456936170962,0.1044974769237341,1.8317498461770005,-0.11120621457108797
-0.6781352695609519,2.190545980610591,0.42056019514040055,-0.882112324989771,-0.7772360090410351,-0.6289017767650983
0.7793365674993068,-0.06177944527707313,1.2590734896420614,-2.0269231205326363,-0.006297855306538082,0.452584722706147
-0.6758166420278593,2.251585840443346,0.465161223490717,-0.8363409488120964,-1.0244044553135865,-1.0674941251688714
-1.0047718115920004,0.22880621886766475,2.3517417299936696,0.2870293851023738,-1.622071525204905,-0.9708140923545922
2.4793300462415386,-0.5423483000081327,-0.2867770701698718,-0.04213680488372943,-0.319859366865126,0.17290539976850203
-1.3679436814510688,0.5913848506679292,-1.8267243874453696,-0.20568237307459716,-1.8064750703216748,-1.1685815598178046
1.0204400254132664,1.701284824561042,-1.0330709789287253,1.2019962715576484,0.45471996894285655,-1.152097891229467
0.8010610560374162,-0.24539725769486664,0.8681303158000083,2.352723787059296,-0.6472482341029576,-1.8954739497400905
2.3027453323537572,-0.5209498954583531,-0.28501804370315403,-0.06489054885674497,-1.3407811486618302,0.7649913683080444
-1.607417598540556,-1.7475736264774469,-0.015248944444881845,0.8619130661574514,1.6847442609770427,0.3074243406402154
-0.7834355704393337,1.9921696649858371,0.3172897042648626,-0.9992104264160789,0.26918946520627063,1.0522635162891067
-0.8793615938415351,1.9943119718561901,0.3113451053748526,-1.018602284878801,-0.24511329611621258,1.4405187443600047
0.925130986511413,-0.05630637904336677,1.3237886748094245,-1.9379379529324292,1.4963039199038937,-0.35411156710757485
-1.559343311159107,0.37747662854560976,-1.9480326080360029,-0.3531294402632252,-1.1474956766509843,0.9836967726263767
0.7183100126352817,0.1490405116930687,1.4077168045857789,-1.8839365104582624,-1.223544758813032,-0.7719834136327329
-1.6293917901685249,-1.6336286751716178,0.01662377443013368,0.8885640016883871,0.32679936771312645,-0.24545049767118438
0.8102487780027464,0.09462298771874396,1.3753080177755799,-1.9041815410612803,-0.5081054985908077,-0.7762080091245732
0.8404770608921874,0.1026752796768264,1.383532333170104,-1.8915989556342074,-0.38312367876181047,-0.9598707023919671
0.861494993293651,1.46046796293908,-1.2207502732174769,0.9886542266977862,0.6409424481567544,1.2080545901093969
-1.3482318664113384,0.2767607455139042,-2.00481142927459,-0.3816422405973066,0.39231049889181935,0.8037044293494846
2.4101969540623585,-0.37498078342703967,-0.0717330462886073,0.17293277483910272,0.12089459401071441,-1.0228471715005711
0.6717274410280495,1.743982099395794,-1.02927673247312,1.1573897536836668,-1.563228443145879,0.014035220871546033
0.7589514027865342,1.611123474442899,-1.119137137808253,1.0779453336988463,-0.5392963890805518,0.5807321721462034
-1.5029693300743299,0.3674919582992789,-1.9015609639032858,-0.29516461492232166,-0.050145948729919745,0.6615555259929777
0.06186837744562125,-1.64286469339388,-0.87856476975404,-1.237060315113503,0.2580305310283481,-0.4083466766234759
-0.7307901701950417,2.0957207665948445,0.3474355996440328,-0.9639466272006519,-0.6516004095581636,0.2586854475408211
2.1955263545233925,-0.44873125939758307,-0.09286660370431712,0.12433030813374477,0.06173715910848713,0.2425726380490369
-0.9397686537344037,1.9432984748262054,0.3188245075239651,-1.016604289301392,0.4115488226029246,1.8976192693880833
0.4863077980211497,-0.37800594051659525,0.7470080684514793,2.1855461341789724,-1.7414120473152475,0.35951877721750736
-1.208277109097516,0.369638001969035,-1.876947643971274,-0.22911950625083524,1.4927465569019125,-0.5925102024145608
-1.233470848563389,0.3003816325019028,-1.9293173068658438,-0.28598699270122446,1.6543568558105555,-1.6709961924646977e-05
0.18106241425820682,-1.8549871031518856,-1.122261727813852,-1.4743688991791553,0.27110424325843235,0.8913640375505657
2.5860982669621824,-0.39636732952389886,-0.1721927438725044,0.08946758556165954,-0.3778829941537072,-1.3015948967712998
-1.2762210939101573,0.2926072904166214,-1.9876467766801935,-0.35414133712899404,0.7042214622416739,0.3896140357077566
0.6713488214190001,-0.25995516126399226,0.8473898655702207,2.3135582846971254,-1.2685228116913834,-1.2478401073053271
-0.9534581228195124,2.249062408071755,0.540262869472784,-0.7928583961751209,-0.9598448889950805,-0.19301253230778145
0.8480461602698811,1.4694973937628564,-1.1659034973275935,1.0454476855718253,1.2897691856943143,1.045886478834991
-0.971110019185297,0.14951316279070084,2.4446558148771578,0.39470916096399117,1.1662285652635214,-1.0210780008014393
2.412901122943849,-0.532137371743241,-0.2845426655444235,-0.049093889666105985,-0.7131005096969263,0.3804573561018017
-0.6924374962203288,2.033774300344329,0.3546841588062428,-0.9484557343436913,0.5716429380523418,0.3773768641685366
0.1715336330271792,-1.6191317051644045,-0.8527155952450707,-1.195475587889758,0.7347385293998288,-1.036156894502605
0.7696489024598282,-0.09646919712864586,1.3317272638344955,-1.9486879747092265,1.6061402036355217,0.4264844093417556
