cells_series,cells_parallel,cell_capacity_ah,chemistry_0,chemistry_1,chemistry_2,cooling_type_0,cooling_type_1,cooling_type_2
1.5295354496116036,-0.3974672287015621,-1.4427648121647567,-0.7161419580535134,1.3687816547538927,-0.6749845003342017,-0.7321873464434212,1.4815155007335354,-0.7145446229081065
0.6802181917896237,1.4010270188168177,0.40292633218159957,-0.7161419580535134,1.3687816547538927,-0.6749845003342017,-0.7321873464434212,1.4815155007335354,-0.7145446229081065
-0.5088259691611481,-1.2967143524607518,0.8837240385671138,-0.7161419580535134,1.3687816547538927,-0.6749845003342017,-0.7321873464434212,-0.6749845003342017,1.3994927229738652
-1.103348049636534,-0.3974672287015621,-1.8239160619274868,-0.7161419580535134,-0.7305767114330592,1.4815155007335354,1.365770666288445,-0.6749845003342017,-0.7145446229081065
0.0007643855320398109,0.5017798950576278,1.19463594411427,-0.7161419580535134,-0.7305767114330592,1.4815155007335354,1.365770666288445,-0.6749845003342017,-0.7145446229081065
1.5295354496116036,0.5017798950576278,-1.1781518336316215,-0.7161419580535134,-0.7305767114330592,1.4815155007335354,1.365770666288445,-0.6749845003342017,-0.7145446229081065
-0.16909906603235617,-1.2967143524607518,0.11254048709655899,-0.7161419580535134,-0.7305767114330592,1.4815155007335354,1.365770666288445,-0.6749845003342017,-0.7145446229081065
0.17062783709643578,-0.3974672287015621,-0.36795888494723156,-0.7161419580535134,-0.7305767114330592,1.4815155007335354,1.365770666288445,-0.6749845003342017,-0.7145446229081065
-0.84855287228994,-1.2967143524607518,0.7034491426782297,-0.7161419580535134,1.3687816547538927,-0.6749845003342017,-0.7321873464434212,1.4815155007335354,-0.7145446229081065
-0.84855287228994,-1.2967143524607518,-0.5253465842286597,-0.7161419580535134,1.3687816547538927,-0.6749845003342017,1.365770666288445,-0.6749845003342017,-0.7145446229081065
0.2555595628786338,-0.3974672287015621,1.2327400113356926,-0.7161419580535134,1.3687816547538927,-0.6749845003342017,-0.7321873464434212,1.4815155007335354,-0.7145446229081065
1.2747402722650096,-0.3974672287015621,0.7416803343495961,-0.7161419580535134,1.3687816547538927,-0.6749845003342017,-0.7321873464434212,1.4815155007335354,-0.7145446229081065
1.6144671753938016,1.4010270188168177,0.44978390317806455,-0.7161419580535134,-0.7305767114330592,1.4815155007335354,-0.7321873464434212,1.4815155007335354,-0.7145446229081065
0.2555595628786338,-0.3974672287015621,0.9734968115253317,-0.7161419580535134,-0.7305767114330592,1.4815155007335354,-0.7321873464434212,-0.6749845003342017,1.3994927229738652
-1.528006678547524,0.5017798950576278,0.8246362119583045,-0.7161419580535134,-0.7305767114330592,1.4815155007335354,-0.7321873464434212,-0.6749845003342017,1.3994927229738652
0.0856961113142378,-1.2967143524607518,-1.707354428046586,1.3963711925468212,-0.7305767114330592,-0.6749845003342017,-0.7321873464434212,1.4815155007335354,-0.7145446229081065
-1.612938404329722,-1.2967143524607518,-0.4422282794986745,-0.7161419580535134,1.3687816547538927,-0.6749845003342017,-0.7321873464434212,-0.6749845003342017,1.3994927229738652
0.2555595628786338,0.5017798950576278,1.4479837218004632,-0.7161419580535134,1.3687816547538927,-0.6749845003342017,1.365770666288445,-0.6749845003342017,-0.7145446229081065
0.7651499175718217,-0.3974672287015621,-1.3907672741472026,-0.7161419580535134,-0.7305767114330592,1.4815155007335354,1.365770666288445,-0.6749845003342017,-0.7145446229081065
1.4446037238294056,0.5017798950576278,0.7649528339322315,-0.7161419580535134,1.3687816547538927,-0.6749845003342017,-0.7321873464434212,1.4815155007335354,-0.7145446229081065
-1.612938404329722,0.5017798950576278,1.6023694539612514,-0.7161419580535134,1.3687816547538927,-0.6749845003342017,1.365770666288445,-0.6749845003342017,-0.7145446229081065
0.0007643855320398109,1.4010270188168177,-1.6500212594937818,-0.7161419580535134,-0.7305767114330592,1.4815155007335354,-0.7321873464434212,1.4815155007335354,-0.7145446229081065
1.0199450949184157,0.5017798950576278,0.571364094501487,1.3963711925468212,-0.7305767114330592,-0.6749845003342017,-0.7321873464434212,1.4815155007335354,-0.7145446229081065
-0.763621146507742,-1.2967143524607518,-0.1833475337482941,1.3963711925468212,-0.7305767114330592,-0.6749845003342017,1.365770666288445,-0.6749845003342017,-0.7145446229081065
0.0856961113142378,0.5017798950576278,0.20811680851203548,1.3963711925468212,-0.7305767114330592,-0.6749845003342017,-0.7321873464434212,-0.6749845003342017,1.3994927229738652
0.3404912886608317,-1.2967143524607518,-1.5331589105908416,-0.7161419580535134,-0.7305767114330592,1.4815155007335354,1.365770666288445,-0.6749845003342017,-0.7145446229081065
0.5103547402252278,-1.2967143524607518,-1.6824314356191927,-0.7161419580535134,1.3687816547538927,-0.6749845003342017,1.365770666288445,-0.6749845003342017,-0.7145446229081065
0.5952864660074257,-1.2967143524607518,0.5173197789163796,-0.7161419580535134,-0.7305767114330592,1.4815155007335354,-0.7321873464434212,1.4815155007335354,-0.7145446229081065
-0.4238942433789501,-0.3974672287015621,1.068942470550829,-0.7161419580535134,-0.7305767114330592,1.4815155007335354,-0.7321873464434212,1.4815155007335354,-0.7145446229081065
-0.5088259691611481,1.4010270188168177,0.9233380435970606,-0.7161419580535134,1.3687816547538927,-0.6749845003342017,-0.7321873464434212,1.4815155007335354,-0.7145446229081065
-1.528006678547524,-1.2967143524607518,0.08340261394020641,1.3963711925468212,-0.7305767114330592,-0.6749845003342017,-0.7321873464434212,1.4815155007335354,-0.7145446229081065
1.3596719980472076,-1.2967143524607518,-1.4819415422308377,1.3963711925468212,-0.7305767114330592,-0.6749845003342017,-0.7321873464434212,-0.6749845003342017,1.3994927229738652
-1.188279775418732,-0.3974672287015621,0.5919933855848147,-0.7161419580535134,-0.7305767114330592,1.4815155007335354,-0.7321873464434212,-0.6749845003342017,1.3994927229738652
0.0007643855320398109,-1.2967143524607518,-0.9811667687584492,1.3963711925468212,-0.7305767114330592,-0.6749845003342017,-0.7321873464434212,-0.6749845003342017,1.3994927229738652
-1.018416323854336,0.5017798950576278,1.3783847450942808,-0.7161419580535134,-0.7305767114330592,1.4815155007335354,-0.7321873464434212,1.4815155007335354,-0.7145446229081065
1.5295354496116036,0.5017798950576278,1.1216776033364513,-0.7161419580535134,-0.7305767114330592,1.4815155007335354,-0.7321873464434212,1.4815155007335354,-0.7145446229081065
-0.2540307918145541,1.4010270188168177,0.6672337670122835,-0.7161419580535134,1.3687816547538927,-0.6749845003342017,-0.7321873464434212,1.4815155007335354,-0.7145446229081065
-1.443074952765326,-1.2967143524607518,1.5115886644243075,-0.7161419580535134,1.3687816547538927,-0.6749845003342017,-0.7321873464434212,-0.6749845003342017,1.3994927229738652
0.3404912886608317,-0.3974672287015621,-1.7232810115986854,-0.7161419580535134,1.3687816547538927,-0.6749845003342017,-0.7321873464434212,1.4815155007335354,-0.7145446229081065
-0.5937576949433461,0.5017798950576278,0.7617930644417026,-0.7161419580535134,-0.7305767114330592,1.4815155007335354,1.365770666288445,-0.6749845003342017,-0.7145446229081065
-1.018416323854336,-0.3974672287015621,-0.6696278332404543,-0.7161419580535134,1.3687816547538927,-0.6749845003342017,1.365770666288445,-0.6749845003342017,-0.7145446229081065
0.4254230144430297,-0.3974672287015621,1.3607446365941123,1.3963711925468212,-0.7305767114330592,-0.6749845003342017,-0.7321873464434212,1.4815155007335354,-0.7145446229081065
-1.612938404329722,0.5017798950576278,-0.893769359366796,1.3963711925468212,-0.7305767114330592,-0.6749845003342017,1.365770666288445,-0.6749845003342017,-0.7145446229081065
-0.08416734025015818,-0.3974672287015621,0.7217939843769827,-0.7161419580535134,-0.7305767114330592,1.4815155007335354,1.365770666288445,-0.6749845003342017,-0.7145446229081065
0.5952864660074257,0.5017798950576278,1.2605387181683618,-0.7161419580535134,-0.7305767114330592,1.4815155007335354,-0.7321873464434212,-0.6749845003342017,1.3994927229738652
-1.188279775418732,-0.3974672287015621,-1.687192053640261,-0.7161419580535134,1.3687816547538927,-0.6749845003342017,-0.7321873464434212,1.4815155007335354,-0.7145446229081065
-1.103348049636534,0.5017798950576278,-0.4319561433333892,-0.7161419580535134,-0.7305767114330592,1.4815155007335354,-0.7321873464434212,1.4815155007335354,-0.7145446229081065
1.1898085464828116,-1.2967143524607518,0.8538529283393615,-0.7161419580535134,-0.7305767114330592,1.4815155007335354,-0.7321873464434212,-0.6749845003342017,1.3994927229738652
-0.5937576949433461,1.4010270188168177,-0.23001549579496414,1.3963711925468212,-0.7305767114330592,-0.6749845003342017,1.365770666288445,-0.6749845003342017,-0.7145446229081065
-0.3389625175967521,0.5017798950576278,-0.8917333098913959,1.3963711925468212,-0.7305767114330592,-0.6749845003342017,1.365770666288445,-0.6749845003342017,-0.7145446229081065
1.2747402722650096,0.5017798950576278,-1.0590340867939954,-0.7161419580535134,1.3687816547538927,-0.6749845003342017,-0.7321873464434212,1.4815155007335354,-0.7145446229081065
1.6144671753938016,1.4010270188168177,-1.3703374342436843,-0.7161419580535134,-0.7305767114330592,1.4815155007335354,1.365770666288445,-0.6749845003342017,-0.7145446229081065
-1.443074952765326,0.5017798950576278,1.18819343528843,-0.7161419580535134,-0.7305767114330592,1.4815155007335354,-0.7321873464434212,-0.6749845003342017,1.3994927229738652
-1.612938404329722,0.5017798950576278,0.1946478759454392,1.3963711925468212,-0.7305767114330592,-0.6749845003342017,-0.7321873464434212,-0.6749845003342017,1.3994927229738652
-1.27321150120093,-0.3974672287015621,-1.5647394611377823,-0.7161419580535134,-0.7305767114330592,1.4815155007335354,-0.7321873464434212,1.4815155007335354,-0.7145446229081065
-1.443074952765326,1.4010270188168177,-0.48508381654490584,1.3963711925468212,-0.7305767114330592,-0.6749845003342017,-0.7321873464434212,-0.6749845003342017,1.3994927229738652
0.6802181917896237,-1.2967143524607518,-0.5374337054593064,-0.7161419580535134,1.3687816547538927,-0.6749845003342017,-0.7321873464434212,-0.6749845003342017,1.3994927229738652
-0.2540307918145541,0.5017798950576278,-1.1932566954635204,1.3963711925468212,-0.7305767114330592,-0.6749845003342017,-0.7321873464434212,1.4815155007335354,-0.7145446229081065
0.4254230144430297,1.4010270188168177,-0.29846029362877313,-0.7161419580535134,-0.7305767114330592,1.4815155007335354,-0.7321873464434212,-0.6749845003342017,1.3994927229738652
1.1048768207006137,-0.3974672287015621,-0.6630814456851509,-0.7161419580535134,1.3687816547538927,-0.6749845003342017,-0.7321873464434212,-0.6749845003342017,1.3994927229738652
-0.933484598072138,-1.2967143524607518,-0.6288636021187275,1.3963711925468212,-0.7305767114330592,-0.6749845003342017,-0.7321873464434212,-0.6749845003342017,1.3994927229738652
1.2747402722650096,1.4010270188168177,0.7717581075636631,1.3963711925468212,-0.7305767114330592,-0.6749845003342017,1.365770666288445,-0.6749845003342017,-0.7145446229081065
-0.5937576949433461,-1.2967143524607518,-1.0468409281635107,-0.7161419580535134,1.3687816547538927,-0.6749845003342017,-0.7321873464434212,1.4815155007335354,-0.7145446229081065
0.8500816433540197,-1.2967143524607518,0.429145271634301,-0.7161419580535134,1.3687816547538927,-0.6749845003342017,-0.7321873464434212,1.4815155007335354,-0.7145446229081065
-0.5088259691611481,-1.2967143524607518,0.17805513283065025,1.3963711925468212,-0.7305767114330592,-0.6749845003342017,-0.7321873464434212,1.4815155007335354,-0.7145446229081065
-1.103348049636534,0.5017798950576278,0.16903866783977642,-0.7161419580535134,-0.7305767114330592,1.4815155007335354,1.365770666288445,-0.6749845003342017,-0.7145446229081065
-0.5937576949433461,0.5017798950576278,0.5037117009452896,1.3963711925468212,-0.7305767114330592,-0.6749845003342017,1.365770666288445,-0.6749845003342017,-0.7145446229081065
0.17062783709643578,-0.3974672287015621,0.09953883762254533,-0.7161419580535134,1.3687816547538927,-0.6749845003342017,-0.7321873464434212,1.4815155007335354,-0.7145446229081065
1.6144671753938016,-0.3974672287015621,1.2662089182315763,1.3963711925468212,-0.7305767114330592,-0.6749845003342017,1.365770666288445,-0.6749845003342017,-0.7145446229081065
0.0007643855320398109,1.4010270188168177,0.5480436436517694,-0.7161419580535134,1.3687816547538927,-0.6749845003342017,-0.7321873464434212,1.4815155007335354,-0.7145446229081065
-0.4238942433789501,-0.3974672287015621,0.09453615256867785,-0.7161419580535134,1.3687816547538927,-0.6749845003342017,1.365770666288445,-0.6749845003342017,-0.7145446229081065
-0.2540307918145541,-1.2967143524607518,1.0916984094987163,-0.7161419580535134,-0.7305767114330592,1.4815155007335354,-0.7321873464434212,-0.6749845003342017,1.3994927229738652
0.2555595628786338,-1.2967143524607518,0.30321859202783163,-0.7161419580535134,1.3687816547538927,-0.6749845003342017,-0.7321873464434212,-0.6749845003342017,1.3994927229738652
0.4254230144430297,0.5017798950576278,-0.80749062686083,-0.7161419580535134,1.3687816547538927,-0.6749845003342017,-0.7321873464434212,1.4815155007335354,-0.7145446229081065
0.3404912886608317,-1.2967143524607518,-1.1038515110689988,-0.7161419580535134,-0.7305767114330592,1.4815155007335354,1.365770666288445,-0.6749845003342017,-0.7145446229081065
0.6802181917896237,1.4010270188168177,-1.2969623412558087,-0.7161419580535134,1.3687816547538927,-0.6749845003342017,1.365770666288445,-0.6749845003342017,-0.7145446229081065
-0.5088259691611481,-1.2967143524607518,1.3374351712339136,-0.7161419580535134,-0.7305767114330592,1.4815155007335354,-0.7321873464434212,-0.6749845003342017,1.3994927229738652
-1.69787013011192,-1.2967143524607518,0.6698869839746261,-0.7161419580535134,-0.7305767114330592,1.4815155007335354,-0.7321873464434212,-0.6749845003342017,1.3994927229738652
0.3404912886608317,1.4010270188168177,1.4711537949109579,-0.7161419580535134,1.3687816547538927,-0.6749845003342017,1.365770666288445,-0.6749845003342017,-0.7145446229081065
-1.188279775418732,-0.3974672287015621,0.29315261089333927,-0.7161419580535134,1.3687816547538927,-0.6749845003342017,1.365770666288445,-0.6749845003342017,-0.7145446229081065
-1.018416323854336,-0.3974672287015621,-0.1648473437966274,1.3963711925468212,-0.7305767114330592,-0.6749845003342017,1.365770666288445,-0.6749845003342017,-0.7145446229081065
0.2555595628786338,1.4010270188168177,-1.623513021708029,-0.7161419580535134,-0.7305767114330592,1.4815155007335354,1.365770666288445,-0.6749845003342017,-0.7145446229081065
-1.69787013011192,0.5017798950576278,0.5341587860487854,1.3963711925468212,-0.7305767114330592,-0.6749845003342017,1.365770666288445,-0.6749845003342017,-0.7145446229081065
-1.103348049636534,-1.2967143524607518,0.21881305140291968,-0.7161419580535134,1.3687816547538927,-0.6749845003342017,1.365770666288445,-0.6749845003342017,-0.7145446229081065
0.2555595628786338,1.4010270188168177,1.6574358337479003,1.3963711925468212,-0.7305767114330592,-0.6749845003342017,-0.7321873464434212,1.4815155007335354,-0.7145446229081065
-0.84855287228994,-1.2967143524607518,-0.9907932174679236,-0.7161419580535134,-0.7305767114330592,1.4815155007335354,1.365770666288445,-0.6749845003342017,-0.7145446229081065
-0.3389625175967521,0.5017798950576278,0.03732307385549154,1.3963711925468212,-0.7305767114330592,-0.6749845003342017,-0.7321873464434212,-0.6749845003342017,1.3994927229738652
-1.103348049636534,-1.2967143524607518,0.46122293942473125,-0.7161419580535134,-0.7305767114330592,1.4815155007335354,-0.7321873464434212,1.4815155007335354,-0.7145446229081065
1.1898085464828116,1.4010270188168177,0.43877563464850383,-0.7161419580535134,1.3687816547538927,-0.6749845003342017,1.365770666288445,-0.6749845003342017,-0.7145446229081065
1.1898085464828116,-1.2967143524607518,0.14506526330045416,-0.7161419580535134,1.3687816547538927,-0.6749845003342017,-0.7321873464434212,-0.6749845003342017,1.3994927229738652
1.0199450949184157,-0.3974672287015621,0.9053999586006368,-0.7161419580535134,-0.7305767114330592,1.4815155007335354,-0.7321873464434212,1.4815155007335354,-0.7145446229081065
-1.358143226983128,0.5017798950576278,-1.1113045219058113,-0.7161419580535134,1.3687816547538927,-0.6749845003342017,-0.7321873464434212,-0.6749845003342017,1.3994927229738652
1.5295354496116036,0.5017798950576278,0.7245115029919573,-0.7161419580535134,1.3687816547538927,-0.6749845003342017,1.365770666288445,-0.6749845003342017,-0.7145446229081065
0.5952864660074257,0.5017798950576278,0.35113037954122317,-0.7161419580535134,1.3687816547538927,-0.6749845003342017,1.365770666288445,-0.6749845003342017,-0.7145446229081065
-1.188279775418732,1.4010270188168177,1.3255168174278766,-0.7161419580535134,1.3687816547538927,-0.6749845003342017,1.365770666288445,-0.6749845003342017,-0.7145446229081065
-1.018416323854336,0.5017798950576278,1.1531618507958281,-0.7161419580535134,-0.7305767114330592,1.4815155007335354,1.365770666288445,-0.6749845003342017,-0.7145446229081065
-1.103348049636534,-0.3974672287015621,-0.7228559426783697,1.3963711925468212,-0.7305767114330592,-0.6749845003342017,-0.7321873464434212,1.4815155007335354,-0.7145446229081065
-0.763621146507742,1.4010270188168177,-0.8600529595453936,1.3963711925468212,-0.7305767114330592,-0.6749845003342017,-0.7321873464434212,1.4815155007335354,-0.7145446229081065
1.1048768207006137,-0.3974672287015621,1.6272685947773116,-0.7161419580535134,1.3687816547538927,-0.6749845003342017,-0.7321873464434212,-0.6749845003342017,1.3994927229738652
1.0199450949184157,-1.2967143524607518,0.0250800652356969,1.3963711925468212,-0.7305767114330592,-0.6749845003342017,1.365770666288445,-0.6749845003342017,-0.7145446229081065
0.17062783709643578,-1.2967143524607518,1.3619966548805686,1.3963711925468212,-0.7305767114330592,-0.6749845003342017,-0.7321873464434212,-0.6749845003342017,1.3994927229738652
0.2555595628786338,-1.2967143524607518,-1.256225218425634,-0.7161419580535134,1.3687816547538927,-0.6749845003342017,-0.7321873464434212,1.4815155007335354,-0.7145446229081065
1.3596719980472076,-1.2967143524607518,0.4325265839308617,-0.7161419580535134,1.3687816547538927,-0.6749845003342017,1.365770666288445,-0.6749845003342017,-0.7145446229081065
1.1898085464828116,-0.3974672287015621,1.021519969907749,1.3963711925468212,-0.7305767114330592,-0.6749845003342017,1.365770666288445,-0.6749845003342017,-0.7145446229081065
1.6144671753938016,1.4010270188168177,1.5064734233224115,-0.7161419580535134,-0.7305767114330592,1.4815155007335354,-0.7321873464434212,1.4815155007335354,-0.7145446229081065
0.0856961113142378,1.4010270188168177,-0.6446022870164931,-0.7161419580535134,1.3687816547538927,-0.6749845003342017,-0.7321873464434212,1.4815155007335354,-0.7145446229081065
0.5103547402252278,0.5017798950576278,0.7222335773172306,-0.7161419580535134,-0.7305767114330592,1.4815155007335354,-0.7321873464434212,1.4815155007335354,-0.7145446229081065
1.1898085464828116,-0.3974672287015621,0.06579811223924525,1.3963711925468212,-0.7305767114330592,-0.6749845003342017,-0.7321873464434212,1.4815155007335354,-0.7145446229081065
-1.69787013011192,-1.2967143524607518,-1.6202957365055257,-0.7161419580535134,1.3687816547538927,-0.6749845003342017,-0.7321873464434212,1.4815155007335354,-0.7145446229081065
1.1898085464828116,-0.3974672287015621,0.5988878189517706,-0.7161419580535134,-0.7305767114330592,1.4815155007335354,1.365770666288445,-0.6749845003342017,-0.7145446229081065
1.3596719980472076,0.5017798950576278,0.5992292129430409,-0.7161419580535134,1.3687816547538927,-0.6749845003342017,-0.7321873464434212,1.4815155007335354,-0.7145446229081065
-0.5937576949433461,0.5017798950576278,1.4472767783191882,1.3963711925468212,-0.7305767114330592,-0.6749845003342017,1.365770666288445,-0.6749845003342017,-0.7145446229081065
-1.528006678547524,-0.3974672287015621,-0.0805343280640256,-0.7161419580535134,-0.7305767114330592,1.4815155007335354,1.365770666288445,-0.6749845003342017,-0.7145446229081065
-1.69787013011192,-0.3974672287015621,-1.0222026339435915,1.3963711925468212,-0.7305767114330592,-0.6749845003342017,-0.7321873464434212,1.4815155007335354,-0.7145446229081065
-1.358143226983128,-0.3974672287015621,-1.6769418518151156,1.3963711925468212,-0.7305767114330592,-0.6749845003342017,-0.7321873464434212,1.4815155007335354,-0.7145446229081065
0.4254230144430297,1.4010270188168177,-0.36850652756427543,-0.7161419580535134,1.3687816547538927,-0.6749845003342017,1.365770666288445,-0.6749845003342017,-0.7145446229081065
-0.5937576949433461,-1.2967143524607518,-0.7695065822371577,-0.7161419580535134,-0.7305767114330592,1.4815155007335354,-0.7321873464434212,1.4815155007335354,-0.7145446229081065
1.5295354496116036,-0.3974672287015621,0.8495486056535463,1.3963711925468212,-0.7305767114330592,-0.6749845003342017,-0.7321873464434212,1.4815155007335354,-0.7145446229081065
0.5103547402252278,-0.3974672287015621,-0.5849148916810163,1.3963711925468212,-0.7305767114330592,-0.6749845003342017,-0.7321873464434212,1.4815155007335354,-0.7145446229081065
-1.018416323854336,-0.3974672287015621,1.5123828702701325,-0.7161419580535134,-0.7305767114330592,1.4815155007335354,-0.7321873464434212,-0.6749845003342017,1.3994927229738652
-0.5088259691611481,0.5017798950576278,1.5590640721536109,1.3963711925468212,-0.7305767114330592,-0.6749845003342017,1.365770666288445,-0.6749845003342017,-0.7145446229081065
-0.5088259691611481,0.5017798950576278,0.355270010954191,1.3963711925468212,-0.7305767114330592,-0.6749845003342017,-0.7321873464434212,-0.6749845003342017,1.3994927229738652
0.4254230144430297,1.4010270188168177,1.4404132881711724,-0.7161419580535134,-0.7305767114330592,1.4815155007335354,-0.7321873464434212,1.4815155007335354,-0.7145446229081065
-0.6786894207255441,-1.2967143524607518,0.8487236491653338,-0.7161419580535134,-0.7305767114330592,1.4815155007335354,-0.7321873464434212,-0.6749845003342017,1.3994927229738652
0.9350133691362177,1.4010270188168177,0.09417081867735047,-0.7161419580535134,-0.7305767114330592,1.4815155007335354,-0.7321873464434212,1.4815155007335354,-0.7145446229081065
1.5295354496116036,-1.2967143524607518,-1.1983033518052761,-0.7161419580535134,-0.7305767114330592,1.4815155007335354,-0.7321873464434212,-0.6749845003342017,1.3994927229738652
0.9350133691362177,0.5017798950576278,-0.21704302232706132,-0.7161419580535134,1.3687816547538927,-0.6749845003342017,-0.7321873464434212,1.4815155007335354,-0.7145446229081065
-1.443074952765326,0.5017798950576278,0.1435875739818695,-0.7161419580535134,-0.7305767114330592,1.4815155007335354,-0.7321873464434212,-0.6749845003342017,1.3994927229738652
0.7651499175718217,0.5017798950576278,1.2122833805381674,-0.7161419580535134,1.3687816547538927,-0.6749845003342017,-0.7321873464434212,-0.6749845003342017,1.3994927229738652
1.3596719980472076,1.4010270188168177,-0.1368770880527496,-0.7161419580535134,1.3687816547538927,-0.6749845003342017,-0.7321873464434212,-0.6749845003342017,1.3994927229738652
0.17062783709643578,-0.3974672287015621,1.3311569252068651,-0.7161419580535134,1.3687816547538927,-0.6749845003342017,1.365770666288445,-0.6749845003342017,-0.7145446229081065
1.5295354496116036,-0.3974672287015621,0.5437026962909411,1.3963711925468212,-0.7305767114330592,-0.6749845003342017,-0.7321873464434212,-0.6749845003342017,1.3994927229738652
-0.5088259691611481,0.5017798950576278,-1.351011954826099,-0.7161419580535134,1.3687816547538927,-0.6749845003342017,1.365770666288445,-0.6749845003342017,-0.7145446229081065
0.6802181917896237,-0.3974672287015621,1.6742637505915616,-0.7161419580535134,1.3687816547538927,-0.6749845003342017,-0.7321873464434212,1.4815155007335354,-0.7145446229081065
1.2747402722650096,-0.3974672287015621,0.024965398006161977,1.3963711925468212,-0.7305767114330592,-0.6749845003342017,-0.7321873464434212,-0.6749845003342017,1.3994927229738652
-0.6786894207255441,1.4010270188168177,-0.4523693588940871,1.3963711925468212,-0.7305767114330592,-0.6749845003342017,-0.7321873464434212,1.4815155007335354,-0.7145446229081065
0.9350133691362177,-1.2967143524607518,0.4899827954025803,1.3963711925468212,-0.7305767114330592,-0.6749845003342017,-0.7321873464434212,1.4815155007335354,-0.7145446229081065
-1.188279775418732,0.5017798950576278,-1.4501138118579864,-0.7161419580535134,-0.7305767114330592,1.4815155007335354,-0.7321873464434212,-0.6749845003342017,1.3994927229738652
0.0856961113142378,0.5017798950576278,0.4103821385190179,1.3963711925468212,-0.7305767114330592,-0.6749845003342017,1.365770666288445,-0.6749845003342017,-0.7145446229081065
0.5952864660074257,1.4010270188168177,-0.07727784310195965,1.3963711925468212,-0.7305767114330592,-0.6749845003342017,-0.7321873464434212,-0.6749845003342017,1.3994927229738652
-1.612938404329722,1.4010270188168177,-0.40012842155811795,-0.7161419580535134,1.3687816547538927,-0.6749845003342017,-0.7321873464434212,1.4815155007335354,-0.7145446229081065
-1.27321150120093,-0.3974672287015621,1.526306565244788,1.3963711925468212,-0.7305767114330592,-0.6749845003342017,-0.7321873464434212,1.4815155007335354,-0.7145446229081065
0.5952864660074257,0.5017798950576278,0.008417912781304032,-0.7161419580535134,-0.7305767114330592,1.4815155007335354,-0.7321873464434212,-0.6749845003342017,1.3994927229738652
0.5952864660074257,-1.2967143524607518,-1.0614595382603977,1.3963711925468212,-0.7305767114330592,-0.6749845003342017,1.365770666288445,-0.6749845003342017,-0.7145446229081065
-0.08416734025015818,1.4010270188168177,-0.21575413005143115,-0.7161419580535134,-0.7305767114330592,1.4815155007335354,1.365770666288445,-0.6749845003342017,-0.7145446229081065
0.7651499175718217,-1.2967143524607518,1.407716779436017,1.3963711925468212,-0.7305767114330592,-0.6749845003342017,-0.7321873464434212,1.4815155007335354,-0.7145446229081065
-0.84855287228994,-1.2967143524607518,-1.2131566479453892,1.3963711925468212,-0.7305767114330592,-0.6749845003342017,-0.7321873464434212,1.4815155007335354,-0.7145446229081065
0.5952864660074257,0.5017798950576278,-1.079655433457786,1.3963711925468212,-0.7305767114330592,-0.6749845003342017,1.365770666288445,-0.6749845003342017,-0.7145446229081065
0.3404912886608317,0.5017798950576278,-1.788132743439438,1.3963711925468212,-0.7305767114330592,-0.6749845003342017,-0.7321873464434212,-0.6749845003342017,1.3994927229738652
1.5295354496116036,1.4010270188168177,-1.784040844477851,-0.7161419580535134,-0.7305767114330592,1.4815155007335354,-0.7321873464434212,1.4815155007335354,-0.7145446229081065
1.0199450949184157,0.5017798950576278,1.0903885109901648,-0.7161419580535134,-0.7305767114330592,1.4815155007335354,1.365770666288445,-0.6749845003342017,-0.7145446229081065
-1.69787013011192,0.5017798950576278,0.7474145343773126,-0.7161419580535134,1.3687816547538927,-0.6749845003342017,-0.7321873464434212,1.4815155007335354,-0.7145446229081065
0.5103547402252278,0.5017798950576278,-0.582188238337941,-0.7161419580535134,-0.7305767114330592,1.4815155007335354,-0.7321873464434212,-0.6749845003342017,1.3994927229738652
-0.6786894207255441,-1.2967143524607518,0.6281941771057338,1.3963711925468212,-0.7305767114330592,-0.6749845003342017,1.365770666288445,-0.6749845003342017,-0.7145446229081065
-1.528006678547524,1.4010270188168177,-0.4405654984463029,-0.7161419580535134,1.3687816547538927,-0.6749845003342017,-0.7321873464434212,1.4815155007335354,-0.7145446229081065
1.5295354496116036,-0.3974672287015621,1.5258720689342393,-0.7161419580535134,1.3687816547538927,-0.6749845003342017,-0.7321873464434212,-0.6749845003342017,1.3994927229738652
-1.27321150120093,-1.2967143524607518,1.5757862174680708,-0.7161419580535134,1.3687816547538927,-0.6749845003342017,-0.7321873464434212,1.4815155007335354,-0.7145446229081065
-1.103348049636534,0.5017798950576278,-0.44907082571705953,1.3963711925468212,-0.7305767114330592,-0.6749845003342017,-0.7321873464434212,-0.6749845003342017,1.3994927229738652
0.5103547402252278,-1.2967143524607518,1.1779409470078948,-0.7161419580535134,-0.7305767114330592,1.4815155007335354,-0.7321873464434212,-0.6749845003342017,1.3994927229738652
-1.018416323854336,0.5017798950576278,0.8918636205612869,1.3963711925468212,-0.7305767114330592,-0.6749845003342017,1.365770666288445,-0.6749845003342017,-0.7145446229081065
1.3596719980472076,0.5017798950576278,-0.7410048047252764,-0.7161419580535134,1.3687816547538927,-0.6749845003342017,-0.7321873464434212,-0.6749845003342017,1.3994927229738652
1.0199450949184157,-1.2967143524607518,-1.0158948809180801,1.3963711925468212,-0.7305767114330592,-0.6749845003342017,-0.7321873464434212,1.4815155007335354,-0.7145446229081065
0.2555595628786338,1.4010270188168177,-0.2183240066141399,1.3963711925468212,-0.7305767114330592,-0.6749845003342017,-0.7321873464434212,-0.6749845003342017,1.3994927229738652
-0.5088259691611481,0.5017798950576278,0.9209879612527009,-0.7161419580535134,-0.7305767114330592,1.4815155007335354,-0.7321873464434212,-0.6749845003342017,1.3994927229738652
0.9350133691362177,1.4010270188168177,1.55150983022748,-0.7161419580535134,-0.7305767114330592,1.4815155007335354,1.365770666288445,-0.6749845003342017,-0.7145446229081065
0.9350133691362177,-0.3974672287015621,0.8583311227997502,-0.7161419580535134,1.3687816547538927,-0.6749845003342017,-0.7321873464434212,-0.6749845003342017,1.3994927229738652
0.2555595628786338,0.5017798950576278,1.181414368976143,1.3963711925468212,-0.7305767114330592,-0.6749845003342017,-0.7321873464434212,-0.6749845003342017,1.3994927229738652
-0.763621146507742,1.4010270188168177,0.2923504395202051,1.3963711925468212,-0.7305767114330592,-0.6749845003342017,-0.7321873464434212,1.4815155007335354,-0.7145446229081065
1.5295354496116036,1.4010270188168177,1.1116018569005601,-0.7161419580535134,-0.7305767114330592,1.4815155007335354,1.365770666288445,-0.6749845003342017,-0.7145446229081065
-1.612938404329722,-0.3974672287015621,0.9318200023165596,1.3963711925468212,-0.7305767114330592,-0.6749845003342017,1.365770666288445,-0.6749845003342017,-0.7145446229081065
-1.528006678547524,1.4010270188168177,-0.5048112128584032,1.3963711925468212,-0.7305767114330592,-0.6749845003342017,1.365770666288445,-0.6749845003342017,-0.7145446229081065
1.3596719980472076,1.4010270188168177,0.11226170983331359,1.3963711925468212,-0.7305767114330592,-0.6749845003342017,-0.7321873464434212,-0.6749845003342017,1.3994927229738652
-0.3389625175967521,-0.3974672287015621,1.0035122782810064,-0.7161419580535134,-0.7305767114330592,1.4815155007335354,1.365770666288445,-0.6749845003342017,-0.7145446229081065
-1.612938404329722,0.5017798950576278,-1.671677796177919,-0.7161419580535134,1.3687816547538927,-0.6749845003342017,-0.7321873464434212,-0.6749845003342017,1.3994927229738652
-1.612938404329722,1.4010270188168177,1.015240436396202,-0.7161419580535134,1.3687816547538927,-0.6749845003342017,-0.7321873464434212,-0.6749845003342017,1.3994927229738652
0.5952864660074257,1.4010270188168177,-1.2068356915833847,1.3963711925468212,-0.7305767114330592,-0.6749845003342017,-0.7321873464434212,1.4815155007335354,-0.7145446229081065
0.17062783709643578,1.4010270188168177,-0.019282969996357733,-0.7161419580535134,1.3687816547538927,-0.6749845003342017,-0.7321873464434212,1.4815155007335354,-0.7145446229081065
1.3596719980472076,-1.2967143524607518,1.0159320935639438,-0.7161419580535134,-0.7305767114330592,1.4815155007335354,-0.7321873464434212,1.4815155007335354,-0.7145446229081065
0.9350133691362177,-0.3974672287015621,-0.9390934320712621,-0.7161419580535134,-0.7305767114330592,1.4815155007335354,-0.7321873464434212,1.4815155007335354,-0.7145446229081065
1.0199450949184157,-1.2967143524607518,-0.9673498037345559,-0.7161419580535134,1.3687816547538927,-0.6749845003342017,-0.7321873464434212,1.4815155007335354,-0.7145446229081065
-1.69787013011192,-0.3974672287015621,-0.41391406052592705,-0.7161419580535134,1.3687816547538927,-0.6749845003342017,-0.7321873464434212,-0.6749845003342017,1.3994927229738652
-0.16909906603235617,0.5017798950576278,1.3204664272609048,1.3963711925468212,-0.7305767114330592,-0.6749845003342017,-0.7321873464434212,-0.6749845003342017,1.3994927229738652
-1.612938404329722,0.5017798950576278,-1.8325141934815534,-0.7161419580535134,1.3687816547538927,-0.6749845003342017,1.365770666288445,-0.6749845003342017,-0.7145446229081065
0.4254230144430297,1.4010270188168177,1.3442329581758523,1.3963711925468212,-0.7305767114330592,-0.6749845003342017,-0.7321873464434212,-0.6749845003342017,1.3994927229738652
0.9350133691362177,-0.3974672287015621,-1.2917464927321858,1.3963711925468212,-0.7305767114330592,-0.6749845003342017,-0.7321873464434212,-0.6749845003342017,1.3994927229738652
-1.27321150120093,0.5017798950576278,1.6570038326746195,-0.7161419580535134,-0.7305767114330592,1.4815155007335354,-0.7321873464434212,1.4815155007335354,-0.7145446229081065
0.9350133691362177,-0.3974672287015621,1.5327485321021883,-0.7161419580535134,-0.7305767114330592,1.4815155007335354,-0.7321873464434212,-0.6749845003342017,1.3994927229738652
-1.443074952765326,0.5017798950576278,-0.08983338725804067,-0.7161419580535134,-0.7305767114330592,1.4815155007335354,-0.7321873464434212,1.4815155007335354,-0.7145446229081065
-0.84855287228994,-1.2967143524607518,-0.02620587904388957,-0.7161419580535134,-0.7305767114330592,1.4815155007335354,1.365770666288445,-0.6749845003342017,-0.7145446229081065
-0.3389625175967521,0.5017798950576278,-0.13611559232997003,-0.7161419580535134,1.3687816547538927,-0.6749845003342017,1.365770666288445,-0.6749845003342017,-0.7145446229081065
1.4446037238294056,-1.2967143524607518,0.40652112625529085,-0.7161419580535134,-0.7305767114330592,1.4815155007335354,-0.7321873464434212,-0.6749845003342017,1.3994927229738652
0.2555595628786338,0.5017798950576278,-1.5141875522392847,-0.7161419580535134,1.3687816547538927,-0.6749845003342017,1.365770666288445,-0.6749845003342017,-0.7145446229081065
-1.358143226983128,1.4010270188168177,-1.7190634264412343,-0.7161419580535134,-0.7305767114330592,1.4815155007335354,-0.7321873464434212,-0.6749845003342017,1.3994927229738652
1.1048768207006137,-1.2967143524607518,-1.6306129068500341,-0.7161419580535134,1.3687816547538927,-0.6749845003342017,1.365770666288445,-0.6749845003342017,-0.7145446229081065
-1.27321150120093,0.5017798950576278,-0.2672276489357967,1.3963711925468212,-0.7305767114330592,-0.6749845003342017,-0.7321873464434212,1.4815155007335354,-0.7145446229081065
0.0856961113142378,1.4010270188168177,-0.8624837578999098,-0.7161419580535134,1.3687816547538927,-0.6749845003342017,-0.7321873464434212,1.4815155007335354,-0.7145446229081065
-0.84855287228994,-1.2967143524607518,0.35925785843522845,-0.7161419580535134,1.3687816547538927,-0.6749845003342017,-0.7321873464434212,1.4815155007335354,-0.7145446229081065
-0.4238942433789501,1.4010270188168177,1.6653108656291897,-0.7161419580535134,-0.7305767114330592,1.4815155007335354,-0.7321873464434212,1.4815155007335354,-0.7145446229081065
1.0199450949184157,-0.3974672287015621,-0.47188639790788167,-0.7161419580535134,1.3687816547538927,-0.6749845003342017,-0.7321873464434212,-0.6749845003342017,1.3994927229738652
-1.018416323854336,-0.3974672287015621,0.1893089329445816,1.3963711925468212,-0.7305767114330592,-0.6749845003342017,1.365770666288445,-0.6749845003342017,-0.7145446229081065
-1.27321150120093,-1.2967143524607518,-0.36864154219255263,1.3963711925468212,-0.7305767114330592,-0.6749845003342017,-0.7321873464434212,-0.6749845003342017,1.3994927229738652
-0.4238942433789501,0.5017798950576278,1.153434161859471,-0.7161419580535134,-0.7305767114330592,1.4815155007335354,-0.7321873464434212,1.4815155007335354,-0.7145446229081065
0.6802181917896237,-1.2967143524607518,1.347241747953754,1.3963711925468212,-0.7305767114330592,-0.6749845003342017,-0.7321873464434212,-0.6749845003342017,1.3994927229738652
-1.528006678547524,1.4010270188168177,1.259511205294414,-0.7161419580535134,1.3687816547538927,-0.6749845003342017,1.365770666288445,-0.6749845003342017,-0.7145446229081065
-0.08416734025015818,0.5017798950576278,1.6015952330744871,1.3963711925468212,-0.7305767114330592,-0.6749845003342017,-0.7321873464434212,-0.6749845003342017,1.3994927229738652
1.2747402722650096,-0.3974672287015621,-1.7370418443262774,-0.7161419580535134,-0.7305767114330592,1.4815155007335354,1.365770666288445,-0.6749845003342017,-0.7145446229081065
-0.16909906603235617,0.5017798950576278,1.1271457876974325,-0.7161419580535134,1.3687816547538927,-0.6749845003342017,-0.7321873464434212,-0.6749845003342017,1.3994927229738652
0.4254230144430297,-0.3974672287015621,0.8166995939882796,-0.7161419580535134,-0.7305767114330592,1.4815155007335354,1.365770666288445,-0.6749845003342017,-0.7145446229081065
-1.528006678547524,0.5017798950576278,-1.027690947417406,-0.7161419580535134,1.3687816547538927,-0.6749845003342017,1.365770666288445,-0.6749845003342017,-0.7145446229081065
-0.16909906603235617,0.5017798950576278,1.53794273560158,1.3963711925468212,-0.7305767114330592,-0.6749845003342017,-0.7321873464434212,1.4815155007335354,-0.7145446229081065
-0.08416734025015818,0.5017798950576278,-1.3115948841187888,-0.7161419580535134,-0.7305767114330592,1.4815155007335354,1.365770666288445,-0.6749845003342017,-0.7145446229081065
0.9350133691362177,1.4010270188168177,0.5620414217502429,-0.7161419580535134,-0.7305767114330592,1.4815155007335354,-0.7321873464434212,1.4815155007335354,-0.7145446229081065
-1.188279775418732,1.4010270188168177,-1.0411046639012436,-0.7161419580535134,1.3687816547538927,-0.6749845003342017,-0.7321873464434212,1.4815155007335354,-0.7145446229081065
1.0199450949184157,-1.2967143524607518,-0.3130121582189567,-0.7161419580535134,-0.7305767114330592,1.4815155007335354,-0.7321873464434212,1.4815155007335354,-0.7145446229081065
1.6144671753938016,-1.2967143524607518,0.7017075646119469,-0.7161419580535134,1.3687816547538927,-0.6749845003342017,-0.7321873464434212,-0.6749845003342017,1.3994927229738652
1.5295354496116036,-0.3974672287015621,0.15222698991317676,-0.7161419580535134,1.3687816547538927,-0.6749845003342017,-0.7321873464434212,-0.6749845003342017,1.3994927229738652
-0.2540307918145541,1.4010270188168177,-0.3266890045819277,-0.7161419580535134,1.3687816547538927,-0.6749845003342017,-0.7321873464434212,-0.6749845003342017,1.3994927229738652
1.6144671753938016,-0.3974672287015621,-0.6833947026584299,-0.7161419580535134,1.3687816547538927,-0.6749845003342017,-0.7321873464434212,-0.6749845003342017,1.3994927229738652
-1.69787013011192,-1.2967143524607518,1.1265939405120624,1.3963711925468212,-0.7305767114330592,-0.6749845003342017,1.365770666288445,-0.6749845003342017,-0.7145446229081065
-0.84855287228994,-0.3974672287015621,-1.3269810128988955,-0.7161419580535134,1.3687816547538927,-0.6749845003342017,1.365770666288445,-0.6749845003342017,-0.7145446229081065
0.5952864660074257,-1.2967143524607518,-0.3175176279697956,-0.7161419580535134,-0.7305767114330592,1.4815155007335354,-0.7321873464434212,-0.6749845003342017,1.3994927229738652
0.3404912886608317,1.4010270188168177,1.3526054407796337,1.3963711925468212,-0.7305767114330592,-0.6749845003342017,1.365770666288445,-0.6749845003342017,-0.7145446229081065
0.17062783709643578,0.5017798950576278,1.1484197265136509,-0.7161419580535134,-0.7305767114330592,1.4815155007335354,1.365770666288445,-0.6749845003342017,-0.7145446229081065
0.8500816433540197,1.4010270188168177,-0.4203407389523445,1.3963711925468212,-0.7305767114330592,-0.6749845003342017,-0.7321873464434212,1.4815155007335354,-0.7145446229081065
0.7651499175718217,-0.3974672287015621,0.8566713995245647,-0.7161419580535134,1.3687816547538927,-0.6749845003342017,-0.7321873464434212,1.4815155007335354,-0.7145446229081065
1.1898085464828116,-0.3974672287015621,1.0684185048703412,1.3963711925468212,-0.7305767114330592,-0.6749845003342017,-0.7321873464434212,1.4815155007335354,-0.7145446229081065
-1.188279775418732,1.4010270188168177,1.300172778170743,1.3963711925468212,-0.7305767114330592,-0.6749845003342017,-0.7321873464434212,1.4815155007335354,-0.7145446229081065
-0.4238942433789501,1.4010270188168177,0.085870983705192,-0.7161419580535134,-0.7305767114330592,1.4815155007335354,1.365770666288445,-0.6749845003342017,-0.7145446229081065
0.4254230144430297,-1.2967143524607518,-1.1131392007186618,-0.7161419580535134,-0.7305767114330592,1.4815155007335354,-0.7321873464434212,-0.6749845003342017,1.3994927229738652
-1.612938404329722,-0.3974672287015621,-0.9338466977077531,-0.7161419580535134,1.3687816547538927,-0.6749845003342017,1.365770666288445,-0.6749845003342017,-0.7145446229081065
-1.69787013011192,-0.3974672287015621,-0.7914456642756654,1.3963711925468212,-0.7305767114330592,-0.6749845003342017,1.365770666288445,-0.6749845003342017,-0.7145446229081065
-0.763621146507742,1.4010270188168177,0.2596929184415692,1.3963711925468212,-0.7305767114330592,-0.6749845003342017,1.365770666288445,-0.6749845003342017,-0.7145446229081065
-1.358143226983128,0.5017798950576278,-1.718387570893147,1.3963711925468212,-0.7305767114330592,-0.6749845003342017,-0.7321873464434212,1.4815155007335354,-0.7145446229081065
1.3596719980472076,-0.3974672287015621,0.4086325975815464,-0.7161419580535134,1.3687816547538927,-0.6749845003342017,-0.7321873464434212,1.4815155007335354,-0.7145446229081065
0.9350133691362177,0.5017798950576278,-0.5493496320321818,-0.7161419580535134,1.3687816547538927,-0.6749845003342017,-0.7321873464434212,1.4815155007335354,-0.7145446229081065
-1.018416323854336,1.4010270188168177,-0.793042505252235,-0.7161419580535134,1.3687816547538927,-0.6749845003342017,-0.7321873464434212,-0.6749845003342017,1.3994927229738652
1.1898085464828116,1.4010270188168177,1.2670603001395997,-0.7161419580535134,1.3687816547538927,-0.6749845003342017,1.365770666288445,-0.6749845003342017,-0.7145446229081065
-0.16909906603235617,-1.2967143524607518,-0.21209087507817578,-0.7161419580535134,1.3687816547538927,-0.6749845003342017,-0.7321873464434212,-0.6749845003342017,1.3994927229738652
-0.4238942433789501,-0.3974672287015621,-1.4989150838506455,-0.7161419580535134,-0.7305767114330592,1.4815155007335354,-0.7321873464434212,1.4815155007335354,-0.7145446229081065
-1.528006678547524,0.5017798950576278,1.0810626456272623,1.3963711925468212,-0.7305767114330592,-0.6749845003342017,-0.7321873464434212,-0.6749845003342017,1.3994927229738652
-0.08416734025015818,-1.2967143524607518,-1.6660907116338448,1.3963711925468212,-0.7305767114330592,-0.6749845003342017,1.365770666288445,-0.6749845003342017,-0.7145446229081065
0.2555595628786338,-0.3974672287015621,0.7284677985961225,1.3963711925468212,-0.7305767114330592,-0.6749845003342017,1.365770666288445,-0.6749845003342017,-0.7145446229081065
1.0199450949184157,-1.2967143524607518,0.8947450261617633,1.3963711925468212,-0.7305767114330592,-0.6749845003342017,-0.7321873464434212,1.4815155007335354,-0.7145446229081065
0.2555595628786338,1.4010270188168177,-0.5907863004104055,1.3963711925468212,-0.7305767114330592,-0.6749845003342017,-0.7321873464434212,1.4815155007335354,-0.7145446229081065
-0.84855287228994,-0.3974672287015621,1.0741554540938751,1.3963711925468212,-0.7305767114330592,-0.6749845003342017,-0.7321873464434212,-0.6749845003342017,1.3994927229738652
-1.103348049636534,-1.2967143524607518,-0.015842304691163104,1.3963711925468212,-0.7305767114330592,-0.6749845003342017,-0.7321873464434212,1.4815155007335354,-0.7145446229081065
1.2747402722650096,-1.2967143524607518,-0.20048578501618985,1.3963711925468212,-0.7305767114330592,-0.6749845003342017,-0.7321873464434212,1.4815155007335354,-0.7145446229081065
1.4446037238294056,0.5017798950576278,-1.6739818933927784,-0.7161419580535134,-0.7305767114330592,1.4815155007335354,1.365770666288445,-0.6749845003342017,-0.7145446229081065
1.6144671753938016,-1.2967143524607518,-0.8114223468555606,1.3963711925468212,-0.7305767114330592,-0.6749845003342017,-0.7321873464434212,1.4815155007335354,-0.7145446229081065
-0.08416734025015818,-0.3974672287015621,1.4486983559128086,-0.7161419580535134,-0.7305767114330592,1.4815155007335354,-0.7321873464434212,1.4815155007335354,-0.7145446229081065
1.1898085464828116,-0.3974672287015621,-0.452490418699104,-0.7161419580535134,1.3687816547538927,-0.6749845003342017,1.365770666288445,-0.6749845003342017,-0.7145446229081065
0.3404912886608317,0.5017798950576278,0.09360975450111328,1.3963711925468212,-0.7305767114330592,-0.6749845003342017,1.365770666288445,-0.6749845003342017,-0.7145446229081065
1.1898085464828116,-0.3974672287015621,0.04185164425989722,-0.7161419580535134,1.3687816547538927,-0.6749845003342017,-0.7321873464434212,-0.6749845003342017,1.3994927229738652
0.3404912886608317,1.4010270188168177,0.2478052755710262,-0.7161419580535134,1.3687816547538927,-0.6749845003342017,-0.7321873464434212,1.4815155007335354,-0.7145446229081065
0.6802181917896237,-0.3974672287015621,-1.6178203555941746,-0.7161419580535134,1.3687816547538927,-0.6749845003342017,1.365770666288445,-0.6749845003342017,-0.7145446229081065
-0.2540307918145541,-0.3974672287015621,-0.5570292787020171,-0.7161419580535134,-0.7305767114330592,1.4815155007335354,-0.7321873464434212,-0.6749845003342017,1.3994927229738652
-0.2540307918145541,-1.2967143524607518,0.7157002008850644,-0.7161419580535134,1.3687816547538927,-0.6749845003342017,-0.7321873464434212,-0.6749845003342017,1.3994927229738652
-1.612938404329722,-1.2967143524607518,-1.126892976477988,-0.7161419580535134,1.3687816547538927,-0.6749845003342017,-0.7321873464434212,1.4815155007335354,-0.7145446229081065
1.1898085464828116,-0.3974672287015621,-1.1162509566728636,-0.7161419580535134,1.3687816547538927,-0.6749845003342017,-0.7321873464434212,1.4815155007335354,-0.7145446229081065
-0.4238942433789501,0.5017798950576278,-1.798495623248704,1.3963711925468212,-0.7305767114330592,-0.6749845003342017,-0.7321873464434212,-0.6749845003342017,1.3994927229738652
1.2747402722650096,-1.2967143524607518,-0.2914988385750747,1.3963711925468212,-0.7305767114330592,-0.6749845003342017,1.365770666288445,-0.6749845003342017,-0.7145446229081065
1.0199450949184157,0.5017798950576278,1.2784769315720483,-0.7161419580535134,-0.7305767114330592,1.4815155007335354,-0.7321873464434212,-0.6749845003342017,1.3994927229738652
-1.443074952765326,-0.3974672287015621,-1.6510709088587399,-0.7161419580535134,-0.7305767114330592,1.4815155007335354,-0.7321873464434212,1.4815155007335354,-0.7145446229081065
1.0199450949184157,-0.3974672287015621,-1.1601841832380178,1.3963711925468212,-0.7305767114330592,-0.6749845003342017,1.365770666288445,-0.6749845003342017,-0.7145446229081065
-0.5937576949433461,1.4010270188168177,-0.7407064980290871,-0.7161419580535134,-0.7305767114330592,1.4815155007335354,1.365770666288445,-0.6749845003342017,-0.7145446229081065
0.0007643855320398109,-1.2967143524607518,0.7460116298192696,1.3963711925468212,-0.7305767114330592,-0.6749845003342017,-0.7321873464434212,-0.6749845003342017,1.3994927229738652
-0.08416734025015818,-0.3974672287015621,0.42482811398791964,-0.7161419580535134,1.3687816547538927,-0.6749845003342017,-0.7321873464434212,1.4815155007335354,-0.7145446229081065
-1.103348049636534,1.4010270188168177,-0.36744265968048173,-0.7161419580535134,1.3687816547538927,-0.6749845003342017,-0.7321873464434212,-0.6749845003342017,1.3994927229738652
-1.188279775418732,-1.2967143524607518,0.8424282476096336,-0.7161419580535134,-0.7305767114330592,1.4815155007335354,-0.7321873464434212,-0.6749845003342017,1.3994927229738652
-1.528006678547524,-0.3974672287015621,0.3155048733906749,1.3963711925468212,-0.7305767114330592,-0.6749845003342017,-0.7321873464434212,-0.6749845003342017,1.3994927229738652
-0.3389625175967521,-0.3974672287015621,1.3253958316280765,1.3963711925468212,-0.7305767114330592,-0.6749845003342017,1.365770666288445,-0.6749845003342017,-0.7145446229081065
1.0199450949184157,-1.2967143524607518,1.0503155531773687,-0.7161419580535134,-0.7305767114330592,1.4815155007335354,1.365770666288445,-0.6749845003342017,-0.7145446229081065
-0.763621146507742,-1.2967143524607518,-0.9426458139180661,1.3963711925468212,-0.7305767114330592,-0.6749845003342017,-0.7321873464434212,1.4815155007335354,-0.7145446229081065
0.0856961113142378,-1.2967143524607518,-0.8769735109843995,-0.7161419580535134,1.3687816547538927,-0.6749845003342017,-0.7321873464434212,1.4815155007335354,-0.7145446229081065
0.0856961113142378,-0.3974672287015621,-1.3920641258700905,-0.7161419580535134,-0.7305767114330592,1.4815155007335354,-0.7321873464434212,-0.6749845003342017,1.3994927229738652
0.7651499175718217,-0.3974672287015621,-0.6459260145303594,-0.7161419580535134,-0.7305767114330592,1.4815155007335354,-0.7321873464434212,-0.6749845003342017,1.3994927229738652
1.4446037238294056,1.4010270188168177,1.690351459785035,1.3963711925468212,-0.7305767114330592,-0.6749845003342017,-0.7321873464434212,-0.6749845003342017,1.3994927229738652
1.4446037238294056,0.5017798950576278,-0.4033826042069413,-0.7161419580535134,-0.7305767114330592,1.4815155007335354,-0.7321873464434212,1.4815155007335354,-0.7145446229081065
-1.103348049636534,-1.2967143524607518,-1.0566255020717168,1.3963711925468212,-0.7305767114330592,-0.6749845003342017,1.365770666288445,-0.6749845003342017,-0.7145446229081065
0.5103547402252278,-0.3974672287015621,0.8544659381886347,1.3963711925468212,-0.7305767114330592,-0.6749845003342017,1.365770666288445,-0.6749845003342017,-0.7145446229081065
0.5103547402252278,-0.3974672287015621,0.07869632887807025,1.3963711925468212,-0.7305767114330592,-0.6749845003342017,-0.7321873464434212,-0.6749845003342017,1.3994927229738652
1.1048768207006137,-1.2967143524607518,-1.3065754980959057,1.3963711925468212,-0.7305767114330592,-0.6749845003342017,-0.7321873464434212,-0.6749845003342017,1.3994927229738652
0.0007643855320398109,0.5017798950576278,-0.49175028799554077,1.3963711925468212,-0.7305767114330592,-0.6749845003342017,-0.7321873464434212,-0.6749845003342017,1.3994927229738652
0.7651499175718217,-1.2967143524607518,-0.37264070195117244,-0.7161419580535134,-0.7305767114330592,1.4815155007335354,-0.7321873464434212,-0.6749845003342017,1.3994927229738652
1.0199450949184157,0.5017798950576278,0.823954508226741,-0.7161419580535134,1.3687816547538927,-0.6749845003342017,-0.7321873464434212,1.4815155007335354,-0.7145446229081065
0.5952864660074257,-0.3974672287015621,-1.761187484603888,-0.7161419580535134,1.3687816547538927,-0.6749845003342017,1.365770666288445,-0.6749845003342017,-0.7145446229081065
1.0199450949184157,0.5017798950576278,-0.885502745955112,-0.7161419580535134,-0.7305767114330592,1.4815155007335354,-0.7321873464434212,-0.6749845003342017,1.3994927229738652
-1.358143226983128,1.4010270188168177,-0.009012743366386102,-0.7161419580535134,-0.7305767114330592,1.4815155007335354,-0.7321873464434212,1.4815155007335354,-0.7145446229081065
-0.16909906603235617,-0.3974672287015621,-0.8861124127418034,-0.7161419580535134,1.3687816547538927,-0.6749845003342017,-0.7321873464434212,-0.6749845003342017,1.3994927229738652
-1.443074952765326,1.4010270188168177,0.38180503699938184,-0.7161419580535134,1.3687816547538927,-0.6749845003342017,-0.7321873464434212,-0.6749845003342017,1.3994927229738652
1.1898085464828116,-1.2967143524607518,-0.13499382306169205,-0.7161419580535134,1.3687816547538927,-0.6749845003342017,1.365770666288445,-0.6749845003342017,-0.7145446229081065
-0.3389625175967521,-1.2967143524607518,-0.5586724108322775,-0.7161419580535134,1.3687816547538927,-0.6749845003342017,-0.7321873464434212,-0.6749845003342017,1.3994927229738652
0.5952864660074257,-1.2967143524607518,1.512867455229759,-0.7161419580535134,1.3687816547538927,-0.6749845003342017,1.365770666288445,-0.6749845003342017,-0.7145446229081065
0.7651499175718217,0.5017798950576278,0.39494111060068565,1.3963711925468212,-0.7305767114330592,-0.6749845003342017,1.365770666288445,-0.6749845003342017,-0.7145446229081065
0.6802181917896237,-0.3974672287015621,-1.3758976200832391,-0.7161419580535134,-0.7305767114330592,1.4815155007335354,1.365770666288445,-0.6749845003342017,-0.7145446229081065
-1.27321150120093,-1.2967143524607518,0.140827513895382,1.3963711925468212,-0.7305767114330592,-0.6749845003342017,-0.7321873464434212,1.4815155007335354,-0.7145446229081065
1.1898085464828116,-1.2967143524607518,0.9188124419920093,-0.7161419580535134,1.3687816547538927,-0.6749845003342017,-0.7321873464434212,1.4815155007335354,-0.7145446229081065
1.3596719980472076,-0.3974672287015621,0.6640840670905492,-0.7161419580535134,1.3687816547538927,-0.6749845003342017,1.365770666288445,-0.6749845003342017,-0.7145446229081065
0.2555595628786338,-1.2967143524607518,-1.2272827978798713,-0.7161419580535134,1.3687816547538927,-0.6749845003342017,-0.7321873464434212,-0.6749845003342017,1.3994927229738652
0.6802181917896237,1.4010270188168177,1.594711567632536,1.3963711925468212,-0.7305767114330592,-0.6749845003342017,1.365770666288445,-0.6749845003342017,-0.7145446229081065
0.8500816433540197,-0.3974672287015621,-0.25154279943600916,1.3963711925468212,-0.7305767114330592,-0.6749845003342017,-0.7321873464434212,-0.6749845003342017,1.3994927229738652
1.1898085464828116,-0.3974672287015621,-1.2733477154110833,-0.7161419580535134,1.3687816547538927,-0.6749845003342017,1.365770666288445,-0.6749845003342017,-0.7145446229081065
1.0199450949184157,-0.3974672287015621,-1.1986989069848712,1.3963711925468212,-0.7305767114330592,-0.6749845003342017,-0.7321873464434212,-0.6749845003342017,1.3994927229738652
0.0007643855320398109,1.4010270188168177,-1.487695428334277,1.3963711925468212,-0.7305767114330592,-0.6749845003342017,-0.7321873464434212,1.4815155007335354,-0.7145446229081065
0.9350133691362177,-0.3974672287015621,0.9991575771691438,-0.7161419580535134,1.3687816547538927,-0.6749845003342017,-0.7321873464434212,-0.6749845003342017,1.3994927229738652
0.17062783709643578,1.4010270188168177,-1.4037916531931331,1.3963711925468212,-0.7305767114330592,-0.6749845003342017,1.365770666288445,-0.6749845003342017,-0.7145446229081065
1.0199450949184157,-0.3974672287015621,-1.392879410942176,-0.7161419580535134,-0.7305767114330592,1.4815155007335354,-0.7321873464434212,1.4815155007335354,-0.7145446229081065
-1.528006678547524,0.5017798950576278,1.1647172873562126,-0.7161419580535134,-0.7305767114330592,1.4815155007335354,-0.7321873464434212,-0.6749845003342017,1.3994927229738652
-0.2540307918145541,-1.2967143524607518,-0.6189893676995095,-0.7161419580535134,-0.7305767114330592,1.4815155007335354,-0.7321873464434212,-0.6749845003342017,1.3994927229738652
0.3404912886608317,0.5017798950576278,-1.7252694034364182,-0.7161419580535134,-0.7305767114330592,1.4815155007335354,-0.7321873464434212,-0.6749845003342017,1.3994927229738652
0.8500816433540197,-1.2967143524607518,-1.651090810043639,-0.7161419580535134,1.3687816547538927,-0.6749845003342017,-0.7321873464434212,-0.6749845003342017,1.3994927229738652
-1.528006678547524,1.4010270188168177,-1.3327774746904815,-0.7161419580535134,1.3687816547538927,-0.6749845003342017,-0.7321873464434212,-0.6749845003342017,1.3994927229738652
1.6144671753938016,0.5017798950576278,-1.0816430266815322,-0.7161419580535134,1.3687816547538927,-0.6749845003342017,-0.7321873464434212,1.4815155007335354,-0.7145446229081065
0.2555595628786338,-0.3974672287015621,0.5112533543535419,-0.7161419580535134,-0.7305767114330592,1.4815155007335354,-0.7321873464434212,1.4815155007335354,-0.7145446229081065
0.9350133691362177,-1.2967143524607518,-1.2793374748950885,-0.7161419580535134,-0.7305767114330592,1.4815155007335354,-0.7321873464434212,1.4815155007335354,-0.7145446229081065
0.0856961113142378,-1.2967143524607518,-1.4149201835811063,1.3963711925468212,-0.7305767114330592,-0.6749845003342017,-0.7321873464434212,1.4815155007335354,-0.7145446229081065
0.17062783709643578,0.5017798950576278,0.8623510588093234,1.3963711925468212,-0.7305767114330592,-0.6749845003342017,1.365770666288445,-0.6749845003342017,-0.7145446229081065
-1.612938404329722,1.4010270188168177,0.532089011618753,-0.7161419580535134,-0.7305767114330592,1.4815155007335354,-0.7321873464434212,1.4815155007335354,-0.7145446229081065
0.5103547402252278,0.5017798950576278,-0.2991069826254021,-0.7161419580535134,-0.7305767114330592,1.4815155007335354,-0.7321873464434212,-0.6749845003342017,1.3994927229738652
-1.612938404329722,1.4010270188168177,0.10281006477558746,-0.7161419580535134,-0.7305767114330592,1.4815155007335354,-0.7321873464434212,-0.6749845003342017,1.3994927229738652
0.4254230144430297,1.4010270188168177,-0.7340088579308571,-0.7161419580535134,-0.7305767114330592,1.4815155007335354,-0.7321873464434212,1.4815155007335354,-0.7145446229081065
-0.3389625175967521,-1.2967143524607518,-0.13276205103386995,1.3963711925468212,-0.7305767114330592,-0.6749845003342017,-0.7321873464434212,-0.6749845003342017,1.3994927229738652
1.6144671753938016,0.5017798950576278,-0.0475299246359991,-0.7161419580535134,-0.7305767114330592,1.4815155007335354,-0.7321873464434212,1.4815155007335354,-0.7145446229081065
1.0199450949184157,0.5017798950576278,-0.46866325593978253,1.3963711925468212,-0.7305767114330592,-0.6749845003342017,-0.7321873464434212,-0.6749845003342017,1.3994927229738652
-1.018416323854336,1.4010270188168177,1.36252995625325,-0.7161419580535134,-0.7305767114330592,1.4815155007335354,1.365770666288445,-0.6749845003342017,-0.7145446229081065
1.5295354496116036,0.5017798950576278,-1.777440757070857,-0.7161419580535134,-0.7305767114330592,1.4815155007335354,1.365770666288445,-0.6749845003342017,-0.7145446229081065
0.6802181917896237,-0.3974672287015621,0.9238878517522913,-0.7161419580535134,-0.7305767114330592,1.4815155007335354,-0.7321873464434212,1.4815155007335354,-0.7145446229081065
0.4254230144430297,-0.3974672287015621,-1.3954972307074607,1.3963711925468212,-0.7305767114330592,-0.6749845003342017,-0.7321873464434212,1.4815155007335354,-0.7145446229081065
1.1898085464828116,0.5017798950576278,0.9781045106593117,1.3963711925468212,-0.7305767114330592,-0.6749845003342017,-0.7321873464434212,1.4815155007335354,-0.7145446229081065
0.3404912886608317,0.5017798950576278,0.3376515612656208,-0.7161419580535134,1.3687816547538927,-0.6749845003342017,-0.7321873464434212,-0.6749845003342017,1.3994927229738652
0.2555595628786338,1.4010270188168177,1.1393526700402907,-0.7161419580535134,-0.7305767114330592,1.4815155007335354,-0.7321873464434212,1.4815155007335354,-0.7145446229081065
-0.6786894207255441,-0.3974672287015621,-1.490236523860361,-0.7161419580535134,1.3687816547538927,-0.6749845003342017,1.365770666288445,-0.6749845003342017,-0.7145446229081065
-1.188279775418732,-0.3974672287015621,0.13690986557551804,-0.7161419580535134,1.3687816547538927,-0.6749845003342017,-0.7321873464434212,-0.6749845003342017,1.3994927229738652
1.2747402722650096,-1.2967143524607518,-0.0672220150289535,1.3963711925468212,-0.7305767114330592,-0.6749845003342017,-0.7321873464434212,1.4815155007335354,-0.7145446229081065
-0.08416734025015818,1.4010270188168177,0.6559864763101032,1.3963711925468212,-0.7305767114330592,-0.6749845003342017,-0.7321873464434212,-0.6749845003342017,1.3994927229738652
-1.69787013011192,-1.2967143524607518,0.049851769718649484,-0.7161419580535134,1.3687816547538927,-0.6749845003342017,-0.7321873464434212,-0.6749845003342017,1.3994927229738652
-1.103348049636534,-0.3974672287015621,0.07257359347502078,-0.7161419580535134,-0.7305767114330592,1.4815155007335354,-0.7321873464434212,1.4815155007335354,-0.7145446229081065
-0.4238942433789501,1.4010270188168177,-0.31930509134520724,1.3963711925468212,-0.7305767114330592,-0.6749845003342017,-0.7321873464434212,-0.6749845003342017,1.3994927229738652
-0.5937576949433461,0.5017798950576278,-0.7451144450231905,-0.7161419580535134,-0.7305767114330592,1.4815155007335354,1.365770666288445,-0.6749845003342017,-0.7145446229081065
-0.763621146507742,1.4010270188168177,-0.13359440328822927,-0.7161419580535134,-0.7305767114330592,1.4815155007335354,1.365770666288445,-0.6749845003342017,-0.7145446229081065
0.17062783709643578,0.5017798950576278,-1.4162672432537684,-0.7161419580535134,1.3687816547538927,-0.6749845003342017,-0.7321873464434212,-0.6749845003342017,1.3994927229738652
-0.5088259691611481,0.5017798950576278,1.5562543017232433,-0.7161419580535134,1.3687816547538927,-0.6749845003342017,-0.7321873464434212,1.4815155007335354,-0.7145446229081065
0.5952864660074257,1.4010270188168177,0.6849619539581755,-0.7161419580535134,1.3687816547538927,-0.6749845003342017,-0.7321873464434212,-0.6749845003342017,1.3994927229738652
1.1048768207006137,0.5017798950576278,1.5243570046163575,-0.7161419580535134,1.3687816547538927,-0.6749845003342017,1.365770666288445,-0.6749845003342017,-0.7145446229081065
-1.612938404329722,-1.2967143524607518,-1.034626753860601,1.3963711925468212,-0.7305767114330592,-0.6749845003342017,-0.7321873464434212,-0.6749845003342017,1.3994927229738652
0.9350133691362177,-0.3974672287015621,1.2665118234387698,1.3963711925468212,-0.7305767114330592,-0.6749845003342017,-0.7321873464434212,-0.6749845003342017,1.3994927229738652
0.17062783709643578,0.5017798950576278,1.0177463973082763,-0.7161419580535134,1.3687816547538927,-0.6749845003342017,1.365770666288445,-0.6749845003342017,-0.7145446229081065
0.0856961113142378,-1.2967143524607518,0.5535877009096405,1.3963711925468212,-0.7305767114330592,-0.6749845003342017,-0.7321873464434212,-0.6749845003342017,1.3994927229738652
0.3404912886608317,0.5017798950576278,0.36979937651180816,-0.7161419580535134,1.3687816547538927,-0.6749845003342017,-0.7321873464434212,-0.6749845003342017,1.3994927229738652
0.0856961113142378,-0.3974672287015621,-0.7179102337284985,-0.7161419580535134,-0.7305767114330592,1.4815155007335354,-0.7321873464434212,1.4815155007335354,-0.7145446229081065
0.0856961113142378,-1.2967143524607518,1.0446176068215156,-0.7161419580535134,-0.7305767114330592,1.4815155007335354,-0.7321873464434212,1.4815155007335354,-0.7145446229081065
-1.27321150120093,-0.3974672287015621,-0.06571434865861957,-0.7161419580535134,-0.7305767114330592,1.4815155007335354,1.365770666288445,-0.6749845003342017,-0.7145446229081065
-0.5088259691611481,-0.3974672287015621,-1.5841092732634663,-0.7161419580535134,1.3687816547538927,-0.6749845003342017,1.365770666288445,-0.6749845003342017,-0.7145446229081065
1.3596719980472076,-1.2967143524607518,-0.7309089775909966,-0.7161419580535134,-0.7305767114330592,1.4815155007335354,1.365770666288445,-0.6749845003342017,-0.7145446229081065
1.0199450949184157,-1.2967143524607518,1.463814918411947,1.3963711925468212,-0.7305767114330592,-0.6749845003342017,-0.7321873464434212,1.4815155007335354,-0.7145446229081065
-1.103348049636534,-1.2967143524607518,1.165452979920385,-0.7161419580535134,-0.7305767114330592,1.4815155007335354,1.365770666288445,-0.6749845003342017,-0.7145446229081065
-1.358143226983128,1.4010270188168177,1.6281584751434168,-0.7161419580535134,-0.7305767114330592,1.4815155007335354,1.365770666288445,-0.6749845003342017,-0.7145446229081065
1.5295354496116036,-1.2967143524607518,0.38025123740583855,-0.7161419580535134,-0.7305767114330592,1.4815155007335354,1.365770666288445,-0.6749845003342017,-0.7145446229081065
-1.443074952765326,-1.2967143524607518,-0.9613462571155235,1.3963711925468212,-0.7305767114330592,-0.6749845003342017,-0.7321873464434212,1.4815155007335354,-0.7145446229081065
-1.27321150120093,-1.2967143524607518,-1.2599838805037546,-0.7161419580535134,1.3687816547538927,-0.6749845003342017,-0.7321873464434212,-0.6749845003342017,1.3994927229738652
0.9350133691362177,-1.2967143524607518,-1.175008582799117,1.3963711925468212,-0.7305767114330592,-0.6749845003342017,1.365770666288445,-0.6749845003342017,-0.7145446229081065
0.7651499175718217,0.5017798950576278,-1.7642752706996416,-0.7161419580535134,1.3687816547538927,-0.6749845003342017,-0.7321873464434212,-0.6749845003342017,1.3994927229738652
1.1898085464828116,1.4010270188168177,-0.4565166299504733,-0.7161419580535134,1.3687816547538927,-0.6749845003342017,1.365770666288445,-0.6749845003342017,-0.7145446229081065
1.6144671753938016,-0.3974672287015621,-1.159094740642459,-0.7161419580535134,-0.7305767114330592,1.4815155007335354,-0.7321873464434212,-0.6749845003342017,1.3994927229738652
-0.4238942433789501,-1.2967143524607518,-0.38256386408182425,-0.7161419580535134,1.3687816547538927,-0.6749845003342017,-0.7321873464434212,1.4815155007335354,-0.7145446229081065
-0.6786894207255441,0.5017798950576278,1.4627477049886524,1.3963711925468212,-0.7305767114330592,-0.6749845003342017,-0.7321873464434212,1.4815155007335354,-0.7145446229081065
0.7651499175718217,0.5017798950576278,-0.31597557655217917,1.3963711925468212,-0.7305767114330592,-0.6749845003342017,1.365770666288445,-0.6749845003342017,-0.7145446229081065
-0.16909906603235617,0.5017798950576278,1.2617286750851635,-0.7161419580535134,1.3687816547538927,-0.6749845003342017,-0.7321873464434212,-0.6749845003342017,1.3994927229738652
-0.3389625175967521,-0.3974672287015621,0.3009555886490545,-0.7161419580535134,-0.7305767114330592,1.4815155007335354,-0.7321873464434212,1.4815155007335354,-0.7145446229081065
-0.16909906603235617,-1.2967143524607518,-0.9626809265489845,-0.7161419580535134,-0.7305767114330592,1.4815155007335354,1.365770666288445,-0.6749845003342017,-0.7145446229081065
0.5952864660074257,1.4010270188168177,-0.5793190936991538,1.3963711925468212,-0.7305767114330592,-0.6749845003342017,1.365770666288445,-0.6749845003342017,-0.7145446229081065
0.4254230144430297,1.4010270188168177,-1.5381722295974964,-0.7161419580535134,-0.7305767114330592,1.4815155007335354,-0.7321873464434212,1.4815155007335354,-0.7145446229081065
1.3596719980472076,0.5017798950576278,-0.6582746552269448,-0.7161419580535134,1.3687816547538927,-0.6749845003342017,-0.7321873464434212,1.4815155007335354,-0.7145446229081065
0.4254230144430297,-0.3974672287015621,0.5549576820570385,-0.7161419580535134,1.3687816547538927,-0.6749845003342017,1.365770666288445,-0.6749845003342017,-0.7145446229081065
0.17062783709643578,-0.3974672287015621,-1.5798092134127093,1.3963711925468212,-0.7305767114330592,-0.6749845003342017,-0.7321873464434212,-0.6749845003342017,1.3994927229738652
-1.018416323854336,-0.3974672287015621,-1.1098228856654664,-0.7161419580535134,1.3687816547538927,-0.6749845003342017,-0.7321873464434212,-0.6749845003342017,1.3994927229738652
-0.763621146507742,1.4010270188168177,-0.4891009653916533,1.3963711925468212,-0.7305767114330592,-0.6749845003342017,-0.7321873464434212,-0.6749845003342017,1.3994927229738652
-1.69787013011192,0.5017798950576278,1.6286656562889372,-0.7161419580535134,1.3687816547538927,-0.6749845003342017,1.365770666288445,-0.6749845003342017,-0.7145446229081065
-1.69787013011192,-1.2967143524607518,0.9333748602162514,1.3963711925468212,-0.7305767114330592,-0.6749845003342017,-0.7321873464434212,1.4815155007335354,-0.7145446229081065
1.1048768207006137,1.4010270188168177,0.7522245386270491,-0.7161419580535134,-0.7305767114330592,1.4815155007335354,1.365770666288445,-0.6749845003342017,-0.7145446229081065
0.9350133691362177,0.5017798950576278,-1.424382068283507,-0.7161419580535134,1.3687816547538927,-0.6749845003342017,-0.7321873464434212,1.4815155007335354,-0.7145446229081065
0.3404912886608317,0.5017798950576278,0.9197434577532402,-0.7161419580535134,1.3687816547538927,-0.6749845003342017,-0.7321873464434212,-0.6749845003342017,1.3994927229738652
1.6144671753938016,-1.2967143524607518,0.9348099161437254,1.3963711925468212,-0.7305767114330592,-0.6749845003342017,-0.7321873464434212,-0.6749845003342017,1.3994927229738652
-1.69787013011192,-1.2967143524607518,0.2854337319313689,1.3963711925468212,-0.7305767114330592,-0.6749845003342017,-0.7321873464434212,1.4815155007335354,-0.7145446229081065
-0.4238942433789501,-1.2967143524607518,1.6579749236467276,-0.7161419580535134,1.3687816547538927,-0.6749845003342017,-0.7321873464434212,1.4815155007335354,-0.7145446229081065
1.5295354496116036,-0.3974672287015621,-0.6872187758740772,1.3963711925468212,-0.7305767114330592,-0.6749845003342017,1.365770666288445,-0.6749845003342017,-0.7145446229081065
-1.358143226983128,-1.2967143524607518,1.4848842110257154,-0.7161419580535134,1.3687816547538927,-0.6749845003342017,-0.7321873464434212,-0.6749845003342017,1.3994927229738652
0.0856961113142378,0.5017798950576278,1.3912985389312664,-0.7161419580535134,-0.7305767114330592,1.4815155007335354,1.365770666288445,-0.6749845003342017,-0.7145446229081065
0.6802181917896237,-1.2967143524607518,-1.793594247402152,1.3963711925468212,-0.7305767114330592,-0.6749845003342017,1.365770666288445,-0.6749845003342017,-0.7145446229081065
-1.528006678547524,0.5017798950576278,-0.24694879629015776,-0.7161419580535134,1.3687816547538927,-0.6749845003342017,1.365770666288445,-0.6749845003342017,-0.7145446229081065
-0.763621146507742,1.4010270188168177,1.6112283410552597,-0.7161419580535134,-0.7305767114330592,1.4815155007335354,-0.7321873464434212,-0.6749845003342017,1.3994927229738652
0.4254230144430297,-0.3974672287015621,-1.4704659155539443,-0.7161419580535134,-0.7305767114330592,1.4815155007335354,1.365770666288445,-0.6749845003342017,-0.7145446229081065
-0.4238942433789501,1.4010270188168177,0.09743258944064614,-0.7161419580535134,1.3687816547538927,-0.6749845003342017,1.365770666288445,-0.6749845003342017,-0.7145446229081065
1.3596719980472076,1.4010270188168177,1.6177630501454452,1.3963711925468212,-0.7305767114330592,-0.6749845003342017,1.365770666288445,-0.6749845003342017,-0.7145446229081065
0.0856961113142378,0.5017798950576278,0.12462089289415004,-0.7161419580535134,1.3687816547538927,-0.6749845003342017,1.365770666288445,-0.6749845003342017,-0.7145446229081065
0.6802181917896237,1.4010270188168177,-1.1647800403577435,-0.7161419580535134,-0.7305767114330592,1.4815155007335354,1.365770666288445,-0.6749845003342017,-0.7145446229081065
-0.5937576949433461,0.5017798950576278,0.21872303287116154,-0.7161419580535134,1.3687816547538927,-0.6749845003342017,1.365770666288445,-0.6749845003342017,-0.7145446229081065
0.5952864660074257,-1.2967143524607518,-1.1132108219139152,1.3963711925468212,-0.7305767114330592,-0.6749845003342017,-0.7321873464434212,-0.6749845003342017,1.3994927229738652
-1.358143226983128,-1.2967143524607518,-0.0015799969027653433,-0.7161419580535134,-0.7305767114330592,1.4815155007335354,1.365770666288445,-0.6749845003342017,-0.7145446229081065
0.7651499175718217,0.5017798950576278,-1.572999998989256,-0.7161419580535134,1.3687816547538927,-0.6749845003342017,-0.7321873464434212,1.4815155007335354,-0.7145446229081065
-1.358143226983128,-1.2967143524607518,0.300877672436404,1.3963711925468212,-0.7305767114330592,-0.6749845003342017,1.365770666288445,-0.6749845003342017,-0.7145446229081065
-0.763621146507742,-0.3974672287015621,-0.011856004721973392,-0.7161419580535134,-0.7305767114330592,1.4815155007335354,1.365770666288445,-0.6749845003342017,-0.7145446229081065
-0.4238942433789501,1.4010270188168177,0.7757594908594375,1.3963711925468212,-0.7305767114330592,-0.6749845003342017,-0.7321873464434212,-0.6749845003342017,1.3994927229738652
0.4254230144430297,-0.3974672287015621,0.3897965266000863,-0.7161419580535134,-0.7305767114330592,1.4815155007335354,-0.7321873464434212,-0.6749845003342017,1.3994927229738652
0.4254230144430297,1.4010270188168177,0.10385552377574529,-0.7161419580535134,1.3687816547538927,-0.6749845003342017,-0.7321873464434212,1.4815155007335354,-0.7145446229081065
0.0007643855320398109,-1.2967143524607518,0.5981089599017207,1.3963711925468212,-0.7305767114330592,-0.6749845003342017,-0.7321873464434212,1.4815155007335354,-0.7145446229081065
1.5295354496116036,-0.3974672287015621,-1.3265312203789954,-0.7161419580535134,-0.7305767114330592,1.4815155007335354,-0.7321873464434212,-0.6749845003342017,1.3994927229738652
1.2747402722650096,-1.2967143524607518,0.2651835913224001,1.3963711925468212,-0.7305767114330592,-0.6749845003342017,-0.7321873464434212,-0.6749845003342017,1.3994927229738652
1.0199450949184157,1.4010270188168177,-1.2272074340721706,1.3963711925468212,-0.7305767114330592,-0.6749845003342017,1.365770666288445,-0.6749845003342017,-0.7145446229081065
0.7651499175718217,0.5017798950576278,1.429348310975123,-0.7161419580535134,1.3687816547538927,-0.6749845003342017,-0.7321873464434212,-0.6749845003342017,1.3994927229738652
1.3596719980472076,0.5017798950576278,-1.593127005873165,1.3963711925468212,-0.7305767114330592,-0.6749845003342017,-0.7321873464434212,1.4815155007335354,-0.7145446229081065
0.17062783709643578,-0.3974672287015621,-0.31655899366825396,-0.7161419580535134,-0.7305767114330592,1.4815155007335354,1.365770666288445,-0.6749845003342017,-0.7145446229081065
-0.933484598072138,-1.2967143524607518,0.6193308547677584,-0.7161419580535134,-0.7305767114330592,1.4815155007335354,-0.7321873464434212,1.4815155007335354,-0.7145446229081065
-1.358143226983128,-1.2967143524607518,-0.21907307300822418,-0.7161419580535134,-0.7305767114330592,1.4815155007335354,1.365770666288445,-0.6749845003342017,-0.7145446229081065
1.2747402722650096,-0.3974672287015621,-1.5093443632434964,-0.7161419580535134,-0.7305767114330592,1.4815155007335354,-0.7321873464434212,-0.6749845003342017,1.3994927229738652
1.1048768207006137,0.5017798950576278,0.11715836412720118,-0.7161419580535134,1.3687816547538927,-0.6749845003342017,-0.7321873464434212,1.4815155007335354,-0.7145446229081065
0.8500816433540197,1.4010270188168177,0.42834115923677485,1.3963711925468212,-0.7305767114330592,-0.6749845003342017,1.365770666288445,-0.6749845003342017,-0.7145446229081065
-0.933484598072138,-0.3974672287015621,0.6475209175238751,-0.7161419580535134,1.3687816547538927,-0.6749845003342017,1.365770666288445,-0.6749845003342017,-0.7145446229081065
-0.16909906603235617,1.4010270188168177,-0.5179482585736938,1.3963711925468212,-0.7305767114330592,-0.6749845003342017,-0.7321873464434212,-0.6749845003342017,1.3994927229738652
0.9350133691362177,0.5017798950576278,0.15340937171364613,1.3963711925468212,-0.7305767114330592,-0.6749845003342017,-0.7321873464434212,-0.6749845003342017,1.3994927229738652
-1.69787013011192,-1.2967143524607518,-0.24493913801494116,1.3963711925468212,-0.7305767114330592,-0.6749845003342017,-0.7321873464434212,-0.6749845003342017,1.3994927229738652
-1.358143226983128,0.5017798950576278,0.5356177084703556,-0.7161419580535134,1.3687816547538927,-0.6749845003342017,-0.7321873464434212,1.4815155007335354,-0.7145446229081065
-1.443074952765326,-0.3974672287015621,0.2235668785354739,1.3963711925468212,-0.7305767114330592,-0.6749845003342017,1.365770666288445,-0.6749845003342017,-0.7145446229081065
-0.4238942433789501,-1.2967143524607518,0.019759414567587133,-0.7161419580535134,1.3687816547538927,-0.6749845003342017,-0.7321873464434212,-0.6749845003342017,1.3994927229738652
0.2555595628786338,-0.3974672287015621,-0.9542437868861275,-0.7161419580535134,-0.7305767114330592,1.4815155007335354,-0.7321873464434212,1.4815155007335354,-0.7145446229081065
-0.4238942433789501,-0.3974672287015621,-1.8269580919803377,-0.7161419580535134,-0.7305767114330592,1.4815155007335354,-0.7321873464434212,1.4815155007335354,-0.7145446229081065
-1.612938404329722,0.5017798950576278,-1.2202573633423341,1.3963711925468212,-0.7305767114330592,-0.6749845003342017,-0.7321873464434212,1.4815155007335354,-0.7145446229081065
0.5952864660074257,-0.3974672287015621,-1.4212964882372372,-0.7161419580535134,1.3687816547538927,-0.6749845003342017,-0.7321873464434212,-0.6749845003342017,1.3994927229738652
0.9350133691362177,0.5017798950576278,-0.25058689392120803,-0.7161419580535134,-0.7305767114330592,1.4815155007335354,-0.7321873464434212,-0.6749845003342017,1.3994927229738652
0.5103547402252278,-1.2967143524607518,0.3247682580209179,-0.7161419580535134,1.3687816547538927,-0.6749845003342017,1.365770666288445,-0.6749845003342017,-0.7145446229081065
-0.08416734025015818,0.5017798950576278,-1.0827302418360996,-0.7161419580535134,1.3687816547538927,-0.6749845003342017,1.365770666288445,-0.6749845003342017,-0.7145446229081065
0.2555595628786338,-1.2967143524607518,1.4770728012023477,1.3963711925468212,-0.7305767114330592,-0.6749845003342017,-0.7321873464434212,-0.6749845003342017,1.3994927229738652
-0.763621146507742,0.5017798950576278,-1.810514034342231,-0.7161419580535134,-0.7305767114330592,1.4815155007335354,-0.7321873464434212,1.4815155007335354,-0.7145446229081065
1.1898085464828116,1.4010270188168177,0.8890850113691953,1.3963711925468212,-0.7305767114330592,-0.6749845003342017,-0.7321873464434212,1.4815155007335354,-0.7145446229081065
1.0199450949184157,1.4010270188168177,0.3704184898982547,1.3963711925468212,-0.7305767114330592,-0.6749845003342017,-0.7321873464434212,1.4815155007335354,-0.7145446229081065
1.0199450949184157,-0.3974672287015621,-0.5169081255286779,-0.7161419580535134,-0.7305767114330592,1.4815155007335354,1.365770666288445,-0.6749845003342017,-0.7145446229081065
1.3596719980472076,0.5017798950576278,-1.6560496674749423,-0.7161419580535134,-0.7305767114330592,1.4815155007335354,-0.7321873464434212,1.4815155007335354,-0.7145446229081065
-0.763621146507742,0.5017798950576278,0.37846420467890124,-0.7161419580535134,1.3687816547538927,-0.6749845003342017,1.365770666288445,-0.6749845003342017,-0.7145446229081065
-1.528006678547524,-1.2967143524607518,-0.47438868470237117,-0.7161419580535134,-0.7305767114330592,1.4815155007335354,1.365770666288445,-0.6749845003342017,-0.7145446229081065
-1.69787013011192,-0.3974672287015621,1.467235316536061,-0.7161419580535134,1.3687816547538927,-0.6749845003342017,-0.7321873464434212,1.4815155007335354,-0.7145446229081065
1.0199450949184157,0.5017798950576278,0.0770005578616158,-0.7161419580535134,1.3687816547538927,-0.6749845003342017,-0.7321873464434212,1.4815155007335354,-0.7145446229081065
1.6144671753938016,-0.3974672287015621,1.4791687304919177,-0.7161419580535134,1.3687816547538927,-0.6749845003342017,-0.7321873464434212,-0.6749845003342017,1.3994927229738652
-0.933484598072138,1.4010270188168177,-1.0566422197649326,-0.7161419580535134,-0.7305767114330592,1.4815155007335354,-0.7321873464434212,-0.6749845003342017,1.3994927229738652
0.6802181917896237,0.5017798950576278,0.7248595582304251,1.3963711925468212,-0.7305767114330592,-0.6749845003342017,-0.7321873464434212,1.4815155007335354,-0.7145446229081065
-0.6786894207255441,0.5017798950576278,0.3423662410007213,-0.7161419580535134,1.3687816547538927,-0.6749845003342017,1.365770666288445,-0.6749845003342017,-0.7145446229081065
-0.763621146507742,-0.3974672287015621,0.7731038965755731,1.3963711925468212,-0.7305767114330592,-0.6749845003342017,1.365770666288445,-0.6749845003342017,-0.7145446229081065
0.8500816433540197,0.5017798950576278,-1.0771490385733338,1.3963711925468212,-0.7305767114330592,-0.6749845003342017,1.365770666288445,-0.6749845003342017,-0.7145446229081065
-1.612938404329722,-0.3974672287015621,0.5107185324032483,-0.7161419580535134,-0.7305767114330592,1.4815155007335354,1.365770666288445,-0.6749845003342017,-0.7145446229081065
1.1898085464828116,0.5017798950576278,-0.07796756180475578,1.3963711925468212,-0.7305767114330592,-0.6749845003342017,1.365770666288445,-0.6749845003342017,-0.7145446229081065
0.17062783709643578,-1.2967143524607518,0.7851514595514777,1.3963711925468212,-0.7305767114330592,-0.6749845003342017,-0.7321873464434212,-0.6749845003342017,1.3994927229738652
-0.3389625175967521,-0.3974672287015621,-0.680904570075064,-0.7161419580535134,-0.7305767114330592,1.4815155007335354,-0.7321873464434212,1.4815155007335354,-0.7145446229081065
0.4254230144430297,0.5017798950576278,1.3042968339478906,-0.7161419580535134,1.3687816547538927,-0.6749845003342017,-0.7321873464434212,-0.6749845003342017,1.3994927229738652
-1.103348049636534,1.4010270188168177,-1.5368260641934441,1.3963711925468212,-0.7305767114330592,-0.6749845003342017,1.365770666288445,-0.6749845003342017,-0.7145446229081065
0.6802181917896237,0.5017798950576278,1.0121023936520357,-0.7161419580535134,-0.7305767114330592,1.4815155007335354,1.365770666288445,-0.6749845003342017,-0.7145446229081065
0.4254230144430297,1.4010270188168177,1.202967754824656,1.3963711925468212,-0.7305767114330592,-0.6749845003342017,1.365770666288445,-0.6749845003342017,-0.7145446229081065
-0.933484598072138,1.4010270188168177,1.0475848584305465,1.3963711925468212,-0.7305767114330592,-0.6749845003342017,1.365770666288445,-0.6749845003342017,-0.7145446229081065
0.4254230144430297,-1.2967143524607518,-0.02618420644860909,-0.7161419580535134,1.3687816547538927,-0.6749845003342017,-0.7321873464434212,1.4815155007335354,-0.7145446229081065
1.1048768207006137,-0.3974672287015621,-0.2883146405327958,1.3963711925468212,-0.7305767114330592,-0.6749845003342017,1.365770666288445,-0.6749845003342017,-0.7145446229081065
-1.188279775418732,0.5017798950576278,1.6787803095658345,-0.7161419580535134,-0.7305767114330592,1.4815155007335354,-0.7321873464434212,1.4815155007335354,-0.7145446229081065
-1.443074952765326,-1.2967143524607518,-1.0260071182323027,1.3963711925468212,-0.7305767114330592,-0.6749845003342017,1.365770666288445,-0.6749845003342017,-0.7145446229081065
-0.84855287228994,0.5017798950576278,0.09422838085058066,-0.7161419580535134,1.3687816547538927,-0.6749845003342017,-0.7321873464434212,1.4815155007335354,-0.7145446229081065
0.6802181917896237,1.4010270188168177,0.5307499699068455,-0.7161419580535134,1.3687816547538927,-0.6749845003342017,-0.7321873464434212,-0.6749845003342017,1.3994927229738652
1.2747402722650096,-0.3974672287015621,0.6372084104365401,-0.7161419580535134,-0.7305767114330592,1.4815155007335354,1.365770666288445,-0.6749845003342017,-0.7145446229081065
0.3404912886608317,0.5017798950576278,-1.11467732885366,-0.7161419580535134,1.3687816547538927,-0.6749845003342017,-0.7321873464434212,1.4815155007335354,-0.7145446229081065
0.0007643855320398109,0.5017798950576278,0.4719306519020106,1.3963711925468212,-0.7305767114330592,-0.6749845003342017,-0.7321873464434212,-0.6749845003342017,1.3994927229738652
1.2747402722650096,1.4010270188168177,1.0515243391517612,-0.7161419580535134,1.3687816547538927,-0.6749845003342017,1.365770666288445,-0.6749845003342017,-0.7145446229081065
-0.933484598072138,0.5017798950576278,-1.657708200099871,-0.7161419580535134,-0.7305767114330592,1.4815155007335354,1.365770666288445,-0.6749845003342017,-0.7145446229081065
1.3596719980472076,0.5017798950576278,1.379980595276048,-0.7161419580535134,1.3687816547538927,-0.6749845003342017,1.365770666288445,-0.6749845003342017,-0.7145446229081065
-1.018416323854336,1.4010270188168177,-1.7300431230705902,-0.7161419580535134,1.3687816547538927,-0.6749845003342017,-0.7321873464434212,1.4815155007335354,-0.7145446229081065
0.2555595628786338,-1.2967143524607518,-0.5789091102148018,-0.7161419580535134,1.3687816547538927,-0.6749845003342017,-0.7321873464434212,1.4815155007335354,-0.7145446229081065
1.1898085464828116,1.4010270188168177,-1.7783175717984516,-0.7161419580535134,-0.7305767114330592,1.4815155007335354,-0.7321873464434212,-0.6749845003342017,1.3994927229738652
1.1898085464828116,-1.2967143524607518,-1.5620588862424492,-0.7161419580535134,1.3687816547538927,-0.6749845003342017,-0.7321873464434212,1.4815155007335354,-0.7145446229081065
1.2747402722650096,-0.3974672287015621,1.3787358761742732,-0.7161419580535134,1.3687816547538927,-0.6749845003342017,-0.7321873464434212,1.4815155007335354,-0.7145446229081065
-0.2540307918145541,-1.2967143524607518,-0.5828237204979981,1.3963711925468212,-0.7305767114330592,-0.6749845003342017,1.365770666288445,-0.6749845003342017,-0.7145446229081065
1.5295354496116036,-1.2967143524607518,-0.33631614133070226,-0.7161419580535134,-0.7305767114330592,1.4815155007335354,1.365770666288445,-0.6749845003342017,-0.7145446229081065
0.9350133691362177,-0.3974672287015621,-1.0747636144569472,-0.7161419580535134,1.3687816547538927,-0.6749845003342017,1.365770666288445,-0.6749845003342017,-0.7145446229081065
0.2555595628786338,-1.2967143524607518,0.27130517229650153,-0.7161419580535134,-0.7305767114330592,1.4815155007335354,1.365770666288445,-0.6749845003342017,-0.7145446229081065
0.17062783709643578,1.4010270188168177,0.2632215411612299,-0.7161419580535134,1.3687816547538927,-0.6749845003342017,1.365770666288445,-0.6749845003342017,-0.7145446229081065
0.9350133691362177,-1.2967143524607518,-0.5216838199526299,-0.7161419580535134,1.3687816547538927,-0.6749845003342017,1.365770666288445,-0.6749845003342017,-0.7145446229081065
1.3596719980472076,-0.3974672287015621,-0.6597828172628726,-0.7161419580535134,1.3687816547538927,-0.6749845003342017,1.365770666288445,-0.6749845003342017,-0.7145446229081065
-0.763621146507742,1.4010270188168177,1.2863397341764375,1.3963711925468212,-0.7305767114330592,-0.6749845003342017,-0.7321873464434212,-0.6749845003342017,1.3994927229738652
-0.6786894207255441,-0.3974672287015621,-0.4826017837868924,1.3963711925468212,-0.7305767114330592,-0.6749845003342017,-0.7321873464434212,-0.6749845003342017,1.3994927229738652
0.17062783709643578,-0.3974672287015621,-0.09397364860513023,1.3963711925468212,-0.7305767114330592,-0.6749845003342017,-0.7321873464434212,-0.6749845003342017,1.3994927229738652
0.3404912886608317,0.5017798950576278,-0.8351329272089608,-0.7161419580535134,-0.7305767114330592,1.4815155007335354,-0.7321873464434212,-0.6749845003342017,1.3994927229738652
1.1898085464828116,0.5017798950576278,0.9401014082118612,-0.7161419580535134,-0.7305767114330592,1.4815155007335354,1.365770666288445,-0.6749845003342017,-0.7145446229081065
0.7651499175718217,-0.3974672287015621,-0.4326593147434102,1.3963711925468212,-0.7305767114330592,-0.6749845003342017,-0.7321873464434212,-0.6749845003342017,1.3994927229738652
-0.3389625175967521,-0.3974672287015621,-0.023064891471395402,-0.7161419580535134,-0.7305767114330592,1.4815155007335354,1.365770666288445,-0.6749845003342017,-0.7145446229081065
-0.08416734025015818,-0.3974672287015621,-0.9407291882928569,-0.7161419580535134,1.3687816547538927,-0.6749845003342017,-0.7321873464434212,-0.6749845003342017,1.3994927229738652
0.3404912886608317,0.5017798950576278,1.6484469081371278,-0.7161419580535134,1.3687816547538927,-0.6749845003342017,-0.7321873464434212,1.4815155007335354,-0.7145446229081065
0.0856961113142378,0.5017798950576278,-0.8062512497257941,-0.7161419580535134,1.3687816547538927,-0.6749845003342017,-0.7321873464434212,-0.6749845003342017,1.3994927229738652
-0.6786894207255441,-1.2967143524607518,0.8835897412057453,1.3963711925468212,-0.7305767114330592,-0.6749845003342017,-0.7321873464434212,-0.6749845003342017,1.3994927229738652
-0.16909906603235617,-1.2967143524607518,-0.32671079890371263,-0.7161419580535134,-0.7305767114330592,1.4815155007335354,1.365770666288445,-0.6749845003342017,-0.7145446229081065
1.2747402722650096,-0.3974672287015621,-1.1069456530114536,1.3963711925468212,-0.7305767114330592,-0.6749845003342017,-0.7321873464434212,-0.6749845003342017,1.3994927229738652
-0.763621146507742,1.4010270188168177,0.9857609553066541,-0.7161419580535134,-0.7305767114330592,1.4815155007335354,-0.7321873464434212,1.4815155007335354,-0.7145446229081065
-0.16909906603235617,1.4010270188168177,-0.6577662170724544,-0.7161419580535134,1.3687816547538927,-0.6749845003342017,1.365770666288445,-0.6749845003342017,-0.7145446229081065
-0.763621146507742,0.5017798950576278,1.2166266329950963,1.3963711925468212,-0.7305767114330592,-0.6749845003342017,1.365770666288445,-0.6749845003342017,-0.7145446229081065
-1.018416323854336,0.5017798950576278,1.3931534800666452,-0.7161419580535134,-0.7305767114330592,1.4815155007335354,-0.7321873464434212,-0.6749845003342017,1.3994927229738652
-1.188279775418732,0.5017798950576278,1.1976935453258273,-0.7161419580535134,-0.7305767114330592,1.4815155007335354,1.365770666288445,-0.6749845003342017,-0.7145446229081065
0.5952864660074257,-0.3974672287015621,-1.7106363208573538,-0.7161419580535134,1.3687816547538927,-0.6749845003342017,1.365770666288445,-0.6749845003342017,-0.7145446229081065
-0.5937576949433461,1.4010270188168177,0.9422305750422199,1.3963711925468212,-0.7305767114330592,-0.6749845003342017,1.365770666288445,-0.6749845003342017,-0.7145446229081065
0.8500816433540197,-1.2967143524607518,-0.383678069859581,1.3963711925468212,-0.7305767114330592,-0.6749845003342017,1.365770666288445,-0.6749845003342017,-0.7145446229081065
-0.16909906603235617,-0.3974672287015621,1.2467022058054718,1.3963711925468212,-0.7305767114330592,-0.6749845003342017,1.365770666288445,-0.6749845003342017,-0.7145446229081065
-0.4238942433789501,-1.2967143524607518,0.41537364994543735,-0.7161419580535134,1.3687816547538927,-0.6749845003342017,1.365770666288445,-0.6749845003342017,-0.7145446229081065
-1.358143226983128,-1.2967143524607518,1.105379474446548,1.3963711925468212,-0.7305767114330592,-0.6749845003342017,-0.7321873464434212,1.4815155007335354,-0.7145446229081065
1.1898085464828116,-0.3974672287015621,-0.07306151837063762,-0.7161419580535134,1.3687816547538927,-0.6749845003342017,-0.7321873464434212,-0.6749845003342017,1.3994927229738652
-0.763621146507742,-1.2967143524607518,0.0524432387356595,-0.7161419580535134,1.3687816547538927,-0.6749845003342017,-0.7321873464434212,1.4815155007335354,-0.7145446229081065
0.3404912886608317,1.4010270188168177,-1.3249596010979088,-0.7161419580535134,1.3687816547538927,-0.6749845003342017,1.365770666288445,-0.6749845003342017,-0.7145446229081065
0.0007643855320398109,-1.2967143524607518,0.9302914685303013,-0.7161419580535134,-0.7305767114330592,1.4815155007335354,1.365770666288445,-0.6749845003342017,-0.7145446229081065
1.2747402722650096,1.4010270188168177,-0.355292975641087,1.3963711925468212,-0.7305767114330592,-0.6749845003342017,-0.7321873464434212,-0.6749845003342017,1.3994927229738652
0.17062783709643578,1.4010270188168177,-0.07077541915484784,1.3963711925468212,-0.7305767114330592,-0.6749845003342017,-0.7321873464434212,1.4815155007335354,-0.7145446229081065
-0.4238942433789501,1.4010270188168177,0.9342066206385248,-0.7161419580535134,1.3687816547538927,-0.6749845003342017,-0.7321873464434212,-0.6749845003342017,1.3994927229738652
1.5295354496116036,0.5017798950576278,0.2774744286660397,-0.7161419580535134,1.3687816547538927,-0.6749845003342017,-0.7321873464434212,1.4815155007335354,-0.7145446229081065
1.5295354496116036,-1.2967143524607518,-1.1249942899115626,1.3963711925468212,-0.7305767114330592,-0.6749845003342017,1.365770666288445,-0.6749845003342017,-0.7145446229081065
-0.5937576949433461,-0.3974672287015621,0.2471056020623535,-0.7161419580535134,1.3687816547538927,-0.6749845003342017,-0.7321873464434212,-0.6749845003342017,1.3994927229738652
0.8500816433540197,-0.3974672287015621,-0.3967477015076186,1.3963711925468212,-0.7305767114330592,-0.6749845003342017,-0.7321873464434212,-0.6749845003342017,1.3994927229738652
-1.358143226983128,-1.2967143524607518,-0.1785119266275455,-0.7161419580535134,-0.7305767114330592,1.4815155007335354,1.365770666288445,-0.6749845003342017,-0.7145446229081065
1.1898085464828116,0.5017798950576278,-1.7342489098052516,-0.7161419580535134,1.3687816547538927,-0.6749845003342017,-0.7321873464434212,-0.6749845003342017,1.3994927229738652
0.17062783709643578,0.5017798950576278,-1.0935046032407694,1.3963711925468212,-0.7305767114330592,-0.6749845003342017,-0.7321873464434212,1.4815155007335354,-0.7145446229081065
0.6802181917896237,1.4010270188168177,-0.8431253240730044,-0.7161419580535134,1.3687816547538927,-0.6749845003342017,-0.7321873464434212,1.4815155007335354,-0.7145446229081065
-0.84855287228994,-1.2967143524607518,0.6798465382360606,1.3963711925468212,-0.7305767114330592,-0.6749845003342017,-0.7321873464434212,1.4815155007335354,-0.7145446229081065
-0.2540307918145541,-1.2967143524607518,-1.7935525924149467,1.3963711925468212,-0.7305767114330592,-0.6749845003342017,-0.7321873464434212,1.4815155007335354,-0.7145446229081065
-0.763621146507742,-0.3974672287015621,-0.3927124955103213,-0.7161419580535134,1.3687816547538927,-0.6749845003342017,1.365770666288445,-0.6749845003342017,-0.7145446229081065
-1.018416323854336,-1.2967143524607518,1.4240756987619567,-0.7161419580535134,-0.7305767114330592,1.4815155007335354,-0.7321873464434212,-0.6749845003342017,1.3994927229738652
-0.933484598072138,0.5017798950576278,-1.4395804782240647,1.3963711925468212,-0.7305767114330592,-0.6749845003342017,-0.7321873464434212,1.4815155007335354,-0.7145446229081065
-0.3389625175967521,-1.2967143524607518,-0.01314495005063891,1.3963711925468212,-0.7305767114330592,-0.6749845003342017,1.365770666288445,-0.6749845003342017,-0.7145446229081065
1.4446037238294056,-0.3974672287015621,0.9392300510170533,1.3963711925468212,-0.7305767114330592,-0.6749845003342017,-0.7321873464434212,-0.6749845003342017,1.3994927229738652
-1.188279775418732,1.4010270188168177,1.4893229929950376,-0.7161419580535134,-0.7305767114330592,1.4815155007335354,-0.7321873464434212,-0.6749845003342017,1.3994927229738652
-0.6786894207255441,-0.3974672287015621,0.7990851676312981,-0.7161419580535134,-0.7305767114330592,1.4815155007335354,1.365770666288445,-0.6749845003342017,-0.7145446229081065
1.6144671753938016,-0.3974672287015621,0.7066639418084373,-0.7161419580535134,1.3687816547538927,-0.6749845003342017,1.365770666288445,-0.6749845003342017,-0.7145446229081065
-1.018416323854336,1.4010270188168177,1.080150538523916,-0.7161419580535134,-0.7305767114330592,1.4815155007335354,-0.7321873464434212,1.4815155007335354,-0.7145446229081065
0.5103547402252278,-0.3974672287015621,-0.2607543008018374,-0.7161419580535134,1.3687816547538927,-0.6749845003342017,-0.7321873464434212,-0.6749845003342017,1.3994927229738652
-1.612938404329722,-0.3974672287015621,1.007360630436763,-0.7161419580535134,1.3687816547538927,-0.6749845003342017,-0.7321873464434212,-0.6749845003342017,1.3994927229738652
-1.358143226983128,-1.2967143524607518,-1.8059926858777209,-0.7161419580535134,-0.7305767114330592,1.4815155007335354,1.365770666288445,-0.6749845003342017,-0.7145446229081065
0.6802181917896237,-1.2967143524607518,1.4259592536358336,-0.7161419580535134,1.3687816547538927,-0.6749845003342017,-0.7321873464434212,-0.6749845003342017,1.3994927229738652
1.3596719980472076,1.4010270188168177,-0.27096115494234235,-0.7161419580535134,-0.7305767114330592,1.4815155007335354,-0.7321873464434212,1.4815155007335354,-0.7145446229081065
1.4446037238294056,-1.2967143524607518,0.11716249572015576,-0.7161419580535134,1.3687816547538927,-0.6749845003342017,-0.7321873464434212,-0.6749845003342017,1.3994927229738652
-0.16909906603235617,-1.2967143524607518,-0.9353517067576068,-0.7161419580535134,-0.7305767114330592,1.4815155007335354,1.365770666288445,-0.6749845003342017,-0.7145446229081065
-1.103348049636534,-0.3974672287015621,0.7841143043101771,-0.7161419580535134,-0.7305767114330592,1.4815155007335354,1.365770666288445,-0.6749845003342017,-0.7145446229081065
-1.69787013011192,0.5017798950576278,-1.5638549147470282,-0.7161419580535134,1.3687816547538927,-0.6749845003342017,-0.7321873464434212,1.4815155007335354,-0.7145446229081065
0.0856961113142378,-1.2967143524607518,1.242868990892721,1.3963711925468212,-0.7305767114330592,-0.6749845003342017,-0.7321873464434212,1.4815155007335354,-0.7145446229081065
-0.3389625175967521,0.5017798950576278,1.0858935286976104,-0.7161419580535134,1.3687816547538927,-0.6749845003342017,-0.7321873464434212,-0.6749845003342017,1.3994927229738652
-1.188279775418732,-1.2967143524607518,-1.0722399082285687,-0.7161419580535134,-0.7305767114330592,1.4815155007335354,-0.7321873464434212,-0.6749845003342017,1.3994927229738652
0.3404912886608317,-1.2967143524607518,1.019630758835496,1.3963711925468212,-0.7305767114330592,-0.6749845003342017,1.365770666288445,-0.6749845003342017,-0.7145446229081065
-1.443074952765326,1.4010270188168177,0.9386494917066783,-0.7161419580535134,1.3687816547538927,-0.6749845003342017,-0.7321873464434212,1.4815155007335354,-0.7145446229081065
1.2747402722650096,1.4010270188168177,0.3951424421523784,-0.7161419580535134,1.3687816547538927,-0.6749845003342017,-0.7321873464434212,1.4815155007335354,-0.7145446229081065
-1.27321150120093,1.4010270188168177,-0.5170302114889389,-0.7161419580535134,1.3687816547538927,-0.6749845003342017,-0.7321873464434212,1.4815155007335354,-0.7145446229081065
0.8500816433540197,0.5017798950576278,-0.8767613263666466,1.3963711925468212,-0.7305767114330592,-0.6749845003342017,-0.7321873464434212,-0.6749845003342017,1.3994927229738652
-0.16909906603235617,-0.3974672287015621,-1.0167983872506337,-0.7161419580535134,-0.7305767114330592,1.4815155007335354,-0.7321873464434212,1.4815155007335354,-0.7145446229081065
1.5295354496116036,-1.2967143524607518,-0.7106490785292093,-0.7161419580535134,1.3687816547538927,-0.6749845003342017,1.365770666288445,-0.6749845003342017,-0.7145446229081065
0.5103547402252278,-1.2967143524607518,1.3519033072592102,-0.7161419580535134,1.3687816547538927,-0.6749845003342017,1.365770666288445,-0.6749845003342017,-0.7145446229081065
-0.933484598072138,-1.2967143524607518,-1.5603113569932703,-0.7161419580535134,1.3687816547538927,-0.6749845003342017,-0.7321873464434212,-0.6749845003342017,1.3994927229738652
0.4254230144430297,0.5017798950576278,1.088553736151217,-0.7161419580535134,1.3687816547538927,-0.6749845003342017,-0.7321873464434212,-0.6749845003342017,1.3994927229738652
-0.16909906603235617,1.4010270188168177,-0.6038768145341374,-0.7161419580535134,1.3687816547538927,-0.6749845003342017,-0.7321873464434212,1.4815155007335354,-0.7145446229081065
1.5295354496116036,-0.3974672287015621,0.0051023089386295455,-0.7161419580535134,-0.7305767114330592,1.4815155007335354,-0.7321873464434212,-0.6749845003342017,1.3994927229738652
-1.528006678547524,0.5017798950576278,0.9673087542604563,-0.7161419580535134,-0.7305767114330592,1.4815155007335354,1.365770666288445,-0.6749845003342017,-0.7145446229081065
-0.6786894207255441,1.4010270188168177,1.2842672677191136,-0.7161419580535134,1.3687816547538927,-0.6749845003342017,-0.7321873464434212,1.4815155007335354,-0.7145446229081065
0.5952864660074257,0.5017798950576278,-0.6183640760654511,1.3963711925468212,-0.7305767114330592,-0.6749845003342017,1.365770666288445,-0.6749845003342017,-0.7145446229081065
-0.08416734025015818,-0.3974672287015621,-0.20559914234443535,-0.7161419580535134,-0.7305767114330592,1.4815155007335354,-0.7321873464434212,1.4815155007335354,-0.7145446229081065
0.5952864660074257,1.4010270188168177,-0.3724772727731987,1.3963711925468212,-0.7305767114330592,-0.6749845003342017,-0.7321873464434212,-0.6749845003342017,1.3994927229738652
-1.103348049636534,0.5017798950576278,-1.7873518474482741,-0.7161419580535134,-0.7305767114330592,1.4815155007335354,-0.7321873464434212,1.4815155007335354,-0.7145446229081065
1.5295354496116036,-0.3974672287015621,-0.7905704501246693,-0.7161419580535134,1.3687816547538927,-0.6749845003342017,-0.7321873464434212,1.4815155007335354,-0.7145446229081065
-1.69787013011192,-1.2967143524607518,-0.2149581122764982,-0.7161419580535134,-0.7305767114330592,1.4815155007335354,1.365770666288445,-0.6749845003342017,-0.7145446229081065
-1.528006678547524,-0.3974672287015621,-0.3845449724465227,-0.7161419580535134,1.3687816547538927,-0.6749845003342017,1.365770666288445,-0.6749845003342017,-0.7145446229081065
-0.6786894207255441,-1.2967143524607518,0.7114723213392266,-0.7161419580535134,-0.7305767114330592,1.4815155007335354,-0.7321873464434212,1.4815155007335354,-0.7145446229081065
0.5952864660074257,0.5017798950576278,-0.477244405151914,-0.7161419580535134,1.3687816547538927,-0.6749845003342017,-0.7321873464434212,-0.6749845003342017,1.3994927229738652
0.3404912886608317,1.4010270188168177,-0.1085169325382621,-0.7161419580535134,1.3687816547538927,-0.6749845003342017,-0.7321873464434212,-0.6749845003342017,1.3994927229738652
1.0199450949184157,1.4010270188168177,-0.3192604920920534,-0.7161419580535134,1.3687816547538927,-0.6749845003342017,1.365770666288445,-0.6749845003342017,-0.7145446229081065
1.4446037238294056,0.5017798950576278,0.7773983219101102,-0.7161419580535134,1.3687816547538927,-0.6749845003342017,-0.7321873464434212,-0.6749845003342017,1.3994927229738652
-1.27321150120093,1.4010270188168177,1.2087954909992615,1.3963711925468212,-0.7305767114330592,-0.6749845003342017,1.365770666288445,-0.6749845003342017,-0.7145446229081065
0.9350133691362177,1.4010270188168177,0.04138409209101162,-0.7161419580535134,1.3687816547538927,-0.6749845003342017,-0.7321873464434212,-0.6749845003342017,1.3994927229738652
0.0007643855320398109,-1.2967143524607518,0.9494901495000575,1.3963711925468212,-0.7305767114330592,-0.6749845003342017,-0.7321873464434212,1.4815155007335354,-0.7145446229081065
-0.4238942433789501,0.5017798950576278,-0.7875952058424749,1.3963711925468212,-0.7305767114330592,-0.6749845003342017,1.365770666288445,-0.6749845003342017,-0.7145446229081065
0.0007643855320398109,-0.3974672287015621,0.07481277745219292,-0.7161419580535134,1.3687816547538927,-0.6749845003342017,1.365770666288445,-0.6749845003342017,-0.7145446229081065
-0.84855287228994,-1.2967143524607518,-0.6167825308690832,1.3963711925468212,-0.7305767114330592,-0.6749845003342017,-0.7321873464434212,1.4815155007335354,-0.7145446229081065
1.3596719980472076,0.5017798950576278,-0.37358846480436114,-0.7161419580535134,-0.7305767114330592,1.4815155007335354,1.365770666288445,-0.6749845003342017,-0.7145446229081065
1.2747402722650096,-1.2967143524607518,0.7484415201943165,-0.7161419580535134,1.3687816547538927,-0.6749845003342017,-0.7321873464434212,-0.6749845003342017,1.3994927229738652
1.1898085464828116,-0.3974672287015621,1.2746973804261539,1.3963711925468212,-0.7305767114330592,-0.6749845003342017,-0.7321873464434212,-0.6749845003342017,1.3994927229738652
-0.16909906603235617,-0.3974672287015621,-1.405678445965116,-0.7161419580535134,1.3687816547538927,-0.6749845003342017,1.365770666288445,-0.6749845003342017,-0.7145446229081065
-0.08416734025015818,0.5017798950576278,0.40368482182057835,-0.7161419580535134,1.3687816547538927,-0.6749845003342017,-0.7321873464434212,-0.6749845003342017,1.3994927229738652
-0.2540307918145541,-0.3974672287015621,0.21858402770127314,-0.7161419580535134,1.3687816547538927,-0.6749845003342017,1.365770666288445,-0.6749845003342017,-0.7145446229081065
-0.5937576949433461,-1.2967143524607518,-1.4165398748487776,1.3963711925468212,-0.7305767114330592,-0.6749845003342017,-0.7321873464434212,1.4815155007335354,-0.7145446229081065
-0.5088259691611481,-0.3974672287015621,-1.0869286150896362,-0.7161419580535134,-0.7305767114330592,1.4815155007335354,1.365770666288445,-0.6749845003342017,-0.7145446229081065
0.8500816433540197,-1.2967143524607518,-0.737469751601131,-0.7161419580535134,-0.7305767114330592,1.4815155007335354,-0.7321873464434212,1.4815155007335354,-0.7145446229081065
-1.69787013011192,-1.2967143524607518,-1.2454706455935032,1.3963711925468212,-0.7305767114330592,-0.6749845003342017,-0.7321873464434212,-0.6749845003342017,1.3994927229738652
-1.528006678547524,-0.3974672287015621,-0.9746767522310124,-0.7161419580535134,1.3687816547538927,-0.6749845003342017,-0.7321873464434212,1.4815155007335354,-0.7145446229081065
-0.4238942433789501,0.5017798950576278,-0.8905056535452934,1.3963711925468212,-0.7305767114330592,-0.6749845003342017,-0.7321873464434212,-0.6749845003342017,1.3994927229738652
0.17062783709643578,1.4010270188168177,-0.6504777473921096,1.3963711925468212,-0.7305767114330592,-0.6749845003342017,1.365770666288445,-0.6749845003342017,-0.7145446229081065
-0.84855287228994,-0.3974672287015621,0.8083015648911102,1.3963711925468212,-0.7305767114330592,-0.6749845003342017,-0.7321873464434212,-0.6749845003342017,1.3994927229738652
-0.763621146507742,-1.2967143524607518,0.18250703408835325,-0.7161419580535134,1.3687816547538927,-0.6749845003342017,1.365770666288445,-0.6749845003342017,-0.7145446229081065
-0.933484598072138,-1.2967143524607518,1.6434649012847036,1.3963711925468212,-0.7305767114330592,-0.6749845003342017,1.365770666288445,-0.6749845003342017,-0.7145446229081065
0.9350133691362177,-0.3974672287015621,-0.37170238372180525,-0.7161419580535134,1.3687816547538927,-0.6749845003342017,-0.7321873464434212,1.4815155007335354,-0.7145446229081065
-0.4238942433789501,0.5017798950576278,0.8240792356093818,1.3963711925468212,-0.7305767114330592,-0.6749845003342017,-0.7321873464434212,1.4815155007335354,-0.7145446229081065
-1.103348049636534,0.5017798950576278,1.238752763940649,-0.7161419580535134,-0.7305767114330592,1.4815155007335354,-0.7321873464434212,1.4815155007335354,-0.7145446229081065
1.4446037238294056,-1.2967143524607518,0.5600265250853167,1.3963711925468212,-0.7305767114330592,-0.6749845003342017,-0.7321873464434212,1.4815155007335354,-0.7145446229081065
-0.763621146507742,-1.2967143524607518,-0.3818259355996258,1.3963711925468212,-0.7305767114330592,-0.6749845003342017,-0.7321873464434212,-0.6749845003342017,1.3994927229738652
0.2555595628786338,0.5017798950576278,0.8231256437841891,-0.7161419580535134,-0.7305767114330592,1.4815155007335354,-0.7321873464434212,-0.6749845003342017,1.3994927229738652
0.5952864660074257,1.4010270188168177,-1.1159379850016018,-0.7161419580535134,1.3687816547538927,-0.6749845003342017,-0.7321873464434212,-0.6749845003342017,1.3994927229738652
-1.103348049636534,-0.3974672287015621,-0.6791150331280593,-0.7161419580535134,1.3687816547538927,-0.6749845003342017,1.365770666288445,-0.6749845003342017,-0.7145446229081065
0.5952864660074257,-1.2967143524607518,0.09355592796260888,1.3963711925468212,-0.7305767114330592,-0.6749845003342017,-0.7321873464434212,-0.6749845003342017,1.3994927229738652
1.2747402722650096,-1.2967143524607518,0.1948382255448871,-0.7161419580535134,-0.7305767114330592,1.4815155007335354,-0.7321873464434212,-0.6749845003342017,1.3994927229738652
0.4254230144430297,0.5017798950576278,-1.7560038372366484,-0.7161419580535134,1.3687816547538927,-0.6749845003342017,-0.7321873464434212,-0.6749845003342017,1.3994927229738652
-1.103348049636534,-0.3974672287015621,1.4984303228266755,1.3963711925468212,-0.7305767114330592,-0.6749845003342017,-0.7321873464434212,1.4815155007335354,-0.7145446229081065
0.5952864660074257,0.5017798950576278,0.6222567359719688,-0.7161419580535134,-0.7305767114330592,1.4815155007335354,-0.7321873464434212,-0.6749845003342017,1.3994927229738652
0.5952864660074257,-0.3974672287015621,-0.08620664636276301,-0.7161419580535134,1.3687816547538927,-0.6749845003342017,1.365770666288445,-0.6749845003342017,-0.7145446229081065
1.3596719980472076,-0.3974672287015621,1.4561639013574004,-0.7161419580535134,1.3687816547538927,-0.6749845003342017,-0.7321873464434212,1.4815155007335354,-0.7145446229081065
1.2747402722650096,-0.3974672287015621,-0.2858090921232481,-0.7161419580535134,-0.7305767114330592,1.4815155007335354,1.365770666288445,-0.6749845003342017,-0.7145446229081065
0.5103547402252278,-1.2967143524607518,1.6229747529345238,-0.7161419580535134,-0.7305767114330592,1.4815155007335354,-0.7321873464434212,-0.6749845003342017,1.3994927229738652
-0.3389625175967521,1.4010270188168177,-0.02774143406540559,-0.7161419580535134,-0.7305767114330592,1.4815155007335354,-0.7321873464434212,1.4815155007335354,-0.7145446229081065
-1.018416323854336,0.5017798950576278,-1.4310998228032723,-0.7161419580535134,-0.7305767114330592,1.4815155007335354,1.365770666288445,-0.6749845003342017,-0.7145446229081065
1.0199450949184157,1.4010270188168177,0.8626395977255757,1.3963711925468212,-0.7305767114330592,-0.6749845003342017,-0.7321873464434212,-0.6749845003342017,1.3994927229738652
-0.08416734025015818,0.5017798950576278,0.5597417344247314,-0.7161419580535134,-0.7305767114330592,1.4815155007335354,1.365770666288445,-0.6749845003342017,-0.7145446229081065
-0.6786894207255441,-0.3974672287015621,0.8915028352706584,-0.7161419580535134,1.3687816547538927,-0.6749845003342017,1.365770666288445,-0.6749845003342017,-0.7145446229081065
0.5952864660074257,-1.2967143524607518,1.520742508507069,-0.7161419580535134,1.3687816547538927,-0.6749845003342017,1.365770666288445,-0.6749845003342017,-0.7145446229081065
0.6802181917896237,1.4010270188168177,0.9038530599467729,1.3963711925468212,-0.7305767114330592,-0.6749845003342017,-0.7321873464434212,-0.6749845003342017,1.3994927229738652
-0.6786894207255441,-1.2967143524607518,0.32151884552747717,-0.7161419580535134,1.3687816547538927,-0.6749845003342017,-0.7321873464434212,-0.6749845003342017,1.3994927229738652
1.1898085464828116,0.5017798950576278,1.1888258032498957,-0.7161419580535134,1.3687816547538927,-0.6749845003342017,1.365770666288445,-0.6749845003342017,-0.7145446229081065
-1.27321150120093,-1.2967143524607518,0.5398151027469775,-0.7161419580535134,-0.7305767114330592,1.4815155007335354,-0.7321873464434212,1.4815155007335354,-0.7145446229081065
-0.2540307918145541,-1.2967143524607518,-0.395033347322383,-0.7161419580535134,1.3687816547538927,-0.6749845003342017,-0.7321873464434212,1.4815155007335354,-0.7145446229081065
-1.358143226983128,1.4010270188168177,1.2886508952381268,1.3963711925468212,-0.7305767114330592,-0.6749845003342017,-0.7321873464434212,-0.6749845003342017,1.3994927229738652
0.3404912886608317,-0.3974672287015621,-1.051646648533362,-0.7161419580535134,-0.7305767114330592,1.4815155007335354,-0.7321873464434212,-0.6749845003342017,1.3994927229738652
-1.612938404329722,-1.2967143524607518,0.6857747448240741,-0.7161419580535134,-0.7305767114330592,1.4815155007335354,-0.7321873464434212,-0.6749845003342017,1.3994927229738652
-0.933484598072138,-0.3974672287015621,1.2743482063687577,1.3963711925468212,-0.7305767114330592,-0.6749845003342017,-0.7321873464434212,-0.6749845003342017,1.3994927229738652
0.7651499175718217,0.5017798950576278,0.744572242849578,-0.7161419580535134,-0.7305767114330592,1.4815155007335354,-0.7321873464434212,-0.6749845003342017,1.3994927229738652
-1.358143226983128,-1.2967143524607518,0.6245421279769667,-0.7161419580535134,-0.7305767114330592,1.4815155007335354,-0.7321873464434212,1.4815155007335354,-0.7145446229081065
1.0199450949184157,1.4010270188168177,0.8197535671286994,1.3963711925468212,-0.7305767114330592,-0.6749845003342017,-0.7321873464434212,-0.6749845003342017,1.3994927229738652
-1.69787013011192,0.5017798950576278,-0.19427433916051523,-0.7161419580535134,-0.7305767114330592,1.4815155007335354,1.365770666288445,-0.6749845003342017,-0.7145446229081065
-0.2540307918145541,0.5017798950576278,1.2482810302337537,1.3963711925468212,-0.7305767114330592,-0.6749845003342017,1.365770666288445,-0.6749845003342017,-0.7145446229081065
0.9350133691362177,1.4010270188168177,-1.1167513095486625,1.3963711925468212,-0.7305767114330592,-0.6749845003342017,-0.7321873464434212,1.4815155007335354,-0.7145446229081065
-0.84855287228994,-1.2967143524607518,-1.3849064854972253,-0.7161419580535134,1.3687816547538927,-0.6749845003342017,1.365770666288445,-0.6749845003342017,-0.7145446229081065
0.0007643855320398109,-1.2967143524607518,-0.8273614835160515,-0.7161419580535134,1.3687816547538927,-0.6749845003342017,-0.7321873464434212,1.4815155007335354,-0.7145446229081065
0.4254230144430297,0.5017798950576278,0.04028508960696959,-0.7161419580535134,-0.7305767114330592,1.4815155007335354,-0.7321873464434212,1.4815155007335354,-0.7145446229081065
0.3404912886608317,-1.2967143524607518,-0.03381665792504235,-0.7161419580535134,-0.7305767114330592,1.4815155007335354,1.365770666288445,-0.6749845003342017,-0.7145446229081065
0.0856961113142378,-0.3974672287015621,1.0593845454945077,1.3963711925468212,-0.7305767114330592,-0.6749845003342017,-0.7321873464434212,-0.6749845003342017,1.3994927229738652
0.5103547402252278,1.4010270188168177,-0.40755218373938723,-0.7161419580535134,-0.7305767114330592,1.4815155007335354,1.365770666288445,-0.6749845003342017,-0.7145446229081065
-0.6786894207255441,-0.3974672287015621,-0.1262600210018631,1.3963711925468212,-0.7305767114330592,-0.6749845003342017,1.365770666288445,-0.6749845003342017,-0.7145446229081065
1.0199450949184157,-1.2967143524607518,-1.7869405363189736,1.3963711925468212,-0.7305767114330592,-0.6749845003342017,-0.7321873464434212,1.4815155007335354,-0.7145446229081065
1.1048768207006137,0.5017798950576278,-0.3893205371654088,-0.7161419580535134,-0.7305767114330592,1.4815155007335354,1.365770666288445,-0.6749845003342017,-0.7145446229081065
1.1898085464828116,1.4010270188168177,0.4499992095348388,1.3963711925468212,-0.7305767114330592,-0.6749845003342017,-0.7321873464434212,1.4815155007335354,-0.7145446229081065
-1.69787013011192,-1.2967143524607518,-1.7793925386195937,-0.7161419580535134,1.3687816547538927,-0.6749845003342017,-0.7321873464434212,-0.6749845003342017,1.3994927229738652
0.0007643855320398109,-1.2967143524607518,-0.8436757952515493,-0.7161419580535134,-0.7305767114330592,1.4815155007335354,-0.7321873464434212,-0.6749845003342017,1.3994927229738652
-1.27321150120093,0.5017798950576278,-1.1008140394903785,-0.7161419580535134,1.3687816547538927,-0.6749845003342017,-0.7321873464434212,-0.6749845003342017,1.3994927229738652
0.5952864660074257,0.5017798950576278,-1.686033361396463,-0.7161419580535134,-0.7305767114330592,1.4815155007335354,1.365770666288445,-0.6749845003342017,-0.7145446229081065
-0.3389625175967521,-0.3974672287015621,-0.1441875693988297,1.3963711925468212,-0.7305767114330592,-0.6749845003342017,-0.7321873464434212,1.4815155007335354,-0.7145446229081065
-1.358143226983128,1.4010270188168177,-1.1933127505402072,-0.7161419580535134,-0.7305767114330592,1.4815155007335354,-0.7321873464434212,-0.6749845003342017,1.3994927229738652
0.8500816433540197,1.4010270188168177,0.7860561157709939,-0.7161419580535134,1.3687816547538927,-0.6749845003342017,-0.7321873464434212,1.4815155007335354,-0.7145446229081065
-1.358143226983128,0.5017798950576278,1.1557480026383677,1.3963711925468212,-0.7305767114330592,-0.6749845003342017,-0.7321873464434212,1.4815155007335354,-0.7145446229081065
1.4446037238294056,-0.3974672287015621,0.08967703398917908,-0.7161419580535134,-0.7305767114330592,1.4815155007335354,-0.7321873464434212,-0.6749845003342017,1.3994927229738652
-1.528006678547524,1.4010270188168177,1.6274590664978164,-0.7161419580535134,-0.7305767114330592,1.4815155007335354,-0.7321873464434212,-0.6749845003342017,1.3994927229738652
0.17062783709643578,0.5017798950576278,-0.24567221293638908,-0.7161419580535134,-0.7305767114330592,1.4815155007335354,-0.7321873464434212,1.4815155007335354,-0.7145446229081065
1.3596719980472076,-1.2967143524607518,-0.02392114085105204,-0.7161419580535134,1.3687816547538927,-0.6749845003342017,-0.7321873464434212,-0.6749845003342017,1.3994927229738652
1.3596719980472076,1.4010270188168177,1.6539410406490116,-0.7161419580535134,1.3687816547538927,-0.6749845003342017,-0.7321873464434212,1.4815155007335354,-0.7145446229081065
-0.933484598072138,-0.3974672287015621,-1.0176275496460965,-0.7161419580535134,-0.7305767114330592,1.4815155007335354,-0.7321873464434212,1.4815155007335354,-0.7145446229081065
-0.933484598072138,-0.3974672287015621,1.4893745864930927,1.3963711925468212,-0.7305767114330592,-0.6749845003342017,-0.7321873464434212,-0.6749845003342017,1.3994927229738652
-0.16909906603235617,-0.3974672287015621,-1.6830287344935746,1.3963711925468212,-0.7305767114330592,-0.6749845003342017,1.365770666288445,-0.6749845003342017,-0.7145446229081065
-0.3389625175967521,-1.2967143524607518,-0.2600996243883299,-0.7161419580535134,1.3687816547538927,-0.6749845003342017,-0.7321873464434212,-0.6749845003342017,1.3994927229738652
0.0007643855320398109,1.4010270188168177,-1.5872406172235518,1.3963711925468212,-0.7305767114330592,-0.6749845003342017,1.365770666288445,-0.6749845003342017,-0.7145446229081065
-0.5937576949433461,1.4010270188168177,0.7372318248714842,-0.7161419580535134,1.3687816547538927,-0.6749845003342017,-0.7321873464434212,1.4815155007335354,-0.7145446229081065
-1.018416323854336,-1.2967143524607518,0.3111957913373931,-0.7161419580535134,-0.7305767114330592,1.4815155007335354,-0.7321873464434212,1.4815155007335354,-0.7145446229081065
-1.69787013011192,1.4010270188168177,0.6575417416388285,-0.7161419580535134,1.3687816547538927,-0.6749845003342017,1.365770666288445,-0.6749845003342017,-0.7145446229081065
-0.6786894207255441,-1.2967143524607518,-0.513644431270437,-0.7161419580535134,1.3687816547538927,-0.6749845003342017,-0.7321873464434212,1.4815155007335354,-0.7145446229081065
-1.443074952765326,-1.2967143524607518,-0.5312691974829009,-0.7161419580535134,-0.7305767114330592,1.4815155007335354,1.365770666288445,-0.6749845003342017,-0.7145446229081065
-1.69787013011192,-1.2967143524607518,-1.6742780891816396,1.3963711925468212,-0.7305767114330592,-0.6749845003342017,1.365770666288445,-0.6749845003342017,-0.7145446229081065
1.6144671753938016,-0.3974672287015621,-0.600157325351002,-0.7161419580535134,1.3687816547538927,-0.6749845003342017,-0.7321873464434212,1.4815155007335354,-0.7145446229081065
0.9350133691362177,1.4010270188168177,1.4426280445636952,-0.7161419580535134,1.3687816547538927,-0.6749845003342017,1.365770666288445,-0.6749845003342017,-0.7145446229081065
1.1048768207006137,-1.2967143524607518,-0.49690938498988235,-0.7161419580535134,-0.7305767114330592,1.4815155007335354,-0.7321873464434212,-0.6749845003342017,1.3994927229738652
0.5952864660074257,1.4010270188168177,1.0973562357835782,1.3963711925468212,-0.7305767114330592,-0.6749845003342017,-0.7321873464434212,-0.6749845003342017,1.3994927229738652
0.8500816433540197,-0.3974672287015621,1.1359938177350923,-0.7161419580535134,1.3687816547538927,-0.6749845003342017,-0.7321873464434212,1.4815155007335354,-0.7145446229081065
-1.103348049636534,-1.2967143524607518,-0.5180140476306303,-0.7161419580535134,-0.7305767114330592,1.4815155007335354,-0.7321873464434212,1.4815155007335354,-0.7145446229081065
1.5295354496116036,0.5017798950576278,0.3943387975547744,-0.7161419580535134,1.3687816547538927,-0.6749845003342017,1.365770666288445,-0.6749845003342017,-0.7145446229081065
0.4254230144430297,-0.3974672287015621,-1.4977918416108214,-0.7161419580535134,-0.7305767114330592,1.4815155007335354,1.365770666288445,-0.6749845003342017,-0.7145446229081065
1.1048768207006137,0.5017798950576278,-1.468501144191474,1.3963711925468212,-0.7305767114330592,-0.6749845003342017,1.365770666288445,-0.6749845003342017,-0.7145446229081065
-1.528006678547524,1.4010270188168177,-1.6625068276335844,1.3963711925468212,-0.7305767114330592,-0.6749845003342017,1.365770666288445,-0.6749845003342017,-0.7145446229081065
-0.763621146507742,1.4010270188168177,0.21460414183323726,1.3963711925468212,-0.7305767114330592,-0.6749845003342017,-0.7321873464434212,-0.6749845003342017,1.3994927229738652
-1.69787013011192,-0.3974672287015621,-0.33173424492205045,1.3963711925468212,-0.7305767114330592,-0.6749845003342017,-0.7321873464434212,-0.6749845003342017,1.3994927229738652
-1.358143226983128,1.4010270188168177,0.09830585532986201,-0.7161419580535134,1.3687816547538927,-0.6749845003342017,-0.7321873464434212,1.4815155007335354,-0.7145446229081065
0.7651499175718217,0.5017798950576278,0.003246889878636112,-0.7161419580535134,1.3687816547538927,-0.6749845003342017,1.365770666288445,-0.6749845003342017,-0.7145446229081065
0.7651499175718217,-1.2967143524607518,-0.5992474264955061,1.3963711925468212,-0.7305767114330592,-0.6749845003342017,1.365770666288445,-0.6749845003342017,-0.7145446229081065
-0.3389625175967521,-1.2967143524607518,0.5547195665105227,1.3963711925468212,-0.7305767114330592,-0.6749845003342017,-0.7321873464434212,1.4815155007335354,-0.7145446229081065
0.17062783709643578,-1.2967143524607518,0.8404287800063714,1.3963711925468212,-0.7305767114330592,-0.6749845003342017,1.365770666288445,-0.6749845003342017,-0.7145446229081065
-0.5088259691611481,-0.3974672287015621,-1.782495702474559,-0.7161419580535134,1.3687816547538927,-0.6749845003342017,1.365770666288445,-0.6749845003342017,-0.7145446229081065
1.3596719980472076,1.4010270188168177,-1.1033318384051527,1.3963711925468212,-0.7305767114330592,-0.6749845003342017,1.365770666288445,-0.6749845003342017,-0.7145446229081065
0.0007643855320398109,0.5017798950576278,0.6808192310634819,1.3963711925468212,-0.7305767114330592,-0.6749845003342017,1.365770666288445,-0.6749845003342017,-0.7145446229081065
-0.5937576949433461,1.4010270188168177,-0.47083916705141915,1.3963711925468212,-0.7305767114330592,-0.6749845003342017,1.365770666288445,-0.6749845003342017,-0.7145446229081065
-1.612938404329722,1.4010270188168177,0.5018661770074084,-0.7161419580535134,-0.7305767114330592,1.4815155007335354,-0.7321873464434212,1.4815155007335354,-0.7145446229081065
-0.84855287228994,1.4010270188168177,-0.6106729485111417,1.3963711925468212,-0.7305767114330592,-0.6749845003342017,1.365770666288445,-0.6749845003342017,-0.7145446229081065
1.5295354496116036,-1.2967143524607518,-0.45625908361068895,-0.7161419580535134,-0.7305767114330592,1.4815155007335354,-0.7321873464434212,1.4815155007335354,-0.7145446229081065
1.4446037238294056,0.5017798950576278,-1.274568182109837,-0.7161419580535134,-0.7305767114330592,1.4815155007335354,1.365770666288445,-0.6749845003342017,-0.7145446229081065
1.1048768207006137,0.5017798950576278,-0.9235438236313449,1.3963711925468212,-0.7305767114330592,-0.6749845003342017,-0.7321873464434212,-0.6749845003342017,1.3994927229738652
1.4446037238294056,1.4010270188168177,0.3006276352709566,-0.7161419580535134,-0.7305767114330592,1.4815155007335354,-0.7321873464434212,-0.6749845003342017,1.3994927229738652
1.1048768207006137,-1.2967143524607518,-0.3067271327796605,1.3963711925468212,-0.7305767114330592,-0.6749845003342017,-0.7321873464434212,-0.6749845003342017,1.3994927229738652
-0.2540307918145541,-1.2967143524607518,0.8961429621668118,-0.7161419580535134,1.3687816547538927,-0.6749845003342017,-0.7321873464434212,-0.6749845003342017,1.3994927229738652
0.7651499175718217,0.5017798950576278,1.1721689989469495,-0.7161419580535134,1.3687816547538927,-0.6749845003342017,-0.7321873464434212,1.4815155007335354,-0.7145446229081065
-0.5088259691611481,-1.2967143524607518,0.07578881237892876,-0.7161419580535134,1.3687816547538927,-0.6749845003342017,-0.7321873464434212,1.4815155007335354,-0.7145446229081065
0.5103547402252278,-1.2967143524607518,0.8396016114566994,-0.7161419580535134,1.3687816547538927,-0.6749845003342017,1.365770666288445,-0.6749845003342017,-0.7145446229081065
1.1048768207006137,-1.2967143524607518,-0.7519193782401363,-0.7161419580535134,-0.7305767114330592,1.4815155007335354,-0.7321873464434212,-0.6749845003342017,1.3994927229738652
1.4446037238294056,-0.3974672287015621,-0.37087239585224496,1.3963711925468212,-0.7305767114330592,-0.6749845003342017,-0.7321873464434212,1.4815155007335354,-0.7145446229081065
1.0199450949184157,1.4010270188168177,0.6792036304712225,1.3963711925468212,-0.7305767114330592,-0.6749845003342017,1.365770666288445,-0.6749845003342017,-0.7145446229081065
0.2555595628786338,0.5017798950576278,-0.47227842340226867,1.3963711925468212,-0.7305767114330592,-0.6749845003342017,1.365770666288445,-0.6749845003342017,-0.7145446229081065
-0.5088259691611481,0.5017798950576278,0.24101358666743403,-0.7161419580535134,1.3687816547538927,-0.6749845003342017,-0.7321873464434212,1.4815155007335354,-0.7145446229081065
0.7651499175718217,-0.3974672287015621,-1.1804445354129915,-0.7161419580535134,1.3687816547538927,-0.6749845003342017,-0.7321873464434212,-0.6749845003342017,1.3994927229738652
-0.3389625175967521,1.4010270188168177,0.2807392370481354,1.3963711925468212,-0.7305767114330592,-0.6749845003342017,1.365770666288445,-0.6749845003342017,-0.7145446229081065
-1.358143226983128,0.5017798950576278,1.2036520926900263,-0.7161419580535134,1.3687816547538927,-0.6749845003342017,-0.7321873464434212,-0.6749845003342017,1.3994927229738652
0.6802181917896237,-1.2967143524607518,1.2287783809656176,1.3963711925468212,-0.7305767114330592,-0.6749845003342017,-0.7321873464434212,-0.6749845003342017,1.3994927229738652
-1.443074952765326,0.5017798950576278,0.7199883265486624,1.3963711925468212,-0.7305767114330592,-0.6749845003342017,-0.7321873464434212,-0.6749845003342017,1.3994927229738652
-0.933484598072138,-1.2967143524607518,0.795477115367236,1.3963711925468212,-0.7305767114330592,-0.6749845003342017,1.365770666288445,-0.6749845003342017,-0.7145446229081065
-0.3389625175967521,-0.3974672287015621,0.13319628440075798,1.3963711925468212,-0.7305767114330592,-0.6749845003342017,-0.7321873464434212,-0.6749845003342017,1.3994927229738652
-0.933484598072138,-1.2967143524607518,0.22748473664520458,1.3963711925468212,-0.7305767114330592,-0.6749845003342017,1.365770666288445,-0.6749845003342017,-0.7145446229081065
-0.3389625175967521,0.5017798950576278,-1.3628188185469745,1.3963711925468212,-0.7305767114330592,-0.6749845003342017,-0.7321873464434212,-0.6749845003342017,1.3994927229738652
-0.08416734025015818,0.5017798950576278,-0.26901238974132685,1.3963711925468212,-0.7305767114330592,-0.6749845003342017,1.365770666288445,-0.6749845003342017,-0.7145446229081065
0.2555595628786338,0.5017798950576278,-0.24462246851620428,-0.7161419580535134,1.3687816547538927,-0.6749845003342017,-0.7321873464434212,-0.6749845003342017,1.3994927229738652
-1.358143226983128,-0.3974672287015621,1.5456215312653498,1.3963711925468212,-0.7305767114330592,-0.6749845003342017,-0.7321873464434212,1.4815155007335354,-0.7145446229081065
1.1048768207006137,-0.3974672287015621,-0.31404805849109746,1.3963711925468212,-0.7305767114330592,-0.6749845003342017,-0.7321873464434212,-0.6749845003342017,1.3994927229738652
-1.27321150120093,1.4010270188168177,0.10292597761689089,-0.7161419580535134,1.3687816547538927,-0.6749845003342017,-0.7321873464434212,-0.6749845003342017,1.3994927229738652
-1.612938404329722,0.5017798950576278,0.04618768115165834,-0.7161419580535134,1.3687816547538927,-0.6749845003342017,1.365770666288445,-0.6749845003342017,-0.7145446229081065
-0.6786894207255441,-1.2967143524607518,0.4111686921891201,-0.7161419580535134,1.3687816547538927,-0.6749845003342017,1.365770666288445,-0.6749845003342017,-0.7145446229081065
-0.84855287228994,-0.3974672287015621,0.8042197509872188,1.3963711925468212,-0.7305767114330592,-0.6749845003342017,-0.7321873464434212,-0.6749845003342017,1.3994927229738652
0.17062783709643578,0.5017798950576278,-1.0405699076962434,-0.7161419580535134,-0.7305767114330592,1.4815155007335354,-0.7321873464434212,1.4815155007335354,-0.7145446229081065
-0.4238942433789501,0.5017798950576278,0.03022539025198378,-0.7161419580535134,-0.7305767114330592,1.4815155007335354,-0.7321873464434212,1.4815155007335354,-0.7145446229081065
0.8500816433540197,-0.3974672287015621,1.0781393484839517,-0.7161419580535134,1.3687816547538927,-0.6749845003342017,1.365770666288445,-0.6749845003342017,-0.7145446229081065
-0.84855287228994,1.4010270188168177,-0.20111673174125957,-0.7161419580535134,-0.7305767114330592,1.4815155007335354,-0.7321873464434212,1.4815155007335354,-0.7145446229081065
-0.4238942433789501,-0.3974672287015621,-0.852224381020881,-0.7161419580535134,1.3687816547538927,-0.6749845003342017,-0.7321873464434212,-0.6749845003342017,1.3994927229738652
-1.103348049636534,-0.3974672287015621,0.4744517070960241,1.3963711925468212,-0.7305767114330592,-0.6749845003342017,1.365770666288445,-0.6749845003342017,-0.7145446229081065
-1.443074952765326,-1.2967143524607518,1.070557274653722,-0.7161419580535134,-0.7305767114330592,1.4815155007335354,-0.7321873464434212,-0.6749845003342017,1.3994927229738652
1.6144671753938016,-1.2967143524607518,-1.6114405688683762,1.3963711925468212,-0.7305767114330592,-0.6749845003342017,1.365770666288445,-0.6749845003342017,-0.7145446229081065
-1.443074952765326,1.4010270188168177,0.9049150338570024,-0.7161419580535134,-0.7305767114330592,1.4815155007335354,1.365770666288445,-0.6749845003342017,-0.7145446229081065
0.3404912886608317,0.5017798950576278,1.063083974349616,1.3963711925468212,-0.7305767114330592,-0.6749845003342017,1.365770666288445,-0.6749845003342017,-0.7145446229081065
-1.528006678547524,-0.3974672287015621,-0.2067294258863832,-0.7161419580535134,-0.7305767114330592,1.4815155007335354,1.365770666288445,-0.6749845003342017,-0.7145446229081065
0.9350133691362177,1.4010270188168177,1.6330947787706422,1.3963711925468212,-0.7305767114330592,-0.6749845003342017,-0.7321873464434212,1.4815155007335354,-0.7145446229081065
-1.528006678547524,-1.2967143524607518,0.939885746563338,1.3963711925468212,-0.7305767114330592,-0.6749845003342017,-0.7321873464434212,-0.6749845003342017,1.3994927229738652
0.5103547402252278,-0.3974672287015621,0.8938858834743145,-0.7161419580535134,-0.7305767114330592,1.4815155007335354,-0.7321873464434212,-0.6749845003342017,1.3994927229738652
0.6802181917896237,0.5017798950576278,0.8028295872594609,1.3963711925468212,-0.7305767114330592,-0.6749845003342017,-0.7321873464434212,-0.6749845003342017,1.3994927229738652
0.9350133691362177,-1.2967143524607518,-1.3030260018721915,1.3963711925468212,-0.7305767114330592,-0.6749845003342017,1.365770666288445,-0.6749845003342017,-0.7145446229081065
-0.16909906603235617,-1.2967143524607518,-1.0681117314098407,1.3963711925468212,-0.7305767114330592,-0.6749845003342017,-0.7321873464434212,1.4815155007335354,-0.7145446229081065
0.0007643855320398109,-1.2967143524607518,-0.19802997848371853,-0.7161419580535134,-0.7305767114330592,1.4815155007335354,-0.7321873464434212,-0.6749845003342017,1.3994927229738652
-1.358143226983128,1.4010270188168177,-0.9031868585191006,-0.7161419580535134,-0.7305767114330592,1.4815155007335354,-0.7321873464434212,1.4815155007335354,-0.7145446229081065
-0.2540307918145541,0.5017798950576278,-0.36992122344144057,1.3963711925468212,-0.7305767114330592,-0.6749845003342017,1.365770666288445,-0.6749845003342017,-0.7145446229081065
0.5952864660074257,-0.3974672287015621,1.2986801578745328,1.3963711925468212,-0.7305767114330592,-0.6749845003342017,-0.7321873464434212,-0.6749845003342017,1.3994927229738652
0.0856961113142378,1.4010270188168177,1.0725300774564968,-0.7161419580535134,-0.7305767114330592,1.4815155007335354,-0.7321873464434212,1.4815155007335354,-0.7145446229081065
0.0007643855320398109,1.4010270188168177,0.38746725364451245,-0.7161419580535134,-0.7305767114330592,1.4815155007335354,1.365770666288445,-0.6749845003342017,-0.7145446229081065
-1.27321150120093,1.4010270188168177,1.1916871521178276,1.3963711925468212,-0.7305767114330592,-0.6749845003342017,-0.7321873464434212,1.4815155007335354,-0.7145446229081065
-1.69787013011192,-1.2967143524607518,0.92953347792645,1.3963711925468212,-0.7305767114330592,-0.6749845003342017,-0.7321873464434212,-0.6749845003342017,1.3994927229738652
-1.358143226983128,0.5017798950576278,-0.3214595401545079,1.3963711925468212,-0.7305767114330592,-0.6749845003342017,-0.7321873464434212,-0.6749845003342017,1.3994927229738652
-0.763621146507742,1.4010270188168177,-1.1251126779239493,-0.7161419580535134,1.3687816547538927,-0.6749845003342017,1.365770666288445,-0.6749845003342017,-0.7145446229081065
0.4254230144430297,-0.3974672287015621,-0.02098455381988779,-0.7161419580535134,-0.7305767114330592,1.4815155007335354,1.365770666288445,-0.6749845003342017,-0.7145446229081065
1.1048768207006137,0.5017798950576278,0.7618934064712618,-0.7161419580535134,1.3687816547538927,-0.6749845003342017,1.365770666288445,-0.6749845003342017,-0.7145446229081065
-0.5937576949433461,-0.3974672287015621,-0.2952446439359491,-0.7161419580535134,-0.7305767114330592,1.4815155007335354,-0.7321873464434212,1.4815155007335354,-0.7145446229081065
0.4254230144430297,0.5017798950576278,0.5169856843884924,-0.7161419580535134,-0.7305767114330592,1.4815155007335354,-0.7321873464434212,1.4815155007335354,-0.7145446229081065
0.5103547402252278,-0.3974672287015621,-1.5014736427476052,-0.7161419580535134,-0.7305767114330592,1.4815155007335354,-0.7321873464434212,1.4815155007335354,-0.7145446229081065
-1.018416323854336,-1.2967143524607518,0.8034154801561515,-0.7161419580535134,-0.7305767114330592,1.4815155007335354,1.365770666288445,-0.6749845003342017,-0.7145446229081065
0.4254230144430297,1.4010270188168177,1.0315812731006577,-0.7161419580535134,-0.7305767114330592,1.4815155007335354,-0.7321873464434212,-0.6749845003342017,1.3994927229738652
0.0856961113142378,-0.3974672287015621,0.6582596152752187,-0.7161419580535134,-0.7305767114330592,1.4815155007335354,-0.7321873464434212,-0.6749845003342017,1.3994927229738652
0.7651499175718217,0.5017798950576278,1.5765298797753133,-0.7161419580535134,-0.7305767114330592,1.4815155007335354,-0.7321873464434212,1.4815155007335354,-0.7145446229081065
-0.3389625175967521,1.4010270188168177,1.0807286928509856,-0.7161419580535134,1.3687816547538927,-0.6749845003342017,-0.7321873464434212,1.4815155007335354,-0.7145446229081065
0.4254230144430297,1.4010270188168177,1.350264703909006,1.3963711925468212,-0.7305767114330592,-0.6749845003342017,-0.7321873464434212,-0.6749845003342017,1.3994927229738652
1.2747402722650096,0.5017798950576278,1.4577289286732609,1.3963711925468212,-0.7305767114330592,-0.6749845003342017,-0.7321873464434212,-0.6749845003342017,1.3994927229738652
-1.69787013011192,-0.3974672287015621,0.9915056700583449,-0.7161419580535134,1.3687816547538927,-0.6749845003342017,-0.7321873464434212,1.4815155007335354,-0.7145446229081065
-1.103348049636534,-1.2967143524607518,0.5433848700075735,-0.7161419580535134,1.3687816547538927,-0.6749845003342017,-0.7321873464434212,1.4815155007335354,-0.7145446229081065
1.1898085464828116,-1.2967143524607518,-1.8139115379037052,-0.7161419580535134,1.3687816547538927,-0.6749845003342017,-0.7321873464434212,-0.6749845003342017,1.3994927229738652
-0.5088259691611481,-0.3974672287015621,-0.19155751177859093,-0.7161419580535134,1.3687816547538927,-0.6749845003342017,1.365770666288445,-0.6749845003342017,-0.7145446229081065
0.0856961113142378,1.4010270188168177,0.1798628419508513,-0.7161419580535134,-0.7305767114330592,1.4815155007335354,-0.7321873464434212,1.4815155007335354,-0.7145446229081065
-0.5937576949433461,1.4010270188168177,-0.7620540519257851,1.3963711925468212,-0.7305767114330592,-0.6749845003342017,-0.7321873464434212,-0.6749845003342017,1.3994927229738652
0.4254230144430297,1.4010270188168177,-0.7124280191478071,-0.7161419580535134,-0.7305767114330592,1.4815155007335354,-0.7321873464434212,-0.6749845003342017,1.3994927229738652
0.5952864660074257,1.4010270188168177,1.5550063558491638,1.3963711925468212,-0.7305767114330592,-0.6749845003342017,-0.7321873464434212,-0.6749845003342017,1.3994927229738652
0.17062783709643578,-0.3974672287015621,1.3101283308702876,1.3963711925468212,-0.7305767114330592,-0.6749845003342017,-0.7321873464434212,-0.6749845003342017,1.3994927229738652
-0.5937576949433461,1.4010270188168177,1.1601595017705777,-0.7161419580535134,1.3687816547538927,-0.6749845003342017,1.365770666288445,-0.6749845003342017,-0.7145446229081065
0.2555595628786338,0.5017798950576278,-0.40246360278626303,-0.7161419580535134,-0.7305767114330592,1.4815155007335354,-0.7321873464434212,-0.6749845003342017,1.3994927229738652
-1.612938404329722,1.4010270188168177,-1.7857738871446918,-0.7161419580535134,1.3687816547538927,-0.6749845003342017,-0.7321873464434212,1.4815155007335354,-0.7145446229081065
0.4254230144430297,-1.2967143524607518,-1.5512090015824649,-0.7161419580535134,-0.7305767114330592,1.4815155007335354,1.365770666288445,-0.6749845003342017,-0.7145446229081065
-0.5937576949433461,1.4010270188168177,-0.7332601118184914,1.3963711925468212,-0.7305767114330592,-0.6749845003342017,-0.7321873464434212,-0.6749845003342017,1.3994927229738652
-1.188279775418732,-0.3974672287015621,-1.778565392958285,-0.7161419580535134,1.3687816547538927,-0.6749845003342017,1.365770666288445,-0.6749845003342017,-0.7145446229081065
-1.528006678547524,-1.2967143524607518,-1.773604723802495,-0.7161419580535134,1.3687816547538927,-0.6749845003342017,-0.7321873464434212,1.4815155007335354,-0.7145446229081065
0.17062783709643578,-0.3974672287015621,1.3978999348522332,1.3963711925468212,-0.7305767114330592,-0.6749845003342017,-0.7321873464434212,-0.6749845003342017,1.3994927229738652
-0.2540307918145541,-0.3974672287015621,0.655864190436664,1.3963711925468212,-0.7305767114330592,-0.6749845003342017,-0.7321873464434212,1.4815155007335354,-0.7145446229081065
1.4446037238294056,-1.2967143524607518,-0.7446857988288705,1.3963711925468212,-0.7305767114330592,-0.6749845003342017,-0.7321873464434212,-0.6749845003342017,1.3994927229738652
1.1898085464828116,-0.3974672287015621,-1.36636602326482,-0.7161419580535134,1.3687816547538927,-0.6749845003342017,-0.7321873464434212,-0.6749845003342017,1.3994927229738652
-0.5088259691611481,-0.3974672287015621,-0.03002996957277701,-0.7161419580535134,-0.7305767114330592,1.4815155007335354,-0.7321873464434212,-0.6749845003342017,1.3994927229738652
0.3404912886608317,1.4010270188168177,-1.8152247056719106,-0.7161419580535134,1.3687816547538927,-0.6749845003342017,-0.7321873464434212,-0.6749845003342017,1.3994927229738652
1.3596719980472076,0.5017798950576278,1.4748043191004552,-0.7161419580535134,-0.7305767114330592,1.4815155007335354,-0.7321873464434212,-0.6749845003342017,1.3994927229738652
0.5952864660074257,-0.3974672287015621,-0.3714227958625194,-0.7161419580535134,1.3687816547538927,-0.6749845003342017,1.365770666288445,-0.6749845003342017,-0.7145446229081065
-0.933484598072138,-0.3974672287015621,-0.41542829239960005,-0.7161419580535134,1.3687816547538927,-0.6749845003342017,-0.7321873464434212,-0.6749845003342017,1.3994927229738652
1.5295354496116036,-0.3974672287015621,-0.45682869605776477,1.3963711925468212,-0.7305767114330592,-0.6749845003342017,-0.7321873464434212,-0.6749845003342017,1.3994927229738652
-0.3389625175967521,1.4010270188168177,-1.5896213317393064,-0.7161419580535134,-0.7305767114330592,1.4815155007335354,1.365770666288445,-0.6749845003342017,-0.7145446229081065
1.5295354496116036,0.5017798950576278,0.41667115013172945,-0.7161419580535134,1.3687816547538927,-0.6749845003342017,1.365770666288445,-0.6749845003342017,-0.7145446229081065
0.0856961113142378,-1.2967143524607518,0.7505210163599173,-0.7161419580535134,1.3687816547538927,-0.6749845003342017,1.365770666288445,-0.6749845003342017,-0.7145446229081065
0.4254230144430297,1.4010270188168177,0.5499664104579164,1.3963711925468212,-0.7305767114330592,-0.6749845003342017,1.365770666288445,-0.6749845003342017,-0.7145446229081065
0.3404912886608317,1.4010270188168177,-1.3459470512914846,1.3963711925468212,-0.7305767114330592,-0.6749845003342017,1.365770666288445,-0.6749845003342017,-0.7145446229081065
-0.3389625175967521,0.5017798950576278,0.20693527880116436,-0.7161419580535134,-0.7305767114330592,1.4815155007335354,1.365770666288445,-0.6749845003342017,-0.7145446229081065
-0.6786894207255441,0.5017798950576278,0.17394680935087073,-0.7161419580535134,1.3687816547538927,-0.6749845003342017,-0.7321873464434212,-0.6749845003342017,1.3994927229738652
-0.08416734025015818,1.4010270188168177,1.227971441202612,-0.7161419580535134,-0.7305767114330592,1.4815155007335354,-0.7321873464434212,-0.6749845003342017,1.3994927229738652
0.3404912886608317,-1.2967143524607518,-0.49725803512376204,-0.7161419580535134,1.3687816547538927,-0.6749845003342017,-0.7321873464434212,1.4815155007335354,-0.7145446229081065
-1.443074952765326,1.4010270188168177,-0.5242029892442699,-0.7161419580535134,-0.7305767114330592,1.4815155007335354,-0.7321873464434212,-0.6749845003342017,1.3994927229738652
-0.933484598072138,0.5017798950576278,0.3468726473552806,1.3963711925468212,-0.7305767114330592,-0.6749845003342017,-0.7321873464434212,-0.6749845003342017,1.3994927229738652
-1.528006678547524,-1.2967143524607518,0.3981609247371683,-0.7161419580535134,1.3687816547538927,-0.6749845003342017,1.365770666288445,-0.6749845003342017,-0.7145446229081065
-0.2540307918145541,0.5017798950576278,-0.17935928475244417,-0.7161419580535134,-0.7305767114330592,1.4815155007335354,1.365770666288445,-0.6749845003342017,-0.7145446229081065
1.2747402722650096,-1.2967143524607518,-0.2718326045914606,1.3963711925468212,-0.7305767114330592,-0.6749845003342017,-0.7321873464434212,-0.6749845003342017,1.3994927229738652
0.0856961113142378,-0.3974672287015621,-0.09169343759032096,1.3963711925468212,-0.7305767114330592,-0.6749845003342017,-0.7321873464434212,1.4815155007335354,-0.7145446229081065
1.1048768207006137,0.5017798950576278,1.202000470627399,-0.7161419580535134,-0.7305767114330592,1.4815155007335354,1.365770666288445,-0.6749845003342017,-0.7145446229081065
-1.103348049636534,0.5017798950576278,-0.20798478723005462,-0.7161419580535134,1.3687816547538927,-0.6749845003342017,-0.7321873464434212,-0.6749845003342017,1.3994927229738652
1.6144671753938016,1.4010270188168177,1.4801570099873729,-0.7161419580535134,1.3687816547538927,-0.6749845003342017,-0.7321873464434212,-0.6749845003342017,1.3994927229738652
-0.16909906603235617,0.5017798950576278,-0.056940508118970994,1.3963711925468212,-0.7305767114330592,-0.6749845003342017,-0.7321873464434212,1.4815155007335354,-0.7145446229081065
1.3596719980472076,0.5017798950576278,1.512839480761884,-0.7161419580535134,1.3687816547538927,-0.6749845003342017,-0.7321873464434212,1.4815155007335354,-0.7145446229081065
-1.27321150120093,-0.3974672287015621,1.1025190409915515,-0.7161419580535134,1.3687816547538927,-0.6749845003342017,1.365770666288445,-0.6749845003342017,-0.7145446229081065
0.4254230144430297,0.5017798950576278,-0.5561299006324829,-0.7161419580535134,1.3687816547538927,-0.6749845003342017,-0.7321873464434212,1.4815155007335354,-0.7145446229081065
1.1048768207006137,-0.3974672287015621,1.2111544871288815,1.3963711925468212,-0.7305767114330592,-0.6749845003342017,-0.7321873464434212,-0.6749845003342017,1.3994927229738652
-1.27321150120093,-0.3974672287015621,-1.445988455825599,-0.7161419580535134,-0.7305767114330592,1.4815155007335354,-0.7321873464434212,-0.6749845003342017,1.3994927229738652
1.3596719980472076,-0.3974672287015621,1.42767332968722,-0.7161419580535134,1.3687816547538927,-0.6749845003342017,-0.7321873464434212,1.4815155007335354,-0.7145446229081065
1.0199450949184157,-0.3974672287015621,0.3931217325535054,1.3963711925468212,-0.7305767114330592,-0.6749845003342017,-0.7321873464434212,1.4815155007335354,-0.7145446229081065
0.0856961113142378,-1.2967143524607518,-1.6422917693286667,1.3963711925468212,-0.7305767114330592,-0.6749845003342017,-0.7321873464434212,1.4815155007335354,-0.7145446229081065
0.0007643855320398109,1.4010270188168177,0.43759634836897743,-0.7161419580535134,-0.7305767114330592,1.4815155007335354,-0.7321873464434212,1.4815155007335354,-0.7145446229081065
-1.27321150120093,-1.2967143524607518,1.6011559436360658,-0.7161419580535134,1.3687816547538927,-0.6749845003342017,1.365770666288445,-0.6749845003342017,-0.7145446229081065
-1.27321150120093,0.5017798950576278,-1.5879558999487349,-0.7161419580535134,1.3687816547538927,-0.6749845003342017,-0.7321873464434212,1.4815155007335354,-0.7145446229081065
-1.443074952765326,-1.2967143524607518,0.12177286385110274,-0.7161419580535134,-0.7305767114330592,1.4815155007335354,1.365770666288445,-0.6749845003342017,-0.7145446229081065
0.7651499175718217,-1.2967143524607518,0.8026736495828748,-0.7161419580535134,-0.7305767114330592,1.4815155007335354,-0.7321873464434212,-0.6749845003342017,1.3994927229738652
-0.84855287228994,0.5017798950576278,1.0229247399506227,1.3963711925468212,-0.7305767114330592,-0.6749845003342017,-0.7321873464434212,1.4815155007335354,-0.7145446229081065
0.7651499175718217,0.5017798950576278,-0.37490529874852874,1.3963711925468212,-0.7305767114330592,-0.6749845003342017,1.365770666288445,-0.6749845003342017,-0.7145446229081065
0.8500816433540197,0.5017798950576278,-1.1141770076437891,-0.7161419580535134,-0.7305767114330592,1.4815155007335354,-0.7321873464434212,1.4815155007335354,-0.7145446229081065
0.2555595628786338,-1.2967143524607518,-1.6847750962638306,-0.7161419580535134,1.3687816547538927,-0.6749845003342017,-0.7321873464434212,-0.6749845003342017,1.3994927229738652
-1.018416323854336,-1.2967143524607518,0.21005930730831288,1.3963711925468212,-0.7305767114330592,-0.6749845003342017,-0.7321873464434212,-0.6749845003342017,1.3994927229738652
-1.528006678547524,0.5017798950576278,-0.2370951368588545,1.3963711925468212,-0.7305767114330592,-0.6749845003342017,-0.7321873464434212,-0.6749845003342017,1.3994927229738652
0.8500816433540197,1.4010270188168177,1.5112305578994083,-0.7161419580535134,1.3687816547538927,-0.6749845003342017,-0.7321873464434212,1.4815155007335354,-0.7145446229081065
1.6144671753938016,1.4010270188168177,-1.6203804260555583,1.3963711925468212,-0.7305767114330592,-0.6749845003342017,-0.7321873464434212,1.4815155007335354,-0.7145446229081065
1.3596719980472076,-0.3974672287015621,0.5826525646931436,-0.7161419580535134,1.3687816547538927,-0.6749845003342017,1.365770666288445,-0.6749845003342017,-0.7145446229081065
1.2747402722650096,0.5017798950576278,-1.746043681480569,-0.7161419580535134,1.3687816547538927,-0.6749845003342017,-0.7321873464434212,-0.6749845003342017,1.3994927229738652
0.2555595628786338,-0.3974672287015621,-1.22959253626938,-0.7161419580535134,1.3687816547538927,-0.6749845003342017,-0.7321873464434212,1.4815155007335354,-0.7145446229081065
0.8500816433540197,1.4010270188168177,-0.2347399934670795,-0.7161419580535134,-0.7305767114330592,1.4815155007335354,-0.7321873464434212,-0.6749845003342017,1.3994927229738652
-1.27321150120093,-0.3974672287015621,-0.23017926850490902,-0.7161419580535134,-0.7305767114330592,1.4815155007335354,-0.7321873464434212,-0.6749845003342017,1.3994927229738652
-1.612938404329722,0.5017798950576278,0.5837287087913482,-0.7161419580535134,-0.7305767114330592,1.4815155007335354,1.365770666288445,-0.6749845003342017,-0.7145446229081065
-0.08416734025015818,0.5017798950576278,1.3753676300678694,-0.7161419580535134,1.3687816547538927,-0.6749845003342017,1.365770666288445,-0.6749845003342017,-0.7145446229081065
0.5952864660074257,0.5017798950576278,0.4191743498599872,-0.7161419580535134,1.3687816547538927,-0.6749845003342017,1.365770666288445,-0.6749845003342017,-0.7145446229081065
-0.84855287228994,-1.2967143524607518,1.5281227436585891,-0.7161419580535134,-0.7305767114330592,1.4815155007335354,1.365770666288445,-0.6749845003342017,-0.7145446229081065
-1.443074952765326,-0.3974672287015621,1.2745322122878415,1.3963711925468212,-0.7305767114330592,-0.6749845003342017,-0.7321873464434212,-0.6749845003342017,1.3994927229738652
-0.5088259691611481,1.4010270188168177,0.22689132385918204,-0.7161419580535134,1.3687816547538927,-0.6749845003342017,1.365770666288445,-0.6749845003342017,-0.7145446229081065
-1.27321150120093,1.4010270188168177,1.1059042076144445,1.3963711925468212,-0.7305767114330592,-0.6749845003342017,1.365770666288445,-0.6749845003342017,-0.7145446229081065
0.7651499175718217,1.4010270188168177,0.43167573588288854,1.3963711925468212,-0.7305767114330592,-0.6749845003342017,1.365770666288445,-0.6749845003342017,-0.7145446229081065
1.4446037238294056,-1.2967143524607518,-1.5570777891271894,-0.7161419580535134,1.3687816547538927,-0.6749845003342017,1.365770666288445,-0.6749845003342017,-0.7145446229081065
-1.612938404329722,-1.2967143524607518,0.7771817329671046,-0.7161419580535134,1.3687816547538927,-0.6749845003342017,-0.7321873464434212,-0.6749845003342017,1.3994927229738652
-0.5088259691611481,0.5017798950576278,-1.4994249635622146,1.3963711925468212,-0.7305767114330592,-0.6749845003342017,1.365770666288445,-0.6749845003342017,-0.7145446229081065
-0.84855287228994,1.4010270188168177,0.2606812652271122,1.3963711925468212,-0.7305767114330592,-0.6749845003342017,-0.7321873464434212,-0.6749845003342017,1.3994927229738652
-1.103348049636534,-1.2967143524607518,0.6434585544176742,-0.7161419580535134,-0.7305767114330592,1.4815155007335354,-0.7321873464434212,1.4815155007335354,-0.7145446229081065
0.4254230144430297,0.5017798950576278,-1.599496776369686,-0.7161419580535134,-0.7305767114330592,1.4815155007335354,-0.7321873464434212,-0.6749845003342017,1.3994927229738652
-1.358143226983128,1.4010270188168177,-1.0202854115526152,-0.7161419580535134,1.3687816547538927,-0.6749845003342017,-0.7321873464434212,-0.6749845003342017,1.3994927229738652
-1.27321150120093,-0.3974672287015621,1.3946169515586546,-0.7161419580535134,-0.7305767114330592,1.4815155007335354,1.365770666288445,-0.6749845003342017,-0.7145446229081065
0.4254230144430297,0.5017798950576278,0.33907106032296075,-0.7161419580535134,-0.7305767114330592,1.4815155007335354,-0.7321873464434212,1.4815155007335354,-0.7145446229081065
-1.443074952765326,-1.2967143524607518,-0.9656623156160662,-0.7161419580535134,-0.7305767114330592,1.4815155007335354,-0.7321873464434212,1.4815155007335354,-0.7145446229081065
-0.16909906603235617,-1.2967143524607518,0.6012856421203159,-0.7161419580535134,-0.7305767114330592,1.4815155007335354,-0.7321873464434212,1.4815155007335354,-0.7145446229081065
-0.08416734025015818,0.5017798950576278,0.2701791322019196,1.3963711925468212,-0.7305767114330592,-0.6749845003342017,-0.7321873464434212,1.4815155007335354,-0.7145446229081065
1.0199450949184157,0.5017798950576278,-0.06550194581262797,-0.7161419580535134,1.3687816547538927,-0.6749845003342017,-0.7321873464434212,-0.6749845003342017,1.3994927229738652
-0.08416734025015818,-1.2967143524607518,1.6079940569508089,-0.7161419580535134,-0.7305767114330592,1.4815155007335354,-0.7321873464434212,1.4815155007335354,-0.7145446229081065
-0.763621146507742,-0.3974672287015621,0.5758065347414838,1.3963711925468212,-0.7305767114330592,-0.6749845003342017,-0.7321873464434212,-0.6749845003342017,1.3994927229738652
-1.69787013011192,1.4010270188168177,-0.5102569351719634,1.3963711925468212,-0.7305767114330592,-0.6749845003342017,-0.7321873464434212,-0.6749845003342017,1.3994927229738652
0.4254230144430297,-0.3974672287015621,0.9870115275094806,1.3963711925468212,-0.7305767114330592,-0.6749845003342017,-0.7321873464434212,-0.6749845003342017,1.3994927229738652
-0.5937576949433461,0.5017798950576278,1.2849962610077832,-0.7161419580535134,-0.7305767114330592,1.4815155007335354,-0.7321873464434212,1.4815155007335354,-0.7145446229081065
1.4446037238294056,-0.3974672287015621,-1.392543371424923,-0.7161419580535134,-0.7305767114330592,1.4815155007335354,1.365770666288445,-0.6749845003342017,-0.7145446229081065
1.3596719980472076,-1.2967143524607518,-1.1269186221340226,-0.7161419580535134,1.3687816547538927,-0.6749845003342017,1.365770666288445,-0.6749845003342017,-0.7145446229081065
-0.84855287228994,0.5017798950576278,-1.0716514380693398,-0.7161419580535134,-0.7305767114330592,1.4815155007335354,-0.7321873464434212,1.4815155007335354,-0.7145446229081065
1.2747402722650096,1.4010270188168177,0.6031616276104882,-0.7161419580535134,-0.7305767114330592,1.4815155007335354,1.365770666288445,-0.6749845003342017,-0.7145446229081065
-0.6786894207255441,-1.2967143524607518,0.2922631662127012,1.3963711925468212,-0.7305767114330592,-0.6749845003342017,1.365770666288445,-0.6749845003342017,-0.7145446229081065
-1.528006678547524,-1.2967143524607518,0.34851051173460645,-0.7161419580535134,1.3687816547538927,-0.6749845003342017,-0.7321873464434212,-0.6749845003342017,1.3994927229738652
1.0199450949184157,1.4010270188168177,1.483124195722622,-0.7161419580535134,-0.7305767114330592,1.4815155007335354,-0.7321873464434212,-0.6749845003342017,1.3994927229738652
-1.27321150120093,1.4010270188168177,0.9018158232127179,-0.7161419580535134,-0.7305767114330592,1.4815155007335354,-0.7321873464434212,1.4815155007335354,-0.7145446229081065
-0.933484598072138,-0.3974672287015621,-1.382965373176932,1.3963711925468212,-0.7305767114330592,-0.6749845003342017,-0.7321873464434212,1.4815155007335354,-0.7145446229081065
-1.358143226983128,0.5017798950576278,-0.6087532950085232,1.3963711925468212,-0.7305767114330592,-0.6749845003342017,1.365770666288445,-0.6749845003342017,-0.7145446229081065
0.17062783709643578,1.4010270188168177,-0.2988621886258674,-0.7161419580535134,-0.7305767114330592,1.4815155007335354,-0.7321873464434212,-0.6749845003342017,1.3994927229738652
-0.933484598072138,1.4010270188168177,-0.437901006186541,-0.7161419580535134,1.3687816547538927,-0.6749845003342017,-0.7321873464434212,1.4815155007335354,-0.7145446229081065
-1.612938404329722,0.5017798950576278,0.525930175369323,-0.7161419580535134,1.3687816547538927,-0.6749845003342017,-0.7321873464434212,1.4815155007335354,-0.7145446229081065
-0.6786894207255441,1.4010270188168177,1.310770908639997,1.3963711925468212,-0.7305767114330592,-0.6749845003342017,-0.7321873464434212,1.4815155007335354,-0.7145446229081065
1.6144671753938016,1.4010270188168177,-0.754927261303334,1.3963711925468212,-0.7305767114330592,-0.6749845003342017,-0.7321873464434212,1.4815155007335354,-0.7145446229081065
-1.612938404329722,-0.3974672287015621,0.11186268360749457,-0.7161419580535134,-0.7305767114330592,1.4815155007335354,-0.7321873464434212,1.4815155007335354,-0.7145446229081065
-0.08416734025015818,-1.2967143524607518,0.9494098536363844,1.3963711925468212,-0.7305767114330592,-0.6749845003342017,-0.7321873464434212,1.4815155007335354,-0.7145446229081065
-1.69787013011192,-1.2967143524607518,-0.36647598213151156,-0.7161419580535134,-0.7305767114330592,1.4815155007335354,1.365770666288445,-0.6749845003342017,-0.7145446229081065
1.3596719980472076,-1.2967143524607518,-1.2412850389243624,-0.7161419580535134,1.3687816547538927,-0.6749845003342017,-0.7321873464434212,-0.6749845003342017,1.3994927229738652
-1.018416323854336,-1.2967143524607518,-0.15938169405893074,-0.7161419580535134,1.3687816547538927,-0.6749845003342017,-0.7321873464434212,-0.6749845003342017,1.3994927229738652
-0.3389625175967521,1.4010270188168177,-1.6393589113042244,-0.7161419580535134,-0.7305767114330592,1.4815155007335354,-0.7321873464434212,1.4815155007335354,-0.7145446229081065
-1.018416323854336,0.5017798950576278,1.4888016563052107,1.3963711925468212,-0.7305767114330592,-0.6749845003342017,-0.7321873464434212,-0.6749845003342017,1.3994927229738652
-0.84855287228994,0.5017798950576278,-1.570253262507945,-0.7161419580535134,1.3687816547538927,-0.6749845003342017,-0.7321873464434212,-0.6749845003342017,1.3994927229738652
-0.5088259691611481,-0.3974672287015621,-0.2880616996316274,1.3963711925468212,-0.7305767114330592,-0.6749845003342017,-0.7321873464434212,-0.6749845003342017,1.3994927229738652
0.2555595628786338,-0.3974672287015621,0.034304455684972014,-0.7161419580535134,1.3687816547538927,-0.6749845003342017,-0.7321873464434212,1.4815155007335354,-0.7145446229081065
1.4446037238294056,1.4010270188168177,1.6401404155591754,-0.7161419580535134,-0.7305767114330592,1.4815155007335354,-0.7321873464434212,1.4815155007335354,-0.7145446229081065
1.1898085464828116,0.5017798950576278,-1.2486766830228926,-0.7161419580535134,-0.7305767114330592,1.4815155007335354,-0.7321873464434212,-0.6749845003342017,1.3994927229738652
0.7651499175718217,0.5017798950576278,-1.4305859080768772,-0.7161419580535134,-0.7305767114330592,1.4815155007335354,-0.7321873464434212,-0.6749845003342017,1.3994927229738652
0.8500816433540197,-1.2967143524607518,-1.8033772764512352,-0.7161419580535134,1.3687816547538927,-0.6749845003342017,-0.7321873464434212,1.4815155007335354,-0.7145446229081065
-1.358143226983128,1.4010270188168177,-1.285525113331038,1.3963711925468212,-0.7305767114330592,-0.6749845003342017,1.365770666288445,-0.6749845003342017,-0.7145446229081065
-0.5937576949433461,1.4010270188168177,-1.1032236621215534,1.3963711925468212,-0.7305767114330592,-0.6749845003342017,-0.7321873464434212,-0.6749845003342017,1.3994927229738652
-0.84855287228994,-1.2967143524607518,0.38937506112372533,1.3963711925468212,-0.7305767114330592,-0.6749845003342017,1.365770666288445,-0.6749845003342017,-0.7145446229081065
-1.018416323854336,1.4010270188168177,-1.0593816072813969,-0.7161419580535134,1.3687816547538927,-0.6749845003342017,-0.7321873464434212,-0.6749845003342017,1.3994927229738652
1.1048768207006137,1.4010270188168177,-1.7617183438617898,-0.7161419580535134,1.3687816547538927,-0.6749845003342017,1.365770666288445,-0.6749845003342017,-0.7145446229081065
-0.763621146507742,-0.3974672287015621,1.0806098233041042,-0.7161419580535134,1.3687816547538927,-0.6749845003342017,1.365770666288445,-0.6749845003342017,-0.7145446229081065
1.1898085464828116,0.5017798950576278,-0.5449721914461665,-0.7161419580535134,1.3687816547538927,-0.6749845003342017,1.365770666288445,-0.6749845003342017,-0.7145446229081065
1.1898085464828116,1.4010270188168177,-0.586928533657299,-0.7161419580535134,1.3687816547538927,-0.6749845003342017,-0.7321873464434212,1.4815155007335354,-0.7145446229081065
-1.69787013011192,-0.3974672287015621,-0.7675237901407744,1.3963711925468212,-0.7305767114330592,-0.6749845003342017,1.365770666288445,-0.6749845003342017,-0.7145446229081065
1.6144671753938016,0.5017798950576278,1.6051249298208667,-0.7161419580535134,1.3687816547538927,-0.6749845003342017,1.365770666288445,-0.6749845003342017,-0.7145446229081065
0.0856961113142378,-1.2967143524607518,-1.2342425281733675,-0.7161419580535134,1.3687816547538927,-0.6749845003342017,1.365770666288445,-0.6749845003342017,-0.7145446229081065
0.6802181917896237,-0.3974672287015621,1.3331434626042984,1.3963711925468212,-0.7305767114330592,-0.6749845003342017,-0.7321873464434212,-0.6749845003342017,1.3994927229738652
-1.103348049636534,-0.3974672287015621,0.9049603389390298,-0.7161419580535134,1.3687816547538927,-0.6749845003342017,1.365770666288445,-0.6749845003342017,-0.7145446229081065
-0.84855287228994,0.5017798950576278,-1.5644044507546095,1.3963711925468212,-0.7305767114330592,-0.6749845003342017,-0.7321873464434212,-0.6749845003342017,1.3994927229738652
1.3596719980472076,-1.2967143524607518,1.6451659647971442,1.3963711925468212,-0.7305767114330592,-0.6749845003342017,1.365770666288445,-0.6749845003342017,-0.7145446229081065
-0.5937576949433461,-0.3974672287015621,-0.8772295508309585,-0.7161419580535134,-0.7305767114330592,1.4815155007335354,1.365770666288445,-0.6749845003342017,-0.7145446229081065
0.7651499175718217,1.4010270188168177,-1.4864685979082255,-0.7161419580535134,-0.7305767114330592,1.4815155007335354,-0.7321873464434212,1.4815155007335354,-0.7145446229081065
1.1898085464828116,1.4010270188168177,1.0901156211473442,-0.7161419580535134,-0.7305767114330592,1.4815155007335354,-0.7321873464434212,-0.6749845003342017,1.3994927229738652
0.0007643855320398109,1.4010270188168177,0.6576872618471956,-0.7161419580535134,-0.7305767114330592,1.4815155007335354,1.365770666288445,-0.6749845003342017,-0.7145446229081065
1.3596719980472076,-1.2967143524607518,0.34225970195381056,-0.7161419580535134,1.3687816547538927,-0.6749845003342017,-0.7321873464434212,-0.6749845003342017,1.3994927229738652
-1.358143226983128,-0.3974672287015621,-1.284081459969221,-0.7161419580535134,-0.7305767114330592,1.4815155007335354,-0.7321873464434212,-0.6749845003342017,1.3994927229738652
-0.16909906603235617,1.4010270188168177,-0.14688136731514323,1.3963711925468212,-0.7305767114330592,-0.6749845003342017,-0.7321873464434212,1.4815155007335354,-0.7145446229081065
-0.5937576949433461,-1.2967143524607518,0.918192472242886,-0.7161419580535134,1.3687816547538927,-0.6749845003342017,-0.7321873464434212,1.4815155007335354,-0.7145446229081065
0.4254230144430297,1.4010270188168177,-0.7634868009343203,-0.7161419580535134,-0.7305767114330592,1.4815155007335354,-0.7321873464434212,1.4815155007335354,-0.7145446229081065
-1.443074952765326,0.5017798950576278,-0.7350461885764729,1.3963711925468212,-0.7305767114330592,-0.6749845003342017,-0.7321873464434212,1.4815155007335354,-0.7145446229081065
0.3404912886608317,-0.3974672287015621,-1.823000511467456,-0.7161419580535134,1.3687816547538927,-0.6749845003342017,-0.7321873464434212,1.4815155007335354,-0.7145446229081065
0.3404912886608317,-0.3974672287015621,-1.219687110616317,-0.7161419580535134,1.3687816547538927,-0.6749845003342017,-0.7321873464434212,1.4815155007335354,-0.7145446229081065
-0.2540307918145541,-1.2967143524607518,1.2526354824429689,-0.7161419580535134,-0.7305767114330592,1.4815155007335354,-0.7321873464434212,1.4815155007335354,-0.7145446229081065
1.6144671753938016,-1.2967143524607518,-0.27646183270256597,-0.7161419580535134,1.3687816547538927,-0.6749845003342017,-0.7321873464434212,1.4815155007335354,-0.7145446229081065
-1.103348049636534,-0.3974672287015621,1.6363699097082451,1.3963711925468212,-0.7305767114330592,-0.6749845003342017,1.365770666288445,-0.6749845003342017,-0.7145446229081065
1.5295354496116036,1.4010270188168177,-0.43879529744523954,-0.7161419580535134,1.3687816547538927,-0.6749845003342017,-0.7321873464434212,-0.6749845003342017,1.3994927229738652
1.6144671753938016,1.4010270188168177,0.6876970681730837,1.3963711925468212,-0.7305767114330592,-0.6749845003342017,-0.7321873464434212,1.4815155007335354,-0.7145446229081065
-0.5937576949433461,0.5017798950576278,-0.8400190228409403,-0.7161419580535134,1.3687816547538927,-0.6749845003342017,-0.7321873464434212,1.4815155007335354,-0.7145446229081065
0.9350133691362177,1.4010270188168177,-0.5512699011688036,-0.7161419580535134,-0.7305767114330592,1.4815155007335354,-0.7321873464434212,-0.6749845003342017,1.3994927229738652
1.4446037238294056,-1.2967143524607518,-1.1615689344500466,1.3963711925468212,-0.7305767114330592,-0.6749845003342017,1.365770666288445,-0.6749845003342017,-0.7145446229081065
1.0199450949184157,-1.2967143524607518,-0.6103213719090688,-0.7161419580535134,1.3687816547538927,-0.6749845003342017,-0.7321873464434212,-0.6749845003342017,1.3994927229738652
0.17062783709643578,1.4010270188168177,0.09550323485626598,-0.7161419580535134,1.3687816547538927,-0.6749845003342017,-0.7321873464434212,-0.6749845003342017,1.3994927229738652
-0.5088259691611481,-1.2967143524607518,1.6629505081472287,-0.7161419580535134,1.3687816547538927,-0.6749845003342017,-0.7321873464434212,1.4815155007335354,-0.7145446229081065
1.0199450949184157,-0.3974672287015621,0.5079230806326105,1.3963711925468212,-0.7305767114330592,-0.6749845003342017,-0.7321873464434212,-0.6749845003342017,1.3994927229738652
0.3404912886608317,-0.3974672287015621,-1.1315272326162213,1.3963711925468212,-0.7305767114330592,-0.6749845003342017,-0.7321873464434212,-0.6749845003342017,1.3994927229738652
-0.3389625175967521,1.4010270188168177,-1.6755398362969967,1.3963711925468212,-0.7305767114330592,-0.6749845003342017,-0.7321873464434212,1.4815155007335354,-0.7145446229081065
1.0199450949184157,-0.3974672287015621,-1.388538071324146,-0.7161419580535134,-0.7305767114330592,1.4815155007335354,-0.7321873464434212,1.4815155007335354,-0.7145446229081065
-1.612938404329722,-0.3974672287015621,0.14951391480548654,-0.7161419580535134,-0.7305767114330592,1.4815155007335354,-0.7321873464434212,1.4815155007335354,-0.7145446229081065
-0.5937576949433461,0.5017798950576278,0.8639067008464115,1.3963711925468212,-0.7305767114330592,-0.6749845003342017,-0.7321873464434212,1.4815155007335354,-0.7145446229081065
1.6144671753938016,0.5017798950576278,1.481875653540178,-0.7161419580535134,1.3687816547538927,-0.6749845003342017,-0.7321873464434212,-0.6749845003342017,1.3994927229738652
1.6144671753938016,-0.3974672287015621,-1.7782823969051886,-0.7161419580535134,-0.7305767114330592,1.4815155007335354,-0.7321873464434212,-0.6749845003342017,1.3994927229738652
1.5295354496116036,1.4010270188168177,0.00919513846257955,1.3963711925468212,-0.7305767114330592,-0.6749845003342017,1.365770666288445,-0.6749845003342017,-0.7145446229081065
-1.27321150120093,0.5017798950576278,-0.1737806427675032,-0.7161419580535134,1.3687816547538927,-0.6749845003342017,1.365770666288445,-0.6749845003342017,-0.7145446229081065
-1.27321150120093,-1.2967143524607518,0.4791975620847705,-0.7161419580535134,-0.7305767114330592,1.4815155007335354,-0.7321873464434212,-0.6749845003342017,1.3994927229738652
-1.528006678547524,-1.2967143524607518,0.13901921156693225,-0.7161419580535134,1.3687816547538927,-0.6749845003342017,1.365770666288445,-0.6749845003342017,-0.7145446229081065
-1.188279775418732,-1.2967143524607518,0.5884486863124588,-0.7161419580535134,1.3687816547538927,-0.6749845003342017,-0.7321873464434212,-0.6749845003342017,1.3994927229738652
-1.103348049636534,1.4010270188168177,0.48634681954031694,-0.7161419580535134,1.3687816547538927,-0.6749845003342017,1.365770666288445,-0.6749845003342017,-0.7145446229081065
-0.5088259691611481,-0.3974672287015621,-1.4214880103548773,-0.7161419580535134,1.3687816547538927,-0.6749845003342017,-0.7321873464434212,1.4815155007335354,-0.7145446229081065
0.6802181917896237,-1.2967143524607518,0.985757956956333,-0.7161419580535134,-0.7305767114330592,1.4815155007335354,1.365770666288445,-0.6749845003342017,-0.7145446229081065
1.0199450949184157,1.4010270188168177,-1.39955307203352,-0.7161419580535134,-0.7305767114330592,1.4815155007335354,-0.7321873464434212,1.4815155007335354,-0.7145446229081065
0.7651499175718217,0.5017798950576278,0.6289680289065119,-0.7161419580535134,-0.7305767114330592,1.4815155007335354,-0.7321873464434212,1.4815155007335354,-0.7145446229081065
1.5295354496116036,-0.3974672287015621,-0.36673229386905903,1.3963711925468212,-0.7305767114330592,-0.6749845003342017,-0.7321873464434212,1.4815155007335354,-0.7145446229081065
0.5103547402252278,0.5017798950576278,-0.022219743062605227,-0.7161419580535134,-0.7305767114330592,1.4815155007335354,-0.7321873464434212,1.4815155007335354,-0.7145446229081065
1.2747402722650096,1.4010270188168177,1.3509850252703821,-0.7161419580535134,1.3687816547538927,-0.6749845003342017,1.365770666288445,-0.6749845003342017,-0.7145446229081065
0.6802181917896237,-1.2967143524607518,1.3036857756245068,-0.7161419580535134,-0.7305767114330592,1.4815155007335354,-0.7321873464434212,-0.6749845003342017,1.3994927229738652
1.4446037238294056,-1.2967143524607518,1.0497145634757108,-0.7161419580535134,1.3687816547538927,-0.6749845003342017,-0.7321873464434212,1.4815155007335354,-0.7145446229081065
1.0199450949184157,1.4010270188168177,-0.03527437354979357,1.3963711925468212,-0.7305767114330592,-0.6749845003342017,1.365770666288445,-0.6749845003342017,-0.7145446229081065
1.3596719980472076,-1.2967143524607518,0.7619319375907732,-0.7161419580535134,1.3687816547538927,-0.6749845003342017,-0.7321873464434212,1.4815155007335354,-0.7145446229081065
0.5103547402252278,-0.3974672287015621,-0.02558244887041007,-0.7161419580535134,1.3687816547538927,-0.6749845003342017,1.365770666288445,-0.6749845003342017,-0.7145446229081065
1.0199450949184157,1.4010270188168177,1.2321860916520067,-0.7161419580535134,1.3687816547538927,-0.6749845003342017,1.365770666288445,-0.6749845003342017,-0.7145446229081065
-1.443074952765326,0.5017798950576278,-0.41387374112355013,1.3963711925468212,-0.7305767114330592,-0.6749845003342017,1.365770666288445,-0.6749845003342017,-0.7145446229081065
0.0856961113142378,1.4010270188168177,1.5870083987977983,-0.7161419580535134,-0.7305767114330592,1.4815155007335354,-0.7321873464434212,-0.6749845003342017,1.3994927229738652
-1.612938404329722,-0.3974672287015621,1.4533272901319358,-0.7161419580535134,-0.7305767114330592,1.4815155007335354,1.365770666288445,-0.6749845003342017,-0.7145446229081065
-0.933484598072138,-0.3974672287015621,0.7808413913450052,1.3963711925468212,-0.7305767114330592,-0.6749845003342017,1.365770666288445,-0.6749845003342017,-0.7145446229081065
-1.358143226983128,1.4010270188168177,-0.8488452483158224,-0.7161419580535134,1.3687816547538927,-0.6749845003342017,-0.7321873464434212,-0.6749845003342017,1.3994927229738652
-0.933484598072138,1.4010270188168177,-1.3698602845594248,-0.7161419580535134,-0.7305767114330592,1.4815155007335354,-0.7321873464434212,-0.6749845003342017,1.3994927229738652
1.0199450949184157,-1.2967143524607518,1.1796388871686292,1.3963711925468212,-0.7305767114330592,-0.6749845003342017,1.365770666288445,-0.6749845003342017,-0.7145446229081065
1.4446037238294056,-0.3974672287015621,-1.2512137975027577,-0.7161419580535134,-0.7305767114330592,1.4815155007335354,-0.7321873464434212,-0.6749845003342017,1.3994927229738652
-0.6786894207255441,1.4010270188168177,1.1780780486183986,1.3963711925468212,-0.7305767114330592,-0.6749845003342017,-0.7321873464434212,1.4815155007335354,-0.7145446229081065
0.8500816433540197,1.4010270188168177,-0.10362082923776321,-0.7161419580535134,1.3687816547538927,-0.6749845003342017,-0.7321873464434212,1.4815155007335354,-0.7145446229081065
1.2747402722650096,-0.3974672287015621,-0.40054197677952913,-0.7161419580535134,-0.7305767114330592,1.4815155007335354,-0.7321873464434212,-0.6749845003342017,1.3994927229738652
0.2555595628786338,1.4010270188168177,1.3506069089905652,1.3963711925468212,-0.7305767114330592,-0.6749845003342017,-0.7321873464434212,-0.6749845003342017,1.3994927229738652
-0.5088259691611481,-1.2967143524607518,0.29512428799245144,-0.7161419580535134,-0.7305767114330592,1.4815155007335354,1.365770666288445,-0.6749845003342017,-0.7145446229081065
0.6802181917896237,-0.3974672287015621,0.19908575736503858,-0.7161419580535134,-0.7305767114330592,1.4815155007335354,-0.7321873464434212,-0.6749845003342017,1.3994927229738652
-1.103348049636534,-1.2967143524607518,0.13615286295516285,-0.7161419580535134,-0.7305767114330592,1.4815155007335354,1.365770666288445,-0.6749845003342017,-0.7145446229081065
-1.358143226983128,-1.2967143524607518,-0.5253187242011838,-0.7161419580535134,-0.7305767114330592,1.4815155007335354,-0.7321873464434212,1.4815155007335354,-0.7145446229081065
0.6802181917896237,-1.2967143524607518,0.9361296829101535,1.3963711925468212,-0.7305767114330592,-0.6749845003342017,-0.7321873464434212,-0.6749845003342017,1.3994927229738652
-1.443074952765326,-1.2967143524607518,-0.9426992759207771,-0.7161419580535134,1.3687816547538927,-0.6749845003342017,1.365770666288445,-0.6749845003342017,-0.7145446229081065
-0.763621146507742,-0.3974672287015621,1.4765011042407064,1.3963711925468212,-0.7305767114330592,-0.6749845003342017,1.365770666288445,-0.6749845003342017,-0.7145446229081065
-1.612938404329722,-1.2967143524607518,1.3181477329328635,1.3963711925468212,-0.7305767114330592,-0.6749845003342017,-0.7321873464434212,1.4815155007335354,-0.7145446229081065
0.5103547402252278,-1.2967143524607518,-0.6441079909958864,1.3963711925468212,-0.7305767114330592,-0.6749845003342017,-0.7321873464434212,-0.6749845003342017,1.3994927229738652
0.8500816433540197,1.4010270188168177,0.7380393818174845,-0.7161419580535134,1.3687816547538927,-0.6749845003342017,-0.7321873464434212,1.4815155007335354,-0.7145446229081065
1.2747402722650096,-0.3974672287015621,0.18712963292304677,-0.7161419580535134,-0.7305767114330592,1.4815155007335354,1.365770666288445,-0.6749845003342017,-0.7145446229081065
1.2747402722650096,-0.3974672287015621,-0.6435121745494758,-0.7161419580535134,-0.7305767114330592,1.4815155007335354,1.365770666288445,-0.6749845003342017,-0.7145446229081065
0.4254230144430297,0.5017798950576278,1.6514865466101956,-0.7161419580535134,-0.7305767114330592,1.4815155007335354,-0.7321873464434212,-0.6749845003342017,1.3994927229738652
0.5103547402252278,-0.3974672287015621,-1.7450876897053178,-0.7161419580535134,1.3687816547538927,-0.6749845003342017,1.365770666288445,-0.6749845003342017,-0.7145446229081065
-1.358143226983128,-0.3974672287015621,-0.9432366908955961,-0.7161419580535134,-0.7305767114330592,1.4815155007335354,-0.7321873464434212,-0.6749845003342017,1.3994927229738652
-0.08416734025015818,0.5017798950576278,-0.00027607542022488313,-0.7161419580535134,1.3687816547538927,-0.6749845003342017,-0.7321873464434212,1.4815155007335354,-0.7145446229081065
-0.84855287228994,-0.3974672287015621,0.006349141270686893,-0.7161419580535134,-0.7305767114330592,1.4815155007335354,-0.7321873464434212,-0.6749845003342017,1.3994927229738652
-0.933484598072138,-0.3974672287015621,0.24252322257178913,-0.7161419580535134,-0.7305767114330592,1.4815155007335354,-0.7321873464434212,-0.6749845003342017,1.3994927229738652
1.6144671753938016,-0.3974672287015621,0.81636109103804,1.3963711925468212,-0.7305767114330592,-0.6749845003342017,1.365770666288445,-0.6749845003342017,-0.7145446229081065
1.4446037238294056,-0.3974672287015621,0.36432924237302106,-0.7161419580535134,1.3687816547538927,-0.6749845003342017,1.365770666288445,-0.6749845003342017,-0.7145446229081065
-1.27321150120093,0.5017798950576278,0.2825380281772397,1.3963711925468212,-0.7305767114330592,-0.6749845003342017,-0.7321873464434212,-0.6749845003342017,1.3994927229738652
-1.103348049636534,-0.3974672287015621,-1.6453815831224332,1.3963711925468212,-0.7305767114330592,-0.6749845003342017,1.365770666288445,-0.6749845003342017,-0.7145446229081065
0.17062783709643578,-0.3974672287015621,-0.5064164549133207,1.3963711925468212,-0.7305767114330592,-0.6749845003342017,1.365770666288445,-0.6749845003342017,-0.7145446229081065
0.4254230144430297,0.5017798950576278,-1.0158387788790368,-0.7161419580535134,1.3687816547538927,-0.6749845003342017,1.365770666288445,-0.6749845003342017,-0.7145446229081065
-0.763621146507742,1.4010270188168177,-0.8983711350638803,-0.7161419580535134,1.3687816547538927,-0.6749845003342017,-0.7321873464434212,-0.6749845003342017,1.3994927229738652
0.4254230144430297,-1.2967143524607518,0.12053792140615772,-0.7161419580535134,-0.7305767114330592,1.4815155007335354,1.365770666288445,-0.6749845003342017,-0.7145446229081065
-0.6786894207255441,1.4010270188168177,-1.130612718321135,1.3963711925468212,-0.7305767114330592,-0.6749845003342017,-0.7321873464434212,-0.6749845003342017,1.3994927229738652
1.6144671753938016,0.5017798950576278,-0.7976006159862981,-0.7161419580535134,-0.7305767114330592,1.4815155007335354,1.365770666288445,-0.6749845003342017,-0.7145446229081065
-0.2540307918145541,-1.2967143524607518,-0.9981064584434078,1.3963711925468212,-0.7305767114330592,-0.6749845003342017,-0.7321873464434212,1.4815155007335354,-0.7145446229081065
0.3404912886608317,0.5017798950576278,1.510379189920018,-0.7161419580535134,1.3687816547538927,-0.6749845003342017,1.365770666288445,-0.6749845003342017,-0.7145446229081065
1.0199450949184157,0.5017798950576278,1.4968490491787734,-0.7161419580535134,1.3687816547538927,-0.6749845003342017,1.365770666288445,-0.6749845003342017,-0.7145446229081065
1.6144671753938016,-0.3974672287015621,0.31659987279046853,-0.7161419580535134,1.3687816547538927,-0.6749845003342017,-0.7321873464434212,-0.6749845003342017,1.3994927229738652
-0.763621146507742,-1.2967143524607518,1.425823195772483,1.3963711925468212,-0.7305767114330592,-0.6749845003342017,-0.7321873464434212,-0.6749845003342017,1.3994927229738652
1.2747402722650096,-0.3974672287015621,0.9367274937345741,-0.7161419580535134,1.3687816547538927,-0.6749845003342017,1.365770666288445,-0.6749845003342017,-0.7145446229081065
-1.443074952765326,-1.2967143524607518,0.24610147066702742,1.3963711925468212,-0.7305767114330592,-0.6749845003342017,-0.7321873464434212,1.4815155007335354,-0.7145446229081065
-1.358143226983128,0.5017798950576278,-1.8113846749085325,-0.7161419580535134,-0.7305767114330592,1.4815155007335354,1.365770666288445,-0.6749845003342017,-0.7145446229081065
1.3596719980472076,0.5017798950576278,0.8898440641627468,1.3963711925468212,-0.7305767114330592,-0.6749845003342017,1.365770666288445,-0.6749845003342017,-0.7145446229081065
-1.103348049636534,1.4010270188168177,0.6429230756759016,-0.7161419580535134,-0.7305767114330592,1.4815155007335354,-0.7321873464434212,1.4815155007335354,-0.7145446229081065
0.5952864660074257,-1.2967143524607518,0.335330504974912,1.3963711925468212,-0.7305767114330592,-0.6749845003342017,-0.7321873464434212,-0.6749845003342017,1.3994927229738652
0.8500816433540197,-0.3974672287015621,0.8472073383163286,-0.7161419580535134,-0.7305767114330592,1.4815155007335354,1.365770666288445,-0.6749845003342017,-0.7145446229081065
-1.018416323854336,1.4010270188168177,-0.02549391275320785,-0.7161419580535134,1.3687816547538927,-0.6749845003342017,-0.7321873464434212,-0.6749845003342017,1.3994927229738652
0.6802181917896237,1.4010270188168177,0.6485468538557441,-0.7161419580535134,-0.7305767114330592,1.4815155007335354,-0.7321873464434212,-0.6749845003342017,1.3994927229738652
