weight,capacity,cooling_efficiency,safety_score,manufacturing_cost,charging_efficiency
0.3846462839583664,0.29537708116428923,0.45164749806359406,0.3000771322997835,0.4274446114926758,0.6141820234912458
0.7038100941689142,0.8196381565853749,0.48311963738242136,0.3090320442118847,0.632311358210462,0.5636252619188626
0.19069200569598935,0.2024201343094157,0.8915428204748808,0.41439622124247066,0.6210413688886613,0.7668012124402379
0.416271799089876,0.3378418440016394,0.09804490159821183,0.25038360944670424,0.08100350790957336,0.4002368754549841
0.5562511511659446,0.6214697085665613,0.1149048832773017,0.2788678215378857,0.19046921178810017,0.2261172275269061
0.6122275633399794,0.4779869781365828,0.15105346021227234,0.26584121436417696,0.29244727237813245,0.3601148535596508
0.21068419914641384,0.43044148659039333,0.14691157046177944,0.3906507254403132,0.05247593024103683,0.2057497316553638
0.33227347605048524,0.542321225471573,0.0825045188282994,0.24370443199701264,0.15169810289302108,0.342361943274756
0.22871415358089642,0.2860787113506054,0.5053473442874041,0.21605277486602914,0.3041534016403559,0.5534579359886163
0.11587175212575312,0.24208395665054103,0.1440639533072519,0.14956308119537343,0.09851891255714695,0.18713216412059008
0.4384534098699384,0.3607579602466035,0.5473242130852717,0.26687231561671776,0.433620160473337,0.5286020849681079
0.3759761272807655,0.4908973193634166,0.4805097594817185,0.2835030030310448,0.39001459230169794,0.5211918911748894
0.8154937958681946,0.953987611591736,0.534426201699332,0.3653189707079918,0.5841677097356718,0.4328320882699601
0.3474363550468207,0.459663476312821,0.9133270606338861,0.5214363391931666,0.6496818230991971,0.6494959981353152
0.5043367425299325,0.5776847088581922,0.8583154348709741,0.5226056939484162,0.7120633177227126,0.8224552517778521
0.2218277978731305,0.1383264039219031,0.5380484072609056,0.7522007991014857,0.3004342764661382,0.5578637845365395
0.21997204336466697,0.2269932960618961,0.9062552564323383,0.3987852062254459,0.6839533594913204,0.8019722960872571
0.50475291338803,0.6919926666937338,0.0442302230148196,0.15617036804633888,0.26152879364186915,0.31043438439804616
0.33883836825290775,0.36741036010786243,0.101226383542117,0.3029280188263097,0.12726314871381925,0.24861653462388222
0.4927899439984709,0.7268538788518094,0.5081118989168891,0.32428675325298806,0.5241863191495018,0.6865322174597184
0.46298002957318496,0.5122126101053207,0.08894266024668013,0.09013497533940462,0.22706274164391554,0.3311277506067487
0.670121451825192,0.3439285316947958,0.5549035011564842,0.316992520030422,0.5005102515461721,0.4553947395258624
0.6890639670945065,0.7141326342123914,0.5563304384350514,0.8001999142807684,0.45163963189457357,0.5081910136808636
0.24611112448188077,0.20284143844308614,0.09773635487930105,0.6183296369607824,0.031107261086164822,0.31982691841277955
0.5712702145535804,0.5925746654929319,0.8809071342709769,0.8053758433338362,0.683326442424498,0.7126351084689149
0.23789140887440438,0.2956553449417919,0.10762943363039923,0.27273321504501347,0.05794326464832812,0.4672732885220028
0.2054425805582495,0.12112587344271866,0.10491865565833197,0.12607330977263587,0.03752912020678284,0.20701419736898963
0.19206181292804647,0.4015216889825681,0.4832130129094875,0.4059760055197309,0.25623365528432973,0.5173954375998875
0.29148015597849014,0.405602064440078,0.36051022309539804,0.3340452434688985,0.3778598468093831,0.4492113198438372
0.6250717776376531,0.7135648117055751,0.5756375023648783,0.32261554332428954,0.5521362001623478,0.4957958201300414
0.27598714126293944,0.24506106113204515,0.5065589821783391,0.7077859259234819,0.2993129328180899,0.715415679688304
0.2945212315622414,0.4022503605822073,0.8932674210917932,0.8315804556217502,0.6161111363812307,0.7320613174041388
0.2625490588184294,0.514456468728499,0.9130917038519748,0.4603763176247959,0.7510516428586154,0.7949461657180863
0.1945169606295262,0.1218933169790847,0.8971360664526911,0.8505882258850209,0.6161075189411047,0.6621032768216875
0.44651661595196307,0.7638743447939834,0.48959902017680557,0.3401776293639538,0.388235622692747,0.5184982809119179
0.6977597087745712,0.6401031472839096,0.4669456385486753,0.351049508707718,0.45769934238889176,0.6461335792978096
0.59402213622649,0.8725521247117171,0.43414792257555135,0.27686258909340744,0.5639260678351893,0.578064576168178
0.16014681554630694,0.2841426651968367,0.8469602075069183,0.5455704692710811,0.6146839249316803,0.7494322479656872
0.2610309815347325,0.30534235703306967,0.4625739547233647,0.28196011812412747,0.3804083634098296,0.5581443453737718
0.4257248841588777,0.5398952702189727,0.13842652891415974,0.11535838539516596,0.19094036826718913,0.35379539887847633
0.22105836439362564,0.32238353453147073,0.14132847425436745,0.11087756963526718,0.14288125980968727,0.27010208919338563
0.38999176063715657,0.7017319204202559,0.47182205727964666,0.738687883355393,0.4045151152013122,0.4870367746402704
0.4860466577805639,0.40378085329606217,0.007916485416264996,0.5069157728259457,0.09443425205964151,0.5486790370845287
0.32403192450430646,0.42163399495139736,0.11315586801575139,0.32206444055936345,0.1244479572063816,0.3516085851700046
0.6814029524693717,0.6642144491243724,0.8836902596149276,0.5243818076115229,0.8299824529519613,0.5935398783434209
0.36505609386618787,0.22850044155056234,0.48897112787299657,0.33180572529182517,0.39969771549574273,0.6024240826288789
0.43195018512424455,0.5875349801180518,0.5441821598766946,0.35915363488271956,0.400302083926557,0.6678614429286687
0.19713038566610624,0.21509883248705383,0.9057476951661985,0.4760109423196801,0.6168795846181189,0.6352682562084624
0.7780487414158045,0.5463840156847894,0.07435220675841903,0.6098732779693902,0.14928133454382692,0.29205412888470716
0.6496894477588685,0.5299548813602101,0.06529473924639045,0.5750658135149901,0.14764863464394232,0.44848218933107065
0.4242043349997262,0.4979048534373167,0.49620231363226497,0.26739975848022224,0.5612194887960167,0.5001366112445811
0.7500809316760405,0.6235539428565859,0.07710712339213471,0.3669250294772014,0.37802870120925286,0.26341767830650387
0.4544524315671735,0.6699570534980734,0.8974376806237085,0.551456228446988,0.6851600534677948,0.6645254568587156
0.563562827036851,0.5577105750749385,0.9406922166489391,0.6977314352900871,0.7089321609089675,0.8738751007181347
0.43470615533935064,0.3221215872956068,0.4522141746356576,0.44171208471571677,0.37186085041578143,0.5450142071129416
0.6699103109447533,0.7000844267853134,0.9037445847446741,0.8612096749625099,0.7180308090344342,0.5933744758804425
0.10791595381955935,0.23782791564445596,0.9363180135824278,0.4651704336635879,0.635433722245894,0.5911030147289198
0.6267922708436681,0.426530031139321,0.5031489350412001,0.6399873412288487,0.33554592157177976,0.4876527021314696
0.8253180843645922,0.6411188487580278,0.9287002498750525,0.534473317015602,0.8679788120656348,0.640086155152896
0.3823180714853734,0.39821631510314076,0.8889770733377569,0.3999174792003569,0.7027212775427556,0.6364115828685017
0.19329749294038798,0.17982675397904657,0.9070145900922888,0.760492286084847,0.5821728935975953,0.9654085109584654
0.8265977742448158,0.6820642642397513,0.13015246429870153,0.6330846818451711,0.24370348341402004,0.34440936973816383
0.24129278098551557,0.29530803886891654,0.48402017032362776,0.256849960386599,0.2692763856153565,0.324394286820902
0.19186908608316705,0.26604175764045385,0.5849245534406633,0.34161877841427224,0.2984042952016086,0.4810277117393471
0.2530103553552654,0.4463403696846132,0.5292845009791448,0.6519547239775357,0.3351606257859562,0.5342746094091195
0.43839381949440087,0.49069397146916843,0.16410124788022146,0.182735252859893,0.18425991138310835,0.2179062945822694
0.5367627893297728,0.5215967403240125,0.15496785960922632,0.5607760725055354,0.12020929959630491,0.3765250639062554
0.3888384121385659,0.5119266360405403,0.5194294019418819,0.2856351552969605,0.41924621437916454,0.3508934399821695
0.4438503091262458,0.5661360858851374,0.16736161744280798,0.5430456759300571,0.1411948034490949,0.36907362087192963
0.600548769197199,0.6914416227215643,0.5139415875122152,0.08522367727089719,0.6085403924911517,0.6519632401656774
0.3532348257988414,0.35338511295535935,0.0840621496138046,0.17326508707049293,0.12100955763773341,0.52720816905516
0.16549242006200623,0.6146482285476569,0.9008718075201392,0.5377670202891986,0.595632311625397,0.6143939127767286
0.16679619107119947,0.33477170386027966,0.8606709088042157,0.43490877890225277,0.663252198499096,0.6189472944915169
0.43453858953333335,0.574741287104459,0.42378880371597094,0.24840234673277528,0.5248578858488564,0.5774944468585259
0.2595980335069755,0.1867756189235433,0.07922825235761322,0.24508527093492638,0.03145146005799643,0.40833656731717216
0.6152325900725371,0.5023322180101032,0.11566642314858094,0.23750827574368694,0.3203155137056493,0.3679662674668789
0.14224942513689753,0.49017898748041633,0.9421011469842482,0.4189450264573328,0.6193948497751417,0.8469589224058418
0.24121430207287747,0.3972653083790286,0.8666025987496013,0.4997017179557859,0.6165785794193464,0.9021046441971836
0.569256444534942,0.8600147914913235,0.15257146400333604,0.15859174393411934,0.3396724007720087,0.3247859011252441
0.23618653141993923,0.36115927528790664,0.06512661169366224,0.18678481871432107,0.09880622308333775,0.3277855631697211
0.3534999379280834,0.35812188252649674,0.0765909343294423,0.5858449627452288,0.09089102546446959,0.22504391041041494
0.7362519918592723,0.44344717906058356,0.16985667346466748,0.21548041917998617,0.26136470686923047,0.28427683100060985
0.45197559615876665,0.39836949837146085,0.11467180110502861,0.6465116785651396,0.08517175440715613,0.3463343331696809
0.20764570930719747,0.3584543657396927,0.10596045267981269,0.15005609546096943,0.07204401674646188,0.26283765187030506
0.8560575723062943,0.8795414802262421,0.5158065753806016,0.5957081685869764,0.4518268482800417,0.5194695457116709
0.2167439298235818,0.319745542442759,0.0652951244573779,0.28425282810975494,0.0885264047157715,0.24684263225191705
0.6844693501561877,0.4929831010250307,0.8872613010346,0.8476097364076013,0.6775604652111684,0.845562646649296
0.15758777121924522,0.30930074507905775,0.5066473070095158,0.5123392189966165,0.3173488448802875,0.5931024079232778
0.5935398374999473,0.7324390271228896,0.16128184843670723,0.17479124151229186,0.32163970595267943,0.24707913707779827
0.1729064643327191,0.25551254393440664,0.8345163363346633,0.3030270002987425,0.64470412251036,0.7284306336831707
0.40087535798907836,0.6278928810802475,0.575959524980988,0.3051624732588948,0.4180561066814378,0.40937880414867145
0.3848864448061888,0.4149277900582298,0.8953803544149688,0.4696571873624821,0.7816991330533816,0.6907186391560836
0.5286396501025901,0.7015949734349703,0.06906905971824762,0.1011316108697794,0.3052255928806748,0.22370790457120915
0.4820315796504559,0.6531894459418703,0.06193917146152045,0.055729277215676665,0.28632782906696636,0.2848032537106642
0.5646557951203521,0.709043385432432,0.1235518826618876,0.2107688162293203,0.2660725738316673,0.3579317262103805
0.4574876703526395,0.584696555548468,0.05975093857583946,0.24261177540970524,0.197915274289734,0.3540078061035379
0.3572377137656248,0.26217722154366474,0.4844878967310844,0.7546949776735309,0.3951059889957649,0.444430170952701
0.7506423045734348,0.4571462563175969,0.496702697430487,0.6415059999489582,0.41697494690109915,0.5414128898088917
0.3415036583144704,0.45847976316351446,0.9453200563080633,0.48273493182956617,0.7865497424195895,0.6447550143752401
0.25267881071624654,0.35823863740630907,0.15289791885666082,0.6285429251408722,0.08500995795007421,0.0
0.2756887575451823,0.3367538440308233,0.874970752414381,0.7747764746792066,0.6035992621844288,0.9999999999999996
0.21483614259354228,0.19228098582770028,0.49816821492388297,0.17058758316231248,0.32809364265579355,0.45466719898674013
0.23611591714791283,0.37274867283425034,0.04997913610196947,0.2900886226120468,0.0994810041875685,0.2186546639780964
0.4174173611445752,0.5486627243990896,0.03250821789183106,0.5627433913168726,0.14090560753054543,0.1715046785731409
0.863077915066079,0.8637873776947048,0.45814910338296044,0.3467583643106561,0.5883482595662733,0.39852170543550747
0.732737383644148,0.5885973067566475,0.5507640098542446,0.35581963757986235,0.5620842312095558,0.510909516197581
0.464183724877515,0.6552877414266162,0.5372578743911502,0.45063059390775995,0.403218526209834,0.6315349654340823
0.41092511998201636,0.3801586916774963,0.5216401661179686,0.7690299990592254,0.3847768545091813,0.4827297996601305
0.1776849452263342,0.2839206966323664,0.44914917576939606,0.26554631449473687,0.25518012947347596,0.5441540743824635
0.3751381747770538,0.5048862646369985,0.08477544788690455,0.38589904615233683,0.11549529924771032,0.38853128862246855
0.6582502897314766,0.5598029871490854,0.47276618391833614,0.19185290828881874,0.5191154959321823,0.4503427217149194
0.5533464553994154,0.6256367409608229,0.10626062771620437,0.5419602197543936,0.10306884681770578,0.3327878255186185
0.3760987197688216,0.3966138811113905,0.10377785636684261,0.2952390873494405,0.12405215554723445,0.2758858282814418
0.2399258517364647,0.2736000818773574,0.4670908964741999,0.7681371737981045,0.320909428213002,0.7153319569420118
0.4154068234662482,0.26005783424055195,0.520292789524716,0.7373156753309585,0.3584721162938608,0.6525580867480572
0.5654373159514463,0.5541412710875225,0.12181141067240686,0.14490208919107683,0.29135639966192634,0.29238263968441736
0.1654858326738754,0.23120398497850309,0.4778454229582818,0.36424277579237396,0.2935870120333782,0.5099916314151258
0.479877100120738,0.5048619086048158,0.5185233583415219,0.7684654514456423,0.36800607964915644,0.4880567361702024
0.36996735713318435,0.3519985123516467,0.5508107871288941,0.743592239546237,0.3572762773610021,0.5045428255915638
0.3745390506828397,0.32988926798788587,0.9565175972003397,0.46155692182274066,0.7029974859918074,0.6359123808973979
0.5568540957820429,0.5641812037827123,0.13211635896352425,0.5205460869532704,0.11386134905405065,0.4211182562066549
0.6165489510898667,0.5016019251446554,0.9184505372146101,0.7855496447537323,0.6867835236851318,0.7355908226706691
0.7616647004645098,0.8922757136034946,0.49708715659383573,0.3521675159300799,0.5533365329211796,0.680239597602899
0.29790306820497925,0.3523356832035954,0.9408328174059442,0.5773377775323153,0.5557618750413088,0.7951545346032511
0.7284740966927821,0.781957021560625,0.46439788816236793,0.4196221301220554,0.5659333937091583,0.2908402475946752
0.2819785895424636,0.21992710914434443,0.9362707704176696,0.5486380342786777,0.6655382657368266,0.5945981685257671
0.5470933282949991,0.5648024139510445,0.49521820994863974,0.2831884431977906,0.478081580166664,0.32279984305389275
0.48982023012424813,0.2829147523147346,0.9589933151479053,0.5292425864655449,0.7215375386613029,0.6681054805866471
0.5718206996576924,0.6979642777788835,0.9234486856710531,0.29695989299453274,0.8716021280070655,0.5837772849138667
0.843102715252475,0.7611454707488944,0.8976161023097236,0.44141512084302326,0.9563658774764277,0.7296004169216888
0.30068651399844715,0.45684516049661467,0.10348514211969978,0.1156817922379838,0.18074761639059048,0.28487506972745846
0.42799748847084945,0.5119002030029627,0.9209840909428604,0.816698264713679,0.7092378406248055,0.7669237350686493
0.38809868040813195,0.2922032274383417,0.1315833134480769,0.12117233832255958,0.2858982695612498,0.32560826073263316
0.40883870110076465,0.45699938434553533,0.4908579372697627,0.28040402910403284,0.42559884549994886,0.4915958902461277
0.5035694433166685,0.5124608421554433,0.903904300769726,0.8535567813292658,0.6628319061130764,0.8809176055273698
0.7085910265141303,0.6130760237993284,0.541837506577902,0.6357827832451367,0.4641735782575084,0.5651506098655106
0.20509851708153018,0.2870705946018236,0.4528609475089749,0.7124853287258585,0.2999367443048832,0.4988222035044938
0.49570116239941775,0.45478091661225545,0.9288694552512697,0.48742760202214175,0.708648414148561,0.6992619427907938
0.6183364093036194,0.5778687066117585,0.13331934768136522,0.6558650790805832,0.13592907296593054,0.21373233203045583
0.8976786724394881,0.6350767628481098,0.9470120502915962,0.7509474503993964,0.7835722172268761,0.792912038105106
0.503757108863212,0.5133656776429464,0.4783639624407384,0.21058477346241533,0.49827159057439474,0.6301614723586129
0.381554020881621,0.40490689739473174,0.5067675935094684,0.6752577594478198,0.32343177682592383,0.6950026971172196
0.5938307506335613,0.4612940883551552,0.9083627873258997,0.45844895183460777,0.7486114132113131,0.7680632481039522
0.25691162430983383,0.37628901492057687,0.1418865447362394,0.5618816876365936,0.0998836508267279,0.2676594579850824
0.5637074972506496,0.5787289139095082,0.12969304159559225,0.2394411977528893,0.2620710995407017,0.3617502328951021
0.2730157820328126,0.2751529802338459,0.45773556592173203,0.7024940383680095,0.2826664484941449,0.503101098356868
0.20248035991869057,0.13027366113663524,0.5180022610478353,0.7584071630756276,0.2765289306848536,0.624169691662642
0.6714371624367493,0.2559214873637716,0.19171240603552048,0.5798571517560583,0.1865727441234559,0.41486871017435956
0.6663693140138742,0.4642775088376181,0.9243760030122614,0.8285848023864743,0.7340299168205898,0.7192784349670909
0.8391122537109559,0.5913569793129174,0.5710399324615822,0.3288479331597042,0.5575230767389542,0.6405251947395185
0.5273292961934177,0.7634076296325433,0.15386684524826982,0.2633848812461792,0.23271899095303744,0.3917758342793829
0.38507369795956065,0.4932041911889635,0.5601865265092446,0.24589371284030326,0.4529976914829238,0.5732345745024388
0.6649833863987503,0.48104935696218004,0.912493191794773,0.5561680467914084,0.7566007380176669,0.7865413013594158
0.24506444277847045,0.25749643651062987,0.13334417458345305,0.5290396623134614,0.0,0.3591499298677081
0.48346412094793395,0.4953863775040023,0.516603428908429,0.21920956604313413,0.5314616846686365,0.5693409153683291
0.46466975440315017,0.6368445549155876,0.9004592262589735,0.4124295808082985,0.7316094464442467,0.8668512918740778
0.15232390797533057,0.30734314968825194,0.5357661392760094,0.39192095168058116,0.33291465526675923,0.6051846747675267
0.5741580053868672,0.4871500974591085,0.8797740749652094,0.8080167714223073,0.700854149542797,0.698194374103394
0.33879941797077656,0.29624118533018107,0.9745244398730033,0.5249525654906937,0.6353445950825166,0.641779668103243
0.434877489597563,0.6554556867055352,0.07625662441267722,0.633160999918095,0.1200873708931714,0.257518970279615
0.5711532499214632,0.3697309745523847,0.9322363714663369,0.4241315859846765,0.8225115095730118,0.74979181452301
0.29034565561711,0.1804635702705225,0.5608271304944017,0.7285195025625223,0.2708982010222317,0.4744495518463063
0.8928932214883469,0.6738262955182068,0.8933338994745756,0.8129265550781556,0.7468276598306655,0.7641757647433249
0.45263454532895026,0.7179315915413382,0.8564652944124849,0.510121374068893,0.7715366143697183,0.8347453569499335
0.612729380947181,0.8569220043226675,0.15829523365054105,0.2256241446439522,0.3489245853209785,0.46552097963945105
0.4547124347617784,0.41810385243630016,0.908296911059719,0.4227009786401028,0.7793100583504945,0.6915895313040465
0.6126942887107666,0.7152746546634338,0.9323122837899851,0.8468970397943681,0.7192530641468582,0.6157385441301888
0.6847303749238839,0.661105944299895,0.5022327963751184,0.7407206772860141,0.47488115520668417,0.7010381490678652
0.8262330844322282,0.9726945057906077,0.18099054728660458,0.2418597903290679,0.3151130069923711,0.1535521657605745
0.3444194328357312,0.30032628525518146,0.029440444537598087,0.6259937227246343,0.042536914313468,0.22902774374278856
0.629249252803756,0.622721518138462,0.1276085759241623,0.6444275869769179,0.22478546276129385,0.5049546724577181
0.9391613598635102,0.6141363982003063,0.9531191264342678,0.7449082569899778,0.8083096131853068,0.798939580334594
0.26920599359457054,0.4280531223366018,0.11694442398580218,0.25348623558964856,0.08565896450086846,0.36591145365040756
0.46265961067596145,0.39646450510002784,0.9121935525163076,0.4645692846435716,0.8058324000935296,0.7783889432362727
0.5683008953525881,0.6577818185239543,0.8831992744969894,0.35363919337620353,0.7997303129047282,0.7622585434048075
0.8539007190350727,0.6419201598972605,0.5073571263006896,0.729266282664803,0.44695413028807873,0.4587427444240406
0.6294424566255923,0.5098669367969255,0.44071387616170576,0.2720567846172869,0.6117895801906509,0.500736920207113
0.22570015044990457,0.35387192734569506,0.4782545943793973,0.4132473164520075,0.37215262332798704,0.4909903014922503
0.4571696139311797,0.48486391495078546,0.47556437379405425,0.39550516930365087,0.3712070132717173,0.3885548200732529
0.21227352607680555,0.2860389895634844,0.5328889999075787,0.316900809510852,0.3867278472008166,0.43365422939338805
0.2975185922638708,0.255828556706604,0.877790863289339,0.33102482059672944,0.7175390655650405,0.6047992565810278
0.6542881942103287,0.7037533481715681,0.8789285605933848,0.7631861440406863,0.6824434612925464,0.7530661577021465
0.38859505440631215,0.3003083795535293,0.09791617064876201,0.23897907841524046,0.19072115206809404,0.36320669428555563
0.9574817797840974,0.7485555592077932,0.8708107371832241,0.9464111343179925,0.8169850964787368,0.8830743547936164
0.3880147963107765,0.29027423719542045,0.9108809448939235,0.818384541287387,0.6230344562107502,0.7507335139471625
0.4737398020454444,0.56766562184782,0.5214116048359009,0.4974147444231589,0.46771970703348476,0.5136902143657593
0.38496739991696677,0.5389514618167945,0.9327730650711306,0.46780382609336435,0.7391610386924098,0.7016553803693686
0.39468841609179256,0.36238699793083373,0.5322442841582247,0.3608114783115939,0.43655026368679717,0.6068223897037175
0.16615883217506283,0.1948419290135771,0.13456134656074692,0.3601471666665409,0.06771731768530975,0.35677367725951026
0.4381340496135714,0.4514051610953076,0.09984375415715213,0.19882789840638893,0.2958864462585903,0.3738747381322951
0.2590956400005061,0.24828141819312372,0.8848100121901872,0.6123928495732348,0.7069073474573542,0.7380777137861898
0.37694983381878594,0.4290263073891042,0.07849317783601178,0.17842720836550052,0.23254684053578062,0.28815095751040465
0.579957268696624,0.4602208737507085,0.8652747114062707,0.45316549444326304,0.809781675150351,0.7305922927324029
0.22471923489586124,0.2816963012020274,0.12044570458984777,0.16353310218806738,0.15159628412962237,0.2381347382872998
0.4792550004464272,0.47980779742581975,0.47821582191098144,0.7701976779957936,0.35293515324856484,0.48222508393356334
0.5677258782409605,0.7049817857421452,0.5643571683689471,0.26346539865504526,0.5843884603954761,0.43477137744449834
0.06255061352083059,0.32461237060700215,0.5050659459420647,0.2541209057213144,0.3544545334649499,0.7070939289479066
0.6127629130481348,0.848929452401351,0.5656591271385754,0.4225477776574935,0.4476681284788766,0.5503982377046945
0.3318154576883886,0.3814257441635792,0.9228013931025338,0.3591139853273634,0.7678015316237969,0.7033643122597164
0.3092121882966394,0.46960014880514095,0.0821933868029679,0.5934892491086868,0.055786905412620616,0.2993793321425984
0.2099965195239047,0.23062790342506956,0.8978452640276315,0.8225747686835113,0.6093964713286478,0.8106696897105943
0.4695407724919584,0.6296635446758873,0.44065104504559593,0.36331460312913677,0.4808770139925438,0.6423449698576369
0.203680382773744,0.22808962603968144,0.907786224553564,0.8783405270602028,0.5406482122644005,0.7867561541411847
0.36787403569402716,0.6819294552679578,0.08579490176557636,0.18921466331253667,0.2914053608574767,0.432956938476063
0.6472324288965406,0.5676658979767155,0.8564463671678564,0.7972116979052911,0.7720805712696437,0.694311786978755
0.4347150937266671,0.4252705107051242,0.17273063003284966,0.2706257746326065,0.14272358318129785,0.2837634891679177
0.4783383752931756,0.6788579771712547,0.9408672640764499,0.3766377259346112,0.8165053753935326,0.6975629268135393
0.3488311589427036,0.4296677712244246,0.1522909801895156,0.23270712285724582,0.1870932948349649,0.3145410282088865
0.3809454985382241,0.571587223025308,0.14359204511727092,0.046689362617659325,0.15130677135554663,0.46286876746631433
0.6884422711030325,0.6143768628957827,0.45791928985663655,0.6677031966657899,0.4202206299739579,0.570824555451094
0.40032815495515406,0.30001724533321716,0.09702803244602926,0.23359599273731946,0.2368638406509141,0.45682877203763805
0.725621117324405,0.7022291392729272,0.49317471236769683,0.40011572120873107,0.5738124562234012,0.4810957416694257
0.449334315238326,0.4100407551705291,0.4392223489911826,0.29832882555729967,0.5310761024535533,0.49017683432558545
0.2563004217437982,0.3304017660228224,0.48461084189243686,0.3443597141366018,0.2960556910873773,0.547195587608607
0.23198502974199017,0.23679476790281914,0.8787859291104652,0.4158383921852601,0.7004937693522328,0.7118145549326584
0.4256786387902294,0.42088897584774676,0.9052494619337756,0.33499316399363954,0.7528297529613761,0.7313162695866482
0.6491882852827526,0.6307714653117918,1.0,0.38551315108946727,0.8464280028515293,0.7633173124210404
0.4729139343144837,0.42894092553434504,0.8994655244526304,0.356504986768974,0.7434957750204795,0.660402901318109
0.23022034794500107,0.2915926485497028,0.11777819681147439,0.620889107646149,0.05332761996040852,0.3753618105112335
0.3421611291793298,0.3398622695885408,0.10294481959410912,0.15703965673946108,0.09899688625782,0.42032598775165964
0.1773693171461623,0.2636371214475196,0.9293354399766298,0.5080279449876881,0.6348519475041324,0.8189553572283996
0.8428031120486322,0.679850580635423,0.07051170647470945,0.5375098189278043,0.19590881578711078,0.2658346110497245
0.4607178885673043,0.5944987810626197,0.1874524200608228,0.25154261271552003,0.2527117343182794,0.33149732346127037
0.8289794314978532,0.6907116967078182,0.501653808613474,0.8083213332638096,0.41101924180341387,0.6336908004571566
0.3843183755846627,0.46984149501790334,0.4909820920662067,0.24107065839479713,0.455794605091253,0.4700712785587675
0.49618615575975195,0.538954575141086,0.5447373255960667,0.7262655787049378,0.4079129438171446,0.4439470904903775
0.6308170822347478,0.6481700620755347,0.4714628238050048,0.6902701467765516,0.36448752923972516,0.6266425452688105
0.5975882494355131,0.7163600165032091,0.1411169475745715,0.29894449352392993,0.2084469493971352,0.3794713119310691
0.3175931431364292,0.06258049021593633,0.9556162846966347,0.5656120407082427,0.688395778249223,0.6601863009466271
0.18974105971507776,0.3415360129974504,0.10329397368007187,0.12841907678918507,0.10486112298935299,0.2372912128786897
0.42052241718795114,0.44362934357300954,0.1936265160563071,0.6186760611433472,0.17776155886197675,0.37670997055720123
0.6730767942338506,0.7537431684399153,0.13816545058496688,0.7431206605444046,0.12692914772335473,0.29957424527226495
0.3917011767860387,0.34799683471582366,0.5323995844785717,0.7316238606540034,0.38110802655222975,0.419691384037185
0.31197653494121563,0.36672650612960767,0.5603228964132696,0.3696373086455801,0.43721694891240676,0.436468652250519
0.47649930975081994,0.636950639236924,0.5707520259438252,0.3007818395015509,0.5130367799456765,0.5570367239121734
0.5519298381454899,0.5200691891841105,0.9105981061617645,0.33646958334479227,0.8598093126352322,0.7548269267979837
0.6462759106830873,0.8488828539665171,0.14417455911243554,0.16670167023094418,0.38653080190260514,0.4197067488881778
0.05691261180987595,0.2136768393995174,0.9552686637751098,0.37304408783817355,0.6351131697363844,0.5685542297742447
0.3669551904583004,0.22826549627633974,0.460796704009402,0.3568988583213355,0.3489245950748462,0.6537922311039175
0.4735432713286905,0.5799905865911454,0.8321898791342497,0.8143010217235015,0.7159713456973094,0.7512057687102103
0.3106704849966727,0.306168103777003,0.11053058219609296,0.5661150832304599,0.07083425000500615,0.27658025011107945
0.4007231929457035,0.4739691917535257,0.04375376104524281,0.5110826013975347,0.10805876891910482,0.17749061515617193
0.32038050890359243,0.2710104121424922,0.494179100572663,0.8617868137252892,0.32477793493935597,0.5431863475052658
0.8775913834080991,0.5179043499810965,0.5189208503214441,0.746235410388682,0.47921838700874864,0.36705318147036614
0.4676081415503255,0.32077141663374753,0.8894351463936927,0.8335723773950151,0.6269735860406269,0.8331694433624719
0.18993376268099998,0.23248429197139317,0.5009673584928664,0.7025832730853975,0.31124616758863494,0.4278478255777558
0.24034295092554514,0.22414464943941048,0.467102328610293,0.7702187189088244,0.2905700557906332,0.3816303063436295
0.5531353348907206,0.30698207234924046,0.1438295630982827,0.39772513749372085,0.26687460216372233,0.17834102851126543
0.31593581325289516,0.3455230691125442,0.4646691035726901,0.7387703407328327,0.30375859712017134,0.42762745906589705
0.34012706552464267,0.3747344527760752,0.4237416564801272,0.40049886767086784,0.40488861918672514,0.6115310166135397
0.3508264549714796,0.500706400729291,0.1046328668303505,0.2394733948444665,0.172772812946878,0.41441063617995555
0.6129195143861182,0.5856802855019634,0.1488252670753228,0.5841786250546767,0.17778868268831982,0.2553461878927479
0.3515214891698569,0.47266428644999525,0.9034316102825997,0.4195967463470124,0.7148989099643157,0.7083699016044052
0.5928221666555941,0.8314254918013008,0.46067913393196824,0.33239447294425783,0.5876505080865454,0.5623464700882312
0.3331282285819446,0.24016356017840562,0.11681101986653031,0.1264431147126296,0.20701251479976746,0.27096512085286806
0.37753893101387864,0.4500432363903715,0.9175463300055895,0.38852008733177534,0.7082515900933996,0.7869686165326004
0.23169533488126856,0.28345624012715737,0.9038444881572862,0.36667879335444253,0.6454769937953448,0.7482081177618354
0.21441863356783036,0.45793543215173316,0.49612463192457357,0.31853200649785307,0.37202386200320126,0.5479976322314832
0.32139694483647957,0.35182649761997403,0.5256800930850586,0.3142488117253036,0.46650602012840425,0.3782974365614056
0.5616972135283987,0.34215663559004394,0.8318384805860453,0.9003451872790994,0.7293817514020925,0.7655179106514849
0.20542129650125177,0.3380962113281599,0.07759762713693052,0.5513971355284769,0.0797161945385754,0.3657866396358158
0.6897156289210753,0.6650060209090216,0.8488962882800628,0.6108423972967979,0.8150768954638434,0.6502752482415595
0.31262047462982434,0.24238788534775169,0.5596346696108591,0.40438232375888306,0.4154914293654316,0.39760324862138097
0.44765452280266427,0.2977209177249862,0.1408326921761327,0.6122704070811656,0.1004726680436566,0.26327515735933193
0.5991082481177833,0.6677455972219359,0.12008596366402313,0.32647289580123673,0.287664217377062,0.45964577587841227
0.2137131467241681,0.21781274912186363,0.8431706908731185,0.734712038375316,0.6219489475011878,0.8454448406326938
0.4288967466253818,0.4497516274545629,0.5358430303018277,0.21044001898926235,0.39858881242779565,0.4817827218355859
0.604122851891838,0.6432723780469789,0.9548827394319059,0.33001719834220566,0.8391030317514387,0.8086786376614379
0.20524391147354978,0.38529714009342864,0.9227906706919244,0.5799141543447265,0.6267526587282202,0.8242762424072656
0.3140820701712945,0.33404392559159873,0.8989032105936161,0.8001429930418494,0.6159724329682257,0.9075169307564717
0.32662943460951344,0.4501443529311307,0.13767037454667908,0.6987956941104368,0.12437778316152373,0.1924559531104859
0.2060025124207236,0.30498587492782936,0.12354270040192328,0.2717406353067726,0.07546493832227746,0.19942290538075058
0.18973233806597212,0.13683959162027182,0.5430063860650086,0.607662736649112,0.2984578121780787,0.3770243018058461
0.14478732825158355,0.3168189617527712,0.5421247659565172,0.23065399479603677,0.3743110440300708,0.46917491293319946
0.3711823838343472,0.34836432739525436,0.8915839442813538,0.5218620978816727,0.7032370025575567,0.8309027972630374
0.40593424062966854,0.5166008621290475,0.8742758307694845,0.5460482148733042,0.7583632783878022,0.6752918556975396
0.9648705800229679,0.8622797439011953,0.8845454469047147,0.7588382330939253,0.7774492268545649,0.5944647607965785
0.5769044426967703,0.6460696281146718,0.5276414059231385,0.4276929208929493,0.4563590153990644,0.5122141021796716
0.1553693399179954,0.3499460592420187,0.09943145043609036,0.626322538038732,0.036357945010268025,0.3652747438495081
0.3715215777369704,0.47628488406163777,0.08324495642920876,0.5365554275351222,0.020060905627299924,0.21661817393921234
0.5360240934756684,0.25465126842130786,0.9002507679379281,0.9384341166926392,0.6946652904411087,0.6862571869536032
0.20842686898186544,0.230858692249726,0.9438939559930002,0.7863296254850517,0.5850705625375817,0.7273002891351705
0.6563832696148423,0.6406533323180826,0.9056081296768814,0.7579238157343317,0.691079369296376,0.8057361727504109
0.2696851580953109,0.31872179864294625,0.8894123394589446,0.42175279288632583,0.6579081340469306,0.6676943529134673
0.5280319357448104,0.700391776059,0.5191593917039543,0.3457474423847544,0.5256252945345915,0.4359766161906964
0.43876048817420593,0.3283829596560357,0.11610575193732336,0.15133135396997,0.1612578867867468,0.4641439487455603
0.6385467225151958,0.48246751924579295,0.8241521637442693,0.48558644250252514,0.7275156874688827,0.6932467741623869
0.6855835692481521,0.4220551807623705,0.533977122359285,0.30350651948968366,0.5205841018314061,0.5844620982939799
0.31813817197766164,0.4296223398706869,0.9163318107153342,0.36946510616527406,0.7419150819147663,0.8016779403437022
0.5215892519894824,0.6896505681563255,0.9009250642902555,0.537916868028332,0.8931275460511141,0.6261066067027157
0.2398506231001385,0.2293446110701658,0.15462659046851546,0.019560377184902,0.07566593583343711,0.2846669987217423
0.19113842250887328,0.261246193915662,0.9480496447921645,0.3547273066806611,0.5935323843877879,0.6104408833489767
0.29587387047958924,0.3171089953924161,0.1442479226177399,0.25893714107057153,0.11943149197563421,0.2900144130493447
0.6424505062769591,0.6305867704010473,0.07931650760111675,0.6514581187515743,0.15878829073381678,0.4139135885166554
0.31367092261778556,0.31357476296566184,0.08067846265990503,0.2368426973001736,0.1692310672545254,0.21394070716839364
0.12052277148247773,0.3549216094170794,0.5505371405702444,0.7094968744104607,0.34315049430292677,0.41906563071050584
0.21862544568747136,0.3425483947033531,0.43262762481472394,0.2996808798656382,0.3547116245936499,0.6601574850707803
0.35768880449935375,0.2818977878264171,0.10693593541478891,0.15807719754345362,0.19467194762980355,0.18423451636621824
0.23387981682547346,0.3020429460961562,0.9176062621400853,0.5016209776555589,0.6515015276901893,0.6080664670172169
0.8712055319377008,0.9421152365251598,0.043875177359558815,0.5961797704291477,0.1659569459167426,0.43699991182444586
0.5437854656637746,0.32917371163313813,0.9095154727008306,0.8877507266184744,0.7049231660726076,0.6197506857489672
0.32500184889587885,0.40718563654173,0.1503769857974127,0.16098090361292972,0.22264900595417475,0.42642282657938546
0.41810430849007957,0.5236003767104123,0.8417943754590886,0.695149612607516,0.688975638885255,0.7399564437221424
0.7239562886152938,0.5117561524782801,0.5718322774200337,0.6246229093345818,0.4023069099070865,0.6385351262131684
0.35203221953599984,0.5874644877057942,0.8605266732794734,0.33325240228766784,0.7366901539108218,0.7345855961064185
0.7414515863150375,0.481717083984048,0.1354267407853721,0.5603675321940073,0.24955927946939022,0.4038218922684029
0.4261320499309082,0.3622695935864614,0.5032509509294422,0.5194932931730454,0.38608355746359296,0.42528405008386283
0.4187140127493006,0.5225435783088117,0.9030254548868684,0.5367596505610731,0.7660528731439886,0.7282224133954758
0.236696128499194,0.24387825055514453,0.8497512270043595,0.5082942278809846,0.629173410761527,0.5682752194975107
0.5915944452895604,0.4000151986208871,0.9499188976907176,0.5900272810055819,0.7964979456080389,0.8164562222403826
0.23472696585510633,0.12776173030915425,0.9131198304242529,0.30485955609093396,0.6372101609668807,0.7566148138639281
0.4878404252850551,0.42937074929882246,0.9641082047426444,0.3633583342910113,0.8286706834526321,0.6946700585819823
0.5906273162305502,0.6124987425668629,0.45703225241230594,0.23278731403418762,0.5524471923758899,0.3396009151256085
0.4981161733157895,0.3679200956378928,0.4994064877757868,0.41733062117341446,0.3577122726738198,0.5467426228982961
0.24821424320882873,0.18480543038802677,0.5147926504542145,0.4475953598459639,0.3349509958243624,0.6485054646987787
0.08140375914497816,0.2644802587701828,0.5089200859829874,0.7257839784728634,0.21728796106996606,0.5152310609118067
0.656984291603893,0.6140346573405053,0.13905113519588463,0.605151206805084,0.1355117860773518,0.25569963217619796
0.5240162934972209,0.6343272744916097,0.49890706424721687,0.3711760610993682,0.4888757507937055,0.48974109327524795
0.7083276348759476,0.5204611144953986,0.9838421869248104,0.5342273318159046,0.8132620273543262,0.8358491419523828
0.5973434387253536,0.5747499685389216,0.9018570811575111,0.4636657435777586,0.7972510603512057,0.7162368636136733
0.6171729966308265,0.5693970456864986,0.39298016080389075,0.43411668652698476,0.4943979502155238,0.486834734422521
0.13027748003427347,0.18211739690488793,0.9036036857119936,0.7882785553638941,0.6409682194774897,0.8394612269455637
0.7009971225075727,0.5898253339425918,0.5562121372861583,0.3249455184368585,0.4591517947739884,0.542964758794692
0.7668827864665924,0.5946028712093465,0.8639335182653469,0.8210133622642458,0.7472297582657105,0.6882288494992035
0.6922760442837836,0.7554878445029785,0.07394367422220371,0.1552224603840494,0.20830248849736022,0.282072099585168
0.5706872777802705,0.2973209192089836,0.07970675336439087,0.36117358627356844,0.21999995704245334,0.40261826091889397
0.39345553794562577,0.5023207649227073,0.46415670475000637,0.4415923665509748,0.368485978915176,0.41693938977806466
0.4248521125516109,0.27909340284971795,0.4876662847894305,0.7176057429617965,0.3592711760099595,0.5005458595854049
0.6504011531465008,0.7788188026621881,0.5423457197311722,0.5984025954711533,0.4144777894315473,0.37096347183334766
0.5053808872849316,0.5991503246827564,0.9603870138263189,0.3505607369337157,0.8289355672030576,0.8349559225445145
0.7116847004628519,0.8554104303417223,0.4110886911963616,0.3955964953761566,0.5315339807295903,0.48225792785723565
0.25325413540875585,0.32727054798709726,0.09789525119950315,0.13394398349428893,0.10357215357654431,0.2734949630094148
0.22519619163037355,0.3801497037409647,0.9122069123642162,0.290469895221356,0.708643169187095,0.8283766589490527
0.28186768083126157,0.43168764563630585,0.5145229000892756,0.6170830154477832,0.2530163515263227,0.3756812586539442
0.7706976875923277,0.7903038076446478,0.9750976294121818,0.8015025626457989,0.7305186789040443,0.7984410400933863
0.0,0.2807346786914541,0.8211180820506874,0.3151096881142843,0.6144824576172655,0.7540487052734473
0.3627842146083165,0.36892618060518256,0.4045992247996847,0.4765077342522964,0.35603606559670736,0.4541006252756272
0.7265442688545888,0.4579652986880368,0.9814870547180738,0.8487807891886637,0.698852764523088,0.6684280394683433
0.49980282506463425,0.48160203735558654,0.1424628773683983,0.22268667253137342,0.23535419242117317,0.27267905622178246
0.6202377988717402,0.5858056842687395,0.09029922832989262,0.34261722360498115,0.30203182097440784,0.29740572814306043
0.5344294219884818,0.47617878477979353,0.9070449358294166,0.45196490333997663,0.8781901005846287,0.6357669634601217
0.5992792446022217,0.6899119303585428,0.5161191163178309,0.28910336651791724,0.5139637873231032,0.5669992833566075
0.692384439214118,0.8579087303283496,0.8768399266299316,0.39072388969565897,0.894519962675357,0.6228822869382729
0.4849178953609638,0.7347783221589284,0.1183792070696828,0.13179362995018395,0.26306333009326077,0.08682429980785722
0.2560393860206557,0.16522173382916638,0.9142589334779907,0.7858870379436999,0.586903157364991,0.9462300828985426
0.48386118704560105,0.3342775103719521,0.9796489603181506,0.7374402533335324,0.7331739181586441,0.7355963899340683
0.5235241902805217,0.5496833303130126,0.15073222897833993,0.2428588914585671,0.24564382595650813,0.48305706082061084
0.18454570699684136,0.4176755139804387,0.9687734214420518,0.7870680615858731,0.6507943304742803,0.651094921416365
0.4570764690307978,0.7235751369496394,0.8473857461451288,0.39484516892710864,0.8501337542276186,0.7745298877546025
0.4180272734065013,0.35982215002956197,0.4928717793986749,0.33778972879240765,0.3945097627894971,0.6032250122597178
0.15350343578489145,0.20248549771703764,0.5160808978312608,0.3773566629388657,0.27452510029744864,0.5108520838180834
0.34067733048811194,0.3216858976417404,0.037154211795078385,0.44485588755052563,0.1153729621248239,0.22493544716238478
0.32662580159376436,0.4170743542899822,0.15933195640339126,0.1058011793029433,0.15850957819496778,0.30631638266525396
0.1900696427033875,0.243719862135393,0.13808348240137425,0.35960657014142594,0.12108274580201905,0.33536547286529705
0.28803638558918676,0.39710011084889596,0.49208581319360634,0.6954282661038248,0.30686001648864103,0.553680024463314
0.11817560176705816,0.3174911812391532,0.10557803109722935,0.3128740293756429,0.024039777130497597,0.34362948262237225
0.4881057891002508,0.7691411340356845,0.1621672233363734,0.347202910632451,0.26239835367751774,0.42662511239214673
0.21862830289497848,0.4746133331313769,0.08147670990039807,0.2880885950231187,0.07569197876487554,0.3501669910157039
0.21888762612098486,0.3018391335521396,0.5575005272214905,0.6757358149403342,0.21279304983969644,0.5207100362530994
0.17239114591930238,0.26134508775184195,0.8903643875983511,0.3818167488134814,0.6399161593027042,0.6445535295445919
0.27744254451068906,0.43154518144791965,0.14256376919394365,0.5662562308247602,0.07284431052893237,0.30886569528898145
0.5715885870840586,0.44872880908535084,0.9037046105220181,0.5064799451496915,0.7990620683186874,0.6593629645238273
0.7380860367540903,0.601221748125739,0.20072780917155092,0.059708803362621965,0.3643956843185785,0.29849586571881215
0.44532765791038503,0.4453940148286598,0.8653476055150211,0.40706989575061825,0.7442331913963642,0.8163495608035198
0.2634496289329182,0.31537038986911703,0.48396976360631794,0.16793300977908954,0.33761803707187965,0.5770530138781367
0.6186015577560214,0.5790756945773996,0.4472394697062365,0.6427698653892054,0.33921935648637797,0.656626880178901
0.752138392388603,0.49624060087253785,0.06961239274839853,0.6180869109008392,0.20356246895868363,0.21070142939934478
0.4934793908338409,0.5931137311248849,0.9283674249360767,0.4394231251719565,0.8515902602886098,0.8390965629055551
0.3359321297611452,0.3745616087524797,0.5695482932818456,0.3561959195530289,0.3659443182213779,0.6805172013436174
0.27396349656167474,0.2463959438583116,0.1453390791522537,0.26980316676166594,0.009775685624336117,0.32581462475287726
0.81798422513368,0.553911093660135,0.11258445550560225,0.5076552124108763,0.23876917030809913,0.4990407811835964
0.7838367255900498,0.5451739377446299,0.4713568309996464,0.33090108821162467,0.5166738281007105,0.44539709789704585
0.5919741774194037,0.5573622750284061,0.5419173812281111,0.3067899120408516,0.5482460256763362,0.44059055251397394
0.2158991725654879,0.48206760704975443,0.07544594368415813,0.2136368344600671,0.24010647458597323,0.36080646204743827
0.4737349891980058,0.3322833284797765,0.8471739010461197,0.7897245770908116,0.6145323298170314,0.7425449290740582
0.3424256428959,0.32122946058551827,0.8881424566615548,0.492535678813267,0.6785651281116577,0.7044205194368636
0.7657142545797674,0.6812249116246492,0.820202752757125,0.8774205444713469,0.7360276532546496,0.8140975978542389
0.3656040944203835,0.5635830269643765,0.05840529683494,0.24671328454735775,0.23605359174283413,0.38898017974249255
0.11952116201490467,0.3916789730830148,0.5808025989008692,0.6788224549905978,0.4007857217088193,0.5217659711744527
0.7595940675224703,0.7166193934419327,0.051104322778347755,0.3639894997391431,0.31865065215337235,0.30448697842031347
0.5516319321920584,0.5009748834250849,0.45975968374785203,0.40404640528721025,0.46880870592938273,0.5703662231560362
0.589342372988453,0.5580506760477539,0.9031166969670663,0.368050551493352,0.8023982684706683,0.6817906442076738
0.2037636691078388,0.2990236768170725,0.905166969536148,0.8093409185521055,0.5962526941708468,0.7457431989313523
0.23746824632577493,0.24229520168362964,0.4973042922979084,0.6394997392213656,0.31276508444152934,0.4978394894004996
0.18314932711004409,0.2886358281178575,0.4276605287919317,0.20196982100541172,0.33901877023610655,0.48234838677580605
0.4753905375469175,0.377144429314466,0.14620565287328358,0.506667086437021,0.08705092304473702,0.37245170931887595
0.17542392868928064,0.40514064129254695,0.8828432658155396,0.3437954232695031,0.6031283541800044,0.8285542394543786
0.5275478157534659,0.6444376469222974,0.16085142862169804,0.2882388013117291,0.1979841414076881,0.1531485128831509
0.23881624900072115,0.2734839558188729,0.0874073217016898,0.5287580138867483,0.04836622470244252,0.2671377689199459
0.321686177258974,0.41536145817567516,0.15148204367116425,0.16478463332955662,0.19947085692544758,0.39615175811479064
0.6608355122129501,0.824270279644718,0.9513210455832775,0.5308278503004785,0.8114174750152161,0.7731724352728602
0.35173034915878726,0.3767806710391762,0.09441108840483042,0.2429529363309283,0.18397391453609407,0.3581023703601556
0.5492630745499185,0.6113272405433559,0.14746409850775738,0.14613194197752022,0.29668312679339814,0.3366083602249299
0.6789136418273121,0.7854542001753706,0.060485857278954,0.5434276999210838,0.21582692362329853,0.27068515194820764
0.49279922594535386,0.5626238614859785,0.12317940584883946,0.13104788837804981,0.20522955663178727,0.3000374041472784
0.6641454008340222,0.6105212227166681,0.16092144395240487,0.22235843433523728,0.29035812821993306,0.3920171767616609
0.3476862361534095,0.442533739694116,0.1332121806164664,0.15505349490890996,0.23538639049068677,0.3902071607783433
0.3191285669727789,0.24851748931431966,0.9950323584251346,0.7822022665557377,0.5608077671909546,0.7617427862868058
0.21899650673453983,0.3186132232232606,0.13541184718636984,0.20064134543897172,0.048892035502369785,0.3577298681817185
0.5038138628819191,0.30793926495496,0.4921601235492252,0.30761445249310015,0.5506948397582602,0.4631747272063427
0.14210591656655988,0.22836975686602584,0.22465544682886918,0.6136613375541365,0.06400926004747395,0.3240185893877028
0.33365044281834705,0.42171335457721043,0.17712303191389317,0.3391240173517943,0.1380876175749937,0.42597601913658156
0.795716782132403,0.7907614029745695,0.8371744974699151,0.7564331004461368,0.7693127449267554,0.8355213737391658
0.4569926826560683,0.6233002136338215,0.8694121953843685,0.4854866543081844,0.686855144945852,0.6762417624349037
0.6279022977985111,0.8452422857013872,0.465665487513351,0.28554895779049216,0.5678014031570859,0.5269810422614811
0.3126313028096086,0.3205753020114042,0.531963918349456,0.6665959422232587,0.33979597935505734,0.5715969306983526
0.4170686240614273,0.3383212869213893,0.9227774132853694,0.5494359875374145,0.7481752032743378,0.7407313845147319
0.20696190634659525,0.39458380640029567,0.922473988674603,0.8489871684418248,0.595152928799988,0.746466436872435
0.7669846074816101,0.5267972505412443,0.04861974614281067,0.6046635413130254,0.16640804590806604,0.1957374995164436
0.5462561920240483,0.6186805643250837,0.8751637210603191,0.48187494328878844,0.8027090339344769,0.6231582152680155
0.6946620132786241,0.4260170496007131,0.5006644811021647,0.7362771335394042,0.4404137322091598,0.5947531120778256
0.3735881609972306,0.3665684037295551,0.04105939048099605,0.28089159849339795,0.12107711078542704,0.44040810572779776
0.19532932166218978,0.32820560475140137,0.47221467450339794,0.38136414037111077,0.321662782358898,0.4263005084253404
0.23815280091607677,0.22125858490469594,0.16620574865887938,0.2640047401508826,0.10362321390485399,0.34779397690329983
0.42297693449800083,0.3690405688699335,0.8390972196960689,0.45002444112202933,0.7154499537273267,0.7795795975080799
0.4268996211726389,0.718232724212298,0.5638427930691206,0.16418439406855967,0.5316145771545769,0.3136198253955871
0.810088645622591,0.7556259548541101,0.15576027875005943,0.6037187930916276,0.24205487659346664,0.20329952304011156
0.1801648379536877,0.5390582411547644,0.10134908815069665,0.22433410868544656,0.11226197299017557,0.3316504648936136
0.826971423507105,0.6887788313721568,0.8747392059059487,0.7986438262040455,0.7319723625659912,0.6955295689442025
0.7584150945827433,0.6322560771902614,0.9330411682441617,0.9152055895661039,0.7492163378989715,0.736552195642671
0.1603066290587435,0.23641521346443933,0.8692713700019263,0.8079824931663285,0.6020864345615239,0.9100857468052719
0.4965591328838921,0.5932813855292373,0.47748416707635066,0.15275068318608842,0.45787555146318437,0.4905316349526889
0.3947118888626882,0.36141351246275666,0.1118569351941473,0.631350896804486,0.08565637355498776,0.3565742887207741
0.2721254699799057,0.2883022795887411,0.8164112573342126,0.36399105112005603,0.6682821356893884,0.7234337041475372
0.3918314514363248,0.3979861956063605,0.44945034751632895,0.454461988892617,0.40488840385126745,0.5343477877807628
0.3006815524907037,0.31406424574711156,0.4941134965132221,0.3154599988541975,0.39436292572479414,0.5402649126485386
0.5504827886634576,0.33155746919308393,0.5252728556267953,0.7221700830011103,0.40931378350740977,0.7943349454608968
0.34642504186348755,0.22943021045428535,0.8687266708611254,0.34446450409167606,0.7838903885862901,0.8541905959889653
0.6120930777539803,0.6285943950582411,0.8925074773187602,0.5269708315156734,0.8584001708658201,0.5840044903062016
0.19024591025125293,0.3561227570692792,0.049267459975705086,0.19654799746981733,0.06974514319605413,0.22658145905644256
0.5098827010316783,0.30812827405590687,0.14951290184758204,0.1824304422584534,0.31866066002249965,0.2519149782184731
0.30068673168074955,0.2746544176834249,0.9089539554135313,0.8229314299609453,0.5783037207804006,0.6305899947190805
0.48017444181093727,0.39118056788812017,0.5186913897871597,0.309323595693783,0.49724179184799167,0.43168274686159647
0.78590058743339,0.8548783674327594,0.5257671871454248,0.7415219689092275,0.45751159395107677,0.4840917814798509
0.8452528541159878,0.6259328258948631,0.5096187625228967,0.7598272989929903,0.4710847607762658,0.4405178020389138
0.4233880027885785,0.4054067356913328,0.09374839524372847,0.20812363962938574,0.1557643113020737,0.21459472958697967
0.6163196062972944,0.48935972583290543,0.5510221963417521,0.3386541884899843,0.4614556791488523,0.6672125646621088
0.33122030914098066,0.4970272306392207,0.11897387254567843,0.21520986952509924,0.22527756057010728,0.27807529779543705
0.07887472919111077,0.28365350057929306,0.10627161093770127,0.25886263159553957,0.03283762587117728,0.31665451944528655
0.2986181353813103,0.38422218693300625,0.5062017516837405,0.21863455759336659,0.34144666748131675,0.6349132931251527
0.47545542077295044,0.6553653412905627,0.5053626631786682,0.28810604571218945,0.5207228814659758,0.4655003565682714
0.36326943311080906,0.4809381240329957,0.8933676100210404,0.35430987096631583,0.802752280926336,0.6023487786310899
0.680735101706824,0.4118539684458027,0.9178535563625319,0.524516872984342,0.7965438009739519,0.743618233877632
0.7220662341018613,0.6215232252166636,0.4696934235776511,0.6719967903769087,0.4408326078641057,0.6832557371230692
0.37737707207474286,0.41028495590775516,0.078824710469243,0.13002824852399097,0.19874168594261737,0.29208823384324223
0.37226099949761154,0.25522859410743004,0.1348175153786929,0.6430330472182232,0.05271075058264356,0.25754710809133696
0.6242215803322742,0.5673235059284616,0.10707800576103099,0.42544307721608476,0.18021614054920945,0.33057904378306224
0.28576797388271,0.3082397917123154,0.15104493714744754,0.3052629136899997,0.16735024582954056,0.33048148415890743
0.6512376696982792,0.46676195369664797,0.12889618169713174,0.6330046849569467,0.17857297123229054,0.5196585881889009
0.30024691428732103,0.25020154617510937,0.8785288156957889,0.780898262281097,0.6375452462422311,0.6708453467404936
0.32168564790604537,0.30109480755577767,0.5291867017245657,0.45014454733361875,0.4282260905632958,0.6853859672964049
0.44619895807573456,0.6407801109446287,0.9474271954632254,0.33482425699963725,0.8144176108011769,0.8306542988531316
0.754190964535167,0.36671685413652366,0.13039637499679935,0.5353980871771549,0.17034193055201266,0.31127062631834246
0.5883010042870557,0.6829493494250172,0.13900386988905283,0.22440706698406643,0.2381783001409125,0.2987290322156322
0.7206123649190214,0.8535086306958873,0.10603333875200188,0.6333598273258859,0.23103270545277743,0.21765524754269316
0.6805679120846698,0.5878746125785539,0.15189727000728404,0.46943484163170546,0.1355902614113135,0.2936222131744777
0.26716560685501534,0.24888216198547372,0.4836780849074087,0.37125244390932133,0.34457329253619334,0.48536329101429665
0.49226029550210526,0.38508823243752505,0.12612673235703037,0.5569839795404191,0.11441751807131101,0.3018283260645349
0.487482883770571,0.5766203967620598,0.6077157458363607,0.43051583877501354,0.4023654798068858,0.4385584122441095
0.19556232701515594,0.34063894687960716,0.13401495778686878,0.6076677080373728,0.04120873973295644,0.37883434373042
0.5391890388757986,0.5955149296311214,0.48997719780345694,0.28072991794789615,0.43243608733173383,0.5379922617794253
0.7185052596689463,0.9498267167018138,0.8836213530781634,0.35661035143944164,0.8631049222101694,0.759046816128977
0.36348502472234967,0.30044921876002983,0.10998769429764466,0.3470686881684285,0.16136329009659253,0.3307559837589338
0.5500760291120428,0.38429287520178046,0.540059968588281,0.24023364864334196,0.5305622195857772,0.5013426297609764
0.6413750352811773,0.7150540191831508,0.9060282344560369,0.774255846896731,0.6994777202914392,0.783767825437995
0.6769814088571556,0.6964881091681562,0.08726123446827144,0.20330283206922262,0.34375164459094026,0.27668636191678875
0.45684182244616794,0.5282102424776618,0.0871915737698074,0.2803966150999855,0.15955733316852155,0.40286494265129713
0.5405077839423652,0.7209385918320492,0.11878362179993074,0.23249245946756003,0.30019756243341433,0.30892465862504004
0.5023454191085184,0.45702135828240326,0.5082118097493988,0.2677253735691455,0.586632298282033,0.5701119297312434
0.12604066171688005,0.1784304346894959,0.5244570197581642,0.2319637056753061,0.3577026496881934,0.5139966675391645
0.886456399057503,0.4787165601013773,0.9364140841320729,0.5314296447825397,0.9131624396546405,0.8227653198092697
0.23704405669570483,0.40849242141796027,0.6139311627760174,0.24432132298683928,0.31011861931835,0.5338211312338017
0.4292663153178325,0.5239073499070677,0.4489755720673073,0.23372397095314934,0.43403233385878903,0.3845484822103691
0.1302459194496638,0.24008073959018092,0.13984165004191684,0.6261003492555725,0.08197299708900199,0.2822447667597672
0.29188575782294346,0.3385163811117713,0.11666756807960438,0.3828895865156897,0.03930276974849095,0.2582443590230694
0.3204742350841573,0.3640084586839144,0.040167332567824066,0.13495583713620574,0.16095265190854008,0.2925415046487405
0.16516695154680128,0.3325972248594424,0.16199648866193728,0.21227343262549558,0.10176742798745592,0.32473962374794985
0.586570794521185,0.6181692154321494,0.1293802616575946,0.14061034734265587,0.33962568555131417,0.23134670679781122
0.15138700305424796,0.28631734956432936,0.14428877891428749,0.18123882266062796,0.06179115932667144,0.28684254838894896
0.36259885663696967,0.36069282312148193,0.04588283946995142,0.16559427374574143,0.1388251135736869,0.2552159913347696
0.750575582476835,0.5780884013699769,0.8916094829915275,0.8913204838413794,0.7836028284160638,0.8537787169515014
0.4739638924393335,0.41103823600356415,0.8577953820830828,0.8591499144469602,0.5888446042264963,0.6744090653593875
0.537618150034262,0.31249536145342816,0.9854594936423167,0.7516293526281171,0.6821994658078394,0.7364224845877607
0.6544917306552914,0.46789976512096515,0.9453544935637304,0.48473330823672023,0.7578131437527518,0.6752351042877276
0.4256501480131314,0.7376215155899434,0.08598392433247626,0.18758394576887738,0.26833543522486514,0.4450074049077619
0.42679340054617104,0.28891483867626483,0.8397837980353882,0.8883078186016217,0.637147830162936,0.8300768633378901
0.2101613392489914,0.4515989526862329,0.12043757990963322,0.15043336434304577,0.21453382904523782,0.18463497987806443
0.29063703368134475,0.3397311544687474,0.9433019620307381,0.3151070779482069,0.7335671544882079,0.6764427709229679
0.464642075089358,0.5958806145407183,0.43822552124957226,0.2404190084323713,0.5201573956199419,0.5948151978472445
0.5370965947965678,0.6393917953954555,0.8636000719278234,0.4274154789031247,0.7818523004858375,0.7790028606087938
0.2094283285837128,0.30465703498562235,0.8567563750025549,0.7869987404391298,0.6027589166850155,0.7955052997444674
0.1756536991414857,0.23732141335663434,0.146932383094254,0.24933030224678931,0.06575613911892095,0.33659737096690323
0.5124710593658106,0.3216583977260601,0.8857264421798798,0.797706755415229,0.7312616692134265,0.7912672260252087
0.5292660770332069,0.7694566226773797,0.4936301628023678,0.403635412255142,0.5117563188088435,0.6148460696642482
0.5223394431317714,0.5273798586800336,0.11967369790498888,0.07573592380827887,0.33556957389702036,0.295572469935788
0.5024240566167639,0.6443299022949336,0.0782148070504281,0.5179374036385201,0.15433788762382505,0.2330475142843187
0.4816725371477725,0.5807021040882521,0.8434437502897414,0.6169220661522462,0.7610946349332486,0.6237052175913704
0.43685723120222897,0.6499933173928136,0.16672751899891214,0.2960002944053106,0.1352648178692093,0.33706680251205734
0.42374912928419795,0.2534453132071852,0.17038150135443048,0.19619388030777507,0.23858764300945356,0.14436554837171034
0.7514000637648178,0.6316128352627025,0.11986772711740767,0.5790515178829395,0.15973778940484384,0.3523750515866695
0.20817109770963832,0.272443206322489,0.12272526019675312,0.5669948145923337,0.055601414636389276,0.2685177181974261
0.38408399386207703,0.45304212377145325,0.16244863690177574,0.6033159977673327,0.14709611315613072,0.4859902315140392
0.167149089528554,0.2689674942302236,0.11896491123987968,0.19417731492346035,0.1389321628642079,0.3559655208138848
0.18739164723725826,0.5123489769162131,0.49004150927246226,0.7485581691639472,0.31737318361145667,0.5607151774580523
0.4176736663616756,0.6101764354633474,0.9018372680504874,0.38543611780950704,0.7296229314974162,0.5746105060649316
0.08622414720800234,0.30877954645947314,0.561397952410887,0.32962001190188894,0.32805047308784746,0.4407194696135597
0.6499519364832932,0.5665796379792785,0.11489626173356987,0.0,0.3432452844445074,0.3656143652843582
0.301317335478921,0.29789979067428285,0.0864400886101182,0.32578431716013645,0.07674584733413589,0.2893906813505205
0.9264613325537211,0.5962232593119328,0.9060764502065994,0.7927591610209533,0.7515701279576917,0.9262681895609188
0.7916450559257373,0.6385503365503173,0.5323810342434985,0.7307631153330331,0.4924855665760267,0.517779912121592
0.6374974894925054,0.7785886598378624,0.9214030616721085,0.3536530536640502,0.8722210968573708,0.7672119746224335
0.6174026045811034,0.7271209426395024,0.5283097347773167,0.1908755043809771,0.5140299360362708,0.3785461647069086
0.2468831996140165,0.36334857146834065,0.08024665865121189,0.5961767199604026,0.04529035777001543,0.35846261591827
0.3923023519220043,0.2848388454292787,0.9306108095937353,0.30184114553752994,0.7197632619455359,0.6781891347551987
0.5106017973004096,0.39146891952968477,0.9014091408769649,0.7944145909515831,0.6269371045936483,0.7655493463618184
0.3159287378496891,0.15154959028242526,0.08477026658308245,0.22214158642605797,0.08681017171668776,0.41933939521764785
0.5536303933170532,0.5292619845714112,0.9302977087400355,0.38248907572713076,0.8446455804739418,0.7204501546149009
0.5106301637687398,0.4221212806393444,0.4886806867224366,0.7455871985568708,0.45128901672172095,0.674583698776293
0.5891796726234912,0.5944642358722525,0.44455523104917716,0.24175395291340251,0.6018571051785956,0.46003149860889936
0.22790527705434985,0.3363990742945293,0.4671442283789934,0.716244344078255,0.2616163659026513,0.6932098271938334
0.2977682278651099,0.4722398635850975,0.49939064741574146,0.7420692604977338,0.2615997418631331,0.42720170347745334
0.2614229061219113,0.3955779843402657,0.13556715193413776,0.11302046302853574,0.13696520278793672,0.4033383737907421
0.19330339402320787,0.29151951935614767,0.8662659166734612,0.47868788533328166,0.6124639242386495,0.7555936564876475
0.5889145857290197,0.29580718216178464,0.4970665421746733,0.7803707239057519,0.36566237491276515,0.49220745827761947
0.17317244530183756,0.40765453925786765,0.0648933470122195,0.5706968799132258,0.05382750704392518,0.18302257636170305
0.47555586582249987,0.4934843544605165,0.938955438334999,0.8496684609176571,0.6590597114107869,0.6837327415335306
0.5577844197205606,0.8471287577661126,0.9679074946843607,0.5452196178819294,0.8041290711943245,0.7443958198870408
0.39271154021052673,0.5206458627306698,0.17616156405850725,0.198700579985172,0.111685398992357,0.3478507630152756
0.457067887354285,0.46246841919361964,0.15079240625651286,0.1036806813322132,0.21394076082618585,0.3373611215000061
0.5180232393916362,0.5753763523382842,0.5405034907425009,0.41595086790610614,0.48148440413688665,0.48578764947151276
0.37055157245518816,0.4356774793420165,0.8187089242782692,0.26744279864438003,0.7710829019589067,0.8792184126104439
0.38316189423515246,0.3583822594164756,0.9072644278069457,0.380284244983357,0.7122609270399622,0.7367500546231942
0.20564308356940866,0.24026949874581033,0.09326330575310843,0.21892817760757055,0.06553979875295793,0.4014776711110182
0.19620775645583516,0.4273115696702041,0.9349562980700714,0.4606467773690902,0.6419454613996628,0.7328046203731367
0.6929400897049642,0.5612245010823439,0.40662567916212444,0.4141736371114474,0.5204655282623053,0.47809723755960354
0.3018732124355986,0.33915294309974736,0.907886328421954,0.4655555872510678,0.6995659307323573,0.7093601638065534
0.22355585777261597,0.3305616536597963,0.10435311000769565,0.2691566991518559,0.04794945852372631,0.2402033886484678
0.22942705785974643,0.481872971173392,0.15683445033222,0.2646111913409305,0.1238410731918764,0.31074049706347706
0.4668562686535757,0.2559475006937866,0.5674938622506799,0.25299639277074615,0.4550817105258347,0.45755571760081537
0.1574030611549917,0.36059768459073993,0.4699696049448978,0.6665333496831797,0.29508981117706795,0.48017992269109566
0.4793080553689723,0.6937480132809005,0.8654925809088347,0.5563513744622753,0.8358209657370852,0.7109176063316807
0.1881522637804868,0.2822350586872342,0.9093640137540075,0.5637998849284293,0.5820121629273636,0.8440192581023194
0.3320407875667997,0.3157388665871975,0.18106291812345632,0.5107017869381375,0.10766591416852797,0.27926430161022386
0.5145605152721586,0.7406424427786386,0.5089106963268673,0.43199910116272344,0.5395530369862422,0.5271513537051491
0.6941491503410459,0.7112741662359472,0.45617608391582143,0.24691356486610638,0.6144045861646928,0.5159129010922383
0.46388020445848854,0.411210299851714,0.4826867105489414,0.2910606636764692,0.5178497770555944,0.576487214144465
0.6573058219304022,0.4792304126368172,0.9082681225106728,0.8758393211824861,0.6563210450922513,0.6704922255055821
0.3198107053868504,0.4020858694201723,0.5160003943261549,0.2996266890090179,0.35817818684625896,0.5669747747905665
0.17238643601997766,0.3790637634892068,0.08507358990100605,0.09964062272722429,0.0864269467153744,0.26249996328509306
0.20022628979563892,0.3800347899990222,0.08815649895530214,0.25014464015484406,0.09319796051956991,0.2527836911714645
0.058643307673450384,0.31428206701092315,0.8616394808178447,0.3794615894727208,0.6721733645762887,0.7233755248553786
0.44704438391327034,0.7205247996259738,0.9452214404897887,0.4538474123824209,0.8788352008083116,0.8124142454083128
0.6072666311920596,0.5548538891682548,0.47367360449629603,0.24396557876863822,0.5756028790688533,0.4937162161277606
0.4542351652343158,0.4440912711364102,0.8819872308230912,0.5089464950180791,0.7288248535622237,0.7260687820603162
0.4022257893663238,0.6319116379589889,0.09337511802365561,0.3800747657317103,0.1549900951235742,0.24513644893600883
0.5775014029797647,0.6322985988117464,0.44330863588336833,0.29813509031665497,0.49449785378117017,0.6412065465622612
0.5899843768743281,0.5424546811523565,0.07880013013766418,0.5545575948208422,0.14283273728811996,0.2514772098373599
0.3677805985784295,0.34208715056025124,0.5548999249127023,0.35158376172403827,0.37950701039089485,0.5653608320221672
0.9048854796658118,0.73422092574633,0.8526731078966574,0.7827294107450752,0.8041659849800495,0.7058129206468644
0.490158417692148,0.3677807913956155,0.46859951590918214,0.46861454286223303,0.44507188835118305,0.5899501520434769
0.35567541371279227,0.40992040221257464,0.45407409732304227,0.318075864957839,0.44805445304116365,0.5285593191497067
0.22892595461439164,0.40664079206467685,0.10922895157334173,0.20169857020752724,0.03875544178956307,0.34635351942541837
0.2836505337849707,0.2667771270494467,0.18703659404406126,0.15524037873467833,0.07300307999717778,0.19540602287989373
0.27427362058403926,0.31832756849589117,0.501317746035349,0.38906835581197174,0.25377447597975916,0.6391366006088695
0.6213347651422914,0.5041396955041708,0.9029170370510562,0.4123483291823514,0.7687242255817784,0.7153288751667066
0.6012151094324457,0.7021983564853158,0.8689679071761602,0.3564349467786807,0.8880424075670096,0.7650034307964191
0.5935571032608044,0.8296299907353091,0.11037055901283144,0.21668410581264497,0.394773653466159,0.3494539317193386
0.6312050279945506,0.6115018614486676,0.9486816438661569,0.3930492138850793,0.8746584584203331,0.6669868956996186
0.5519880948646492,0.5846382014115333,0.11842374038484099,0.5982275750905491,0.19574088208675716,0.3920986577579537
0.8037551614147034,0.64210946571393,0.9842258542223952,0.3454233349264727,0.9037241678304785,0.6550198479791436
0.2261742054116976,0.2986729567596246,0.5561340073911547,0.6524742790635368,0.3358315041044313,0.5621441229905715
0.5835877410475782,0.4634093481700196,0.1093980738436161,0.737093890981651,0.11484024948544586,0.3284036248334492
0.3148049275847457,0.4260436216725114,0.1086313905581398,0.25938071948881924,0.19014034978756528,0.28006791555564314
0.14900425275872065,0.414996218873671,0.5707594355695634,0.6928823261992668,0.2433133596110334,0.554427536614714
0.6207825925467529,0.6890461308579594,0.1182038801514197,0.36473838698341576,0.20335554480263157,0.19206299587701414
0.3886659649750915,0.439375596756446,0.9557639986106934,0.4668622022459835,0.7053759005212284,0.7365433692750964
0.46950260068892014,0.7235632899630388,0.9791519381194589,0.7807026831310225,0.668153908297133,0.7475179806958847
0.29806372260105607,0.4066131468391096,0.10475569207485025,0.10586591067924966,0.13925532121192952,0.3497881114908332
0.35625742252241577,0.6486108121801356,0.9141464005900912,0.4337845910599565,0.8352668100920164,0.8723074669032056
0.38952445844023825,0.4819547073623799,0.15138399488527743,0.1657511990875309,0.19659983034516032,0.31437015565556736
0.2839402568575694,0.30494920769064693,0.5367625152973557,0.6726778487125474,0.2833568829393374,0.5418054238109282
0.23485463160067876,0.37984997747639193,0.14274074532851555,0.31538424669340626,0.13923772077077148,0.2291265379965033
0.11683880079455201,0.25330224163842485,0.4540375556119768,0.3054310993808087,0.33001252474260606,0.6418170933463578
0.106200482599965,0.14376169127596625,0.8668822557622431,0.8257058503338873,0.5131328849485076,0.6571041796544477
0.3295005582445749,0.31962327441108307,0.4870415950098279,0.19621176542453656,0.33967892441147257,0.5869444514181676
0.6491809170677585,0.49693597306756393,0.9481056133617576,0.7453926179925748,0.7320749684867742,0.7004260133106022
0.7101791063360696,0.600268276316974,0.06415437770797894,0.5325538985376138,0.17902149562496159,0.31712188627464144
0.4347955960011849,0.3387143697890441,0.9602647155505115,0.8408010347498661,0.6670877495783684,0.6519982433035141
0.18941595781365883,0.27387042266637596,0.14350238280160965,0.10888732127321821,0.08378524539398657,0.4112325802136123
0.19477333713289913,0.29958572198480826,0.15824407171914473,0.5014654076190868,0.0841080147326086,0.2581084535418765
0.42922977000765217,0.4135134492185927,0.4699425522380901,0.3005510032262546,0.38751107147628566,0.6050695150358023
0.5156061437628059,0.6127223733933644,0.5093894000610502,0.7878742541273679,0.40446890356176673,0.46072113887880217
0.5306341077934194,0.6237517379393658,0.5183132711257379,0.4319712294048458,0.42690489914444285,0.6399203808064735
0.23560538746056495,0.289807936540991,0.5165817431776544,0.8066638630127564,0.28421119124957156,0.42208699126573945
0.3368252065579545,0.3544653209369931,0.9119296919640476,0.9043887331577399,0.5816573048004648,0.7089624585151002
0.5098825953890007,0.6983264101596796,0.8894001930160382,0.48509141465990724,0.7793840252533147,0.7356156801917386
0.6803878917344521,0.5913397992442521,0.90561202830859,0.4315644558971111,0.9263585012513778,0.6549921852825111
0.2910375968028741,0.40669510090512606,0.15349288825446783,0.14436919447872087,0.14461495852442507,0.2689996925759739
0.27023420620447114,0.38492765527810324,0.8543573764774397,0.8832871770155956,0.6172972101225205,0.6559794748032077
0.2778477779635854,0.22800918148318422,0.9612027523373341,0.5091439686436099,0.6242788813919308,0.7373798440469543
0.4596605125462146,0.4977997866282534,0.9389501637215749,0.3451797622981658,0.8021291642861094,0.7314737828952689
0.37852265454004136,0.38273033469672535,0.4685381076771028,0.7806185982735324,0.31245276573604225,0.5612994696661238
0.5936784195809742,0.5504305996358759,0.9154016888185832,0.5340471089596539,0.7644112878458339,0.6995864601323918
0.30978497108401926,0.4410331764779152,0.14829287754672188,0.1095990996205235,0.19341025052834354,0.3479183989069585
0.4114676728916603,0.36074392742239864,0.45790337151163585,0.2412140082959836,0.45988338767662584,0.5845152513152687
0.31677255419008754,0.4466010693139267,0.11444962663853525,0.2308057983408912,0.11966036478424508,0.3331685531785378
0.21726491905937748,0.42395050637900444,0.8971967996801609,0.4538220263653031,0.6057698367046611,0.7115733940935165
0.6138871288032658,0.4953215288626078,0.4811230635079681,0.36409883892928874,0.49091688004823275,0.4336067995733912
0.4229580097799678,0.4836145279738826,0.11643325501977486,0.29421418879368477,0.18052992351272112,0.17315411710584794
0.9999999999999999,0.7476821665583269,0.8766522758313235,0.8226087670520138,0.731534327165541,0.7110711764554951
0.5708014022089645,0.5867601130638709,0.16690950462194643,0.24489283404159579,0.17776975306855664,0.14834612217474374
0.37204619276857936,0.38977484805522933,0.08812288773071097,0.2408634351245249,0.10768093652051094,0.3161314824020587
0.17519370411566687,0.38952242136401105,0.1439805801994823,0.02769838461448182,0.10097428757843843,0.4206883929700207
0.939128644807437,0.8700033558550845,0.8351081658413861,0.8373263675891341,0.7749378269285425,0.6268238036032714
0.20618621685972868,0.3444924448891249,0.8939171137617501,0.38445121478963207,0.6211092693745831,0.6496080646887341
0.5074046146904633,0.6831017922324983,0.11328149016018785,0.09095541243776828,0.24527932980380773,0.34052436558914145
0.18988012860538186,0.24878849679959256,0.49889239687462583,0.4152885982719585,0.2947921192737344,0.3219743908039976
0.2979387909986351,0.2751775205353603,0.49093765926577926,0.2581752141147844,0.3113898909114891,0.5680468010245727
0.7814870515032294,0.7362883276544888,0.8740051839972294,0.8945331381888862,0.7789239151422284,0.9013957900332681
0.4436523324991436,0.42415897506873435,0.9299980314387475,0.5675022006232778,0.734272829110323,0.6592907552605176
0.18530447669155775,0.3300430244753157,0.9396415379517229,0.6306141197021243,0.5950773044406633,0.6936546707328892
0.40514702628133514,0.33893103808674396,0.8970532563078244,0.7893294468609421,0.6547686456455198,0.815880300807386
0.6255033346875577,0.6230140977333556,0.8571086672672488,0.5996330929474162,0.8139436276426149,0.6232213034118677
0.16337518296565676,0.23640698642800925,0.5771785231763561,0.32224943502292724,0.28653312591753954,0.6323023913578001
0.9714177874319354,0.8539413803148355,0.865646653750823,0.811987593641955,0.7397971819898095,0.623769585871214
0.3549850904554658,0.3866760620351654,0.05533260776274729,0.2432494671061597,0.11031230154072547,0.5093819462195714
0.5835771026568777,0.6487226533415118,0.03355060459494441,0.6121507725709444,0.18625411375020323,0.37890430595591695
0.744992114628443,0.5567795168596296,0.5104584015180258,0.7322765720681746,0.46530408131417167,0.508925301174938
0.14826098682343275,0.09793723090174251,0.10423606507042676,0.09518459489652209,0.08385620717244135,0.4831647216344037
0.3200900885535096,0.34912388726751653,0.5471360081817562,0.31155190656950305,0.31351598921156454,0.6170248578163826
0.6078122042812909,0.5509821685054168,0.5306037219304129,0.369997805292557,0.42645503422144065,0.5498789699420161
0.29816637189916106,0.40174023643361123,0.12422329432953211,0.2218760425230264,0.039609526517013466,0.1487697837716344
0.41127853954416266,0.3331305032349471,0.8896033376838046,0.8179977514321605,0.6199139144276467,0.6802537083146394
0.6761934260730416,0.612784867774731,0.1565016303815857,0.18174676304964898,0.31824407301424357,0.39578641092263656
0.45023131449557713,0.3705224971006086,0.18632443315563557,0.6321447372772752,0.13992404130261285,0.22232128115708916
0.3029772612311563,0.2803185690592959,0.5462706553585508,0.6937371622675589,0.30741242368826427,0.4382990800379134
0.5771564501968517,0.43761220684741803,0.09454538110916821,0.269483730304129,0.18662476491426644,0.20127473940261442
0.9871644333073772,0.8132006963302214,0.5373163390114144,0.6918192514623723,0.49262454254236543,0.5335800992021618
0.12354895481689487,0.39030879514626904,0.8844561932102049,0.4932552166575199,0.6650735085856524,0.8668910679455606
0.21547913945543626,0.3115492192942291,0.8567767471397305,0.6070700532228984,0.6596905229092117,0.8243659778668326
0.3440099663986114,0.41600270879317414,0.8648890227176045,0.4752537083774515,0.7661962358422156,0.7014453685754765
0.4612660641019168,0.30985605138957195,0.0986936199676518,0.2663650538454262,0.2141834533015835,0.3342799256338753
0.47383969565953377,0.33350822456620877,0.5106358935346705,0.6292914278694862,0.34485617455217354,0.4609536006505057
0.558816947692329,0.4703191186222873,0.9814228201549204,0.5137543812757048,0.8288218798295717,0.7583091398587243
0.7222508271102221,0.7417963284903506,0.4718263738695616,0.29065018366498585,0.6295234064483612,0.5521416316434689
0.6162282940222682,0.631098915878547,0.5586543259985983,0.7465235540206264,0.3638456018868106,0.6536544299487561
0.4341664293160189,0.5021523282470861,0.8877963455169553,0.533645065824374,0.7083099820637712,0.5227783389750127
0.6265313349588193,0.9177427792726063,0.8208939982606032,0.4523174769970385,0.7703405514937901,0.7889181637834142
0.5774512087488979,0.4405383472641072,0.48662977700612875,0.36057864851707966,0.42661859688169335,0.6447847235710844
0.16697739356661945,0.31499972863953907,0.9466202542449533,0.35506302326210515,0.6968417575639098,0.7278663873447551
0.6800013267392719,0.8059921960156367,0.5201137419555741,0.3043085305299865,0.6008195208952812,0.5020711378840939
0.2815284469192699,0.16063765654474454,0.5224676203604651,0.4273960267104673,0.3874510526964229,0.5045748188983237
0.3727687507769084,0.5117748618812645,0.9525975914474023,0.8609460009825122,0.6290950151597025,0.8832650336938257
0.4390010503635269,0.3663864477747273,0.07199143933477398,0.5938257865660298,0.08470878918145014,0.2762936810816172
0.17238787631556565,0.21336833897643845,0.8588760770250956,0.2679361943083888,0.6351683983705294,0.7421516515826179
0.7463721387802732,0.5002743816834568,0.02366338449627342,0.4705953472530593,0.21783979910035145,0.27600146002010106
0.5268416009966823,0.6348879020463805,0.541077261588826,0.263012308672401,0.5429451964592819,0.5532518068994432
0.2677679057059476,0.24625100792195803,0.5286901044459693,0.39909354362736316,0.2753461513624109,0.6761756694780878
0.44578698702455993,0.5822283147533884,0.14130261983641784,0.226160022523895,0.26113027847618114,0.28146452724973603
0.2776877671200394,0.19963021011652532,0.45996195713718446,0.27626514446163175,0.3010791157031837,0.5557536284486577
0.1852331255915604,0.2043561791071048,0.049630117646349,0.2121999803019038,0.1067932803573427,0.3856160110710589
0.12093386464226458,0.18067278849121196,0.06083732931963376,0.6157815700863857,0.03381266273238179,0.28945583304972455
0.3875844240539676,0.45702803009891363,0.47021663099407107,0.27048652204917434,0.42204254685202464,0.48361034586250096
0.576940549384205,0.6372818385602841,0.17398322003350175,0.12549615229029532,0.42200434923303504,0.45040549786600526
0.2801244269962969,0.2768823430303307,0.9396678743741158,0.41656208034561404,0.6613435449032486,0.5637605302636173
0.8658088130683279,0.7129597421985117,0.8822460621048893,0.8238931982726961,0.7460193275963273,0.6913570976835279
0.3810803269202042,0.4134968968703001,0.5183254460259902,0.28544697012867515,0.4036887183126201,0.5291660135000509
0.17656484251505758,0.22442859478922578,0.47983229775607816,0.33256730697179526,0.3247722046136767,0.5247770538634291
0.48914844159114873,0.6299509125067013,0.12714010544222837,0.1951953167511873,0.2893436204454644,0.5236854433946174
0.30906110081415483,0.3289759413256855,0.06798470396527145,0.3113454758052283,0.1732688425968847,0.35217853900218765
0.6907986170532542,0.36762696284622653,0.14233757772443967,0.5784972898088062,0.1500106632258512,0.19937680799097013
0.6152373020655659,0.48810966459789945,0.07934003463806716,0.5762362427999587,0.1869014403792918,0.15528563343215707
0.7405549169494348,0.5541860201091331,0.9320208708023101,0.8762308806891822,0.6725501164762181,0.7903362981068982
0.3574027817121151,0.2923029275279391,0.8834587098271325,0.8410590047027143,0.6358963742526204,0.7203809246300712
0.4967041745453628,0.6062793680622038,0.4754336176516638,0.22883991894549016,0.5027569484284525,0.6730435949065918
0.4679663368680667,0.5905138852910958,0.1763078088316518,0.13792358262515558,0.2520572363810539,0.27347453068364436
0.2612340671776446,0.23855844333520987,0.11976392491835003,0.6093786432866136,0.053102131326390356,0.2484641109392851
0.1800885217845323,0.06337052177219323,0.4938567694581333,0.5735584853376633,0.33366488116780696,0.48776633731815133
0.18771754729516155,0.2456036481231584,0.14264969458659865,0.5188889472592698,0.01697601925367867,0.39588011581512594
0.38327567470029106,0.32829992393014584,0.06003516044393864,0.19141248096750718,0.08598780351047008,0.3642703768584843
0.8376382084740441,0.6556235430208641,0.15637903042943696,0.6490204109580752,0.20046893101150887,0.43162477316099057
0.5459949746859032,0.576507179108271,0.10730616704288765,0.6376008616800098,0.18296716704336044,0.2977411955022169
0.6248606834905585,0.535034360326439,0.1364525063949661,0.6298336347738168,0.13590034133496856,0.4044675962672084
0.6112948705998295,0.7878896022967831,0.4455956604738456,0.401018757781599,0.45421977746812936,0.6445361227679665
0.6204752394616875,0.5182759256945962,0.09773888275792447,0.5129686347579355,0.20710397758475535,0.39479820655478814
0.24435495218083272,0.35180321491752864,0.5067228660854886,0.3811764035005929,0.3294119794795904,0.44732076674819066
0.4698016829182672,0.3724266384532745,0.15336434043723746,0.15034935507237757,0.27702057131045965,0.32019753982697763
0.7564474989211903,0.411579547343078,0.9270792051398349,0.8977908343525126,0.6664438028968364,0.7061815489370575
0.8915536632690289,0.819806726611305,0.8848346887391763,0.46504737381239813,0.8709726072150261,0.6954206926101048
0.30597894627558364,0.3858407306479722,0.9128073653471249,0.7862878735247326,0.6588677968924642,0.6457985163867028
0.12110351102296374,0.2803240054814834,0.9497651848254103,0.4574921654467584,0.6045136785011428,0.5678638471651527
0.5693297264098038,0.5092245504411905,0.49866806286131227,0.17336989597698482,0.546797492013292,0.6163288496972563
0.1484446838702423,0.2749396233308565,0.49438109750849957,0.19922252652490857,0.3191856162883361,0.5786778183851897
0.13408261604418387,0.3387136328703072,0.038390420396837266,0.1662321512255951,0.10121180059745244,0.18882429145867308
0.22546746777109541,0.2962784734776641,0.8892999510514419,0.546363788051143,0.6776730606201545,0.7756305472398508
0.4675159473044674,0.385932917041593,0.4380454442447127,0.692759537347816,0.38023182866354827,0.6009690074913885
0.8022255013370726,0.7716392286368536,0.10829486377811759,0.573147360314778,0.20639500833518348,0.35677834894786287
0.6639677375751751,0.44527828392540947,0.15170414795311282,0.6526378910457021,0.17314110568579483,0.2336969060053935
0.5720301744782526,0.43700654319432203,0.4230826148712714,0.3102220357493878,0.4577650313394762,0.47952190385590443
0.3105491763356377,0.43176208560889706,0.9488847583470412,0.4236005816906814,0.7457131212760659,0.6763011098076901
0.682227357622087,0.6668636613599286,0.0997943472255482,0.6226809872843754,0.15407414434220754,0.39797441236869036
0.4461161347108501,0.5382683031869961,0.899218701345238,0.3748554632574157,0.7655820773662669,0.8170679525600075
0.24736510757268965,0.2952743431124047,0.8805057396317755,0.950837346541047,0.6517900697818838,0.9629049408961516
0.5609939892322516,0.5013565129559441,0.8328303270078199,0.6784215889208246,0.6756410107569302,0.6385485789299881
0.2668725025765678,0.31156914656132206,0.08196687509917155,0.6641616599981709,0.08032688632690285,0.33502500229826326
0.47177100979381315,0.5506125319875945,0.9828729431811745,0.8735600270621234,0.7526721613003022,0.5864059676398141
0.2496658700235885,0.339206262793067,0.06964041448497993,0.5906188574472325,0.04545949504974338,0.3903527409645098
0.7062703140487254,0.3655805657897824,0.8377401211628206,0.8235796010399302,0.7233766681688654,0.8416052977334196
0.48256894581999527,0.4551210082002417,0.11836001813344815,0.5660662494569789,0.1645316974756694,0.4410967487787687
0.6061220198410389,0.4577830915986034,0.8969108924287739,0.4602173908419719,0.8176984396410724,0.7518385557531899
0.346459273601922,0.4233311567508118,0.4938115509150527,0.6946951101391333,0.35855488842799416,0.4001565001281149
0.5387295216856789,0.36007144587281525,0.9008571882034706,0.7744603651417968,0.6657853777304287,0.710194814051762
0.511266972292913,0.6270299579325211,0.9256535125680012,0.4479690581147582,0.8151625865875687,0.8113438342805872
0.32586735237379844,0.2517008476558279,0.08967742448648047,0.2462901562737171,0.15095339688004905,0.2708940579839041
0.2189825484433807,0.3374420141004103,0.12045156347208419,0.032772819112450224,0.06577758745473616,0.3105349049884909
0.29837995917016713,0.44770924205853946,0.9406029394284763,0.9620196210816973,0.6786289546274236,0.6546408356086788
0.5912799201326778,0.5625718414540625,0.4673534536401509,0.33009983566515544,0.4304957950154575,0.47264370049782034
0.5740324532989591,0.5877136263310745,0.4151076142259852,0.33474678199490204,0.4529968675854258,0.6175295947177868
0.35717797323066164,0.44027772466383797,0.13920954492851922,0.07425378804816063,0.17596206368250522,0.3527300905366344
0.6270874273649456,0.6476225530360313,0.6050956205699844,0.3931822591418035,0.4773033360892278,0.4315245364241842
0.2989470796044064,0.3470081503651646,0.8999987201439834,0.315326803349127,0.6570596515585265,0.6927389646817437
0.3989604643944117,0.24511079612519668,0.12074773876477402,0.5051040571013808,0.13092620701822077,0.3486335591212306
0.21766490479883768,0.30881040077210165,0.8886409742626156,0.47286368427682046,0.6339593331032343,0.79768625520957
0.21504273367514007,0.2179017878536081,0.17532596924361732,0.583941297397747,0.14404632625071798,0.21910260587467434
0.5165587901479054,0.6450650220846652,0.10973509710001633,0.28581392563784347,0.2625071519403574,0.3928930635864383
0.5885955604975629,0.7635167321522084,0.10545085843448343,0.6509853705269656,0.19881033355066258,0.3045437469638075
0.2757896970958153,0.37998104689601564,0.14866162197170552,0.34559593922695975,0.059857994322375443,0.13484425603299854
0.7970642292877476,0.8014430948445838,0.48747448143504146,0.7594127124393074,0.41636301106574725,0.456966425924231
0.2588119770544165,0.37028138161732516,0.8497040339972826,0.802808327019657,0.6032462981965697,0.7293623830855109
0.3946365059567282,0.5040590223674886,0.9350285117748591,0.40278640984604086,0.6703813953594442,0.7871830323057019
0.6826879123074668,0.5330291369998392,0.8769963847710633,0.7054289358519507,0.7010307637713846,0.7844377666600004
0.22061842590422442,0.14016732795492937,0.07438841644121197,0.6373990826136561,0.13575298499240218,0.1501432629160604
0.268546023541924,0.18587302662931818,0.589231035368966,0.7484170455298741,0.3362543029903022,0.5707451243926345
0.23699414357121718,0.357112645731807,0.893256132743047,0.4772317253897107,0.6004520436658958,0.7358613003822123
0.6501806078463737,0.47462075050612684,0.5260024685319763,0.3055372930337489,0.40669497607061916,0.5739793893443967
0.5885637677499864,0.5010656694007369,0.11395940556612905,0.5118592231532553,0.11506179682436818,0.270154296993403
0.4603065239366381,0.3899689738118705,0.8653898504895703,0.8293350293848193,0.6502220055051279,0.7219821106497153
0.6455453109994986,0.834188039188063,0.5336886829815422,0.40386512864221713,0.5166685099593533,0.625016906645941
0.6846312198970614,0.5256117176482209,0.12518315831433585,0.3349188118996588,0.2357205018775883,0.32563257710694815
0.6678585012710043,0.627325610945163,0.48057972231958757,0.6697382931044161,0.454648329228869,0.5574597037782785
0.20606937012234708,0.3227668694723461,0.9173449933405038,0.8038772187738589,0.5788414093552562,0.7439366379862742
0.5346226060975219,0.3632594274433512,0.8800375635342932,0.8871308957196945,0.7065549604890273,0.8659233380434199
0.5107084141360178,0.5560650069265799,0.06930770466026304,0.020739401397576296,0.29774217138127845,0.2260997147542212
0.35508094795938294,0.3530086598564564,0.06532410400380584,0.29083577001478744,0.17476901282137378,0.23707739945250195
0.6091896296416593,0.5430238565043306,0.12343018780907505,0.12961981258335298,0.2684910801617956,0.17433603845919743
0.29140789869683426,0.4873849387428616,0.4914726561200815,0.43646474220559983,0.3489614771476668,0.5611336301181904
0.5038316163998733,0.6030299217578414,0.5656714872866007,0.4242959039902976,0.44724282026894246,0.6190022573823715
0.4682290473197841,0.3901415767538181,0.5048510674400997,0.3507966644785724,0.37730235612804813,0.48831614436895787
0.16791515257539158,0.3802153271563806,0.08187969509137788,0.24069062849154166,0.12638222661022733,0.25050476024109036
0.7219055425379916,0.5696328172954731,0.9065023094750442,0.37477124937164674,0.8505396973358906,0.8709674631710151
0.45016791600576567,0.5002235117167788,0.8493270767287779,0.5603235971252812,0.6993511121517397,0.7784915516762267
0.4883420064958827,0.630772039957512,0.5032298929260137,0.4077083181298006,0.5014278232848068,0.5335943577191635
0.6484203467525367,0.6842779769051701,0.5191095822141548,0.3565616170906082,0.5606843566426026,0.5214324292078709
0.867774105893454,0.8519365098627684,0.9079928210975805,0.7944314557308113,0.8047337924597221,0.7885244104091811
0.7480551684116729,0.6814625542462798,0.951585504206641,0.8743034652467326,0.7210699594859145,0.7325223923930055
0.31269360143351943,0.4533532157202052,0.6088186660978862,0.2064864190206347,0.3650915815633614,0.5307146081352778
0.14981370091483012,0.2869402670357467,0.5329785132983372,0.1070905818216612,0.290407378744787,0.5300725556512305
0.29168914946624613,0.27273504219633227,0.9467029146599255,0.38738441543949487,0.7107003214967909,0.6254247940794708
0.27492807740520464,0.34979833461520926,0.2129445127967019,0.11548722314381366,0.15177638212730382,0.23131701045808706
0.710077016869541,0.5872216688012977,0.4669228067496993,0.3292431892980263,0.49018252045878485,0.5017076414513051
0.8430589553733204,0.4867328810533212,0.9054317056441601,0.873316707342125,0.7521565192854407,0.8554379749352075
0.8246965496608659,0.5918580975111136,0.8814673947208662,0.5881844245085751,0.8279738945663073,0.6433823253104545
0.8654849901452061,1.0,0.9334675983950453,0.8251233939563681,0.7617713324406429,0.7985252911168517
0.47861257034264393,0.6042705961773367,0.9109831869007385,0.8076173039164741,0.6722097708990329,0.6698194957617547
0.5234128140081281,0.6721727333860523,0.08057131619256686,0.15375264966910918,0.34976811730189217,0.1787340170019438
0.70704008268038,0.5166224769513499,0.9007193721791698,0.47502952701829837,0.7754739051508521,0.7823533685484811
0.5618214341733057,0.3928453795314818,0.5477646662602711,0.3057398828709751,0.49015163870304923,0.7083981249974465
0.2180521958522845,0.2698839887998215,0.061463136162833165,0.17794521965779408,0.05819446909544439,0.23249559034272727
0.7910790859506835,0.5707747379862171,0.8688932010105228,0.7534734261153418,0.7664316041058093,0.6232956878882465
0.30803446359934883,0.3463104044124892,0.07549818666760988,0.10183332869728823,0.08020167869067218,0.38466584706989293
0.2026118323896926,0.0,0.5193942517127361,0.304448509806273,0.2844314597937693,0.48879517603276623
0.4391073001666815,0.5187200899580331,0.9491331038517199,0.8003233646883291,0.6691627082634755,0.7836356347600044
0.39498390410726053,0.40509380187494815,0.4274100782663648,0.7798272838577721,0.2939978575535155,0.6336369859899946
0.2778656523987747,0.2350486517629624,0.9040052101437592,0.8675533575217228,0.6096185627409577,0.7341212545305815
0.3383293587797596,0.4332906209436167,0.863897505668832,0.34442607439670536,0.7304437956518619,0.7813451110562126
0.4095695207224229,0.5167404989239544,0.9398756166584075,0.5532391105605702,0.7168934139353772,0.8245375425756785
0.63723065256732,0.5378619717488021,0.8909577806433409,0.368312619982485,0.8893383010922377,0.8180042348108159
0.5703572177522415,0.6749428365882886,0.9054335377551881,0.5434941449008411,0.835823771192587,0.7119298046928253
0.3386292293600967,0.3222026903396183,0.11274409991087297,0.20172585591922454,0.17739022098418153,0.3675507225144048
0.3206070001613263,0.12354631310328573,0.9445539476525109,0.46090264174196915,0.7600958022998523,0.779609504812163
0.5277459534404592,0.44381014407859204,0.9809523088383749,0.8309964624195082,0.635366917859226,0.7371637801859219
0.5811303165229494,0.5269102421259277,0.06811977482766257,0.3688191076663513,0.3147385808601919,0.5846561419739076
0.49829527929691464,0.6247954512192437,0.07529024822289654,0.17677099508926153,0.2752243405898748,0.29831280996479714
0.23229842172896392,0.3900844437610509,0.12545558782207783,0.15815098018521467,0.12946941037201418,0.18630508898304043
0.8180844937766919,0.624970083252335,0.08065124546805225,0.5571313638387206,0.2476556735158612,0.28859623122452627
0.808887516450696,0.5165022629703819,0.14955621065994829,0.5371414302917698,0.1202805329751038,0.2810879278734397
0.47742327384121525,0.5122188506290929,0.1558771569307138,0.29706331835558186,0.2137998952954478,0.30202883369201006
0.4833201285821075,0.5064605012843494,0.8787670948074684,0.3992564640333911,0.8150434421115691,0.8404589231563633
0.7210661543466882,0.8626918948511635,0.8702243487531878,0.5305834711633365,0.8730287334233161,0.8406420551039488
0.17211566145666385,0.27727445513694093,0.49572321696890365,0.30076358972269235,0.2980364624032772,0.5115944227907336
0.6866591419471482,0.5026980485640071,0.9043839798235322,0.5303266545381782,0.806369534858285,0.6597688783918896
0.6477536380611529,0.4395618042278132,0.9126848880668335,0.9411176142166794,0.6999238568480142,0.7740442161265544
0.21348366663118645,0.3888566034377464,0.02409302218421938,0.1178411170318715,0.08174683305796013,0.3081138429895307
0.4558860782193388,0.39174297352290044,0.07470359059952786,0.29781779368997174,0.2319929514437628,0.3403940227002238
0.3128685132175634,0.25897537501555656,0.8843770651364573,0.8048708230075702,0.6542566318935349,0.6998992937273019
0.4867163364371111,0.5486882486423657,0.47516140630347214,0.5474671112522779,0.3306134939897392,0.6306439467160869
0.47985806054888813,0.7182097310994582,0.0,0.25977269545394244,0.24200876955514128,0.3117950050457745
0.546701359469133,0.4704142341683439,0.8259344373158137,0.33619383973549777,0.7732237189995369,0.7238260905519907
0.6738808429919692,0.9190224752469482,0.8488903652497206,0.3890679918144849,0.9381289468000865,0.5836127645171594
0.6393269482422648,0.44363699980633725,0.5020032582549612,0.6955135649210126,0.39223246179270804,0.5292875630179892
0.63335320474459,0.7148910394365798,0.489367247674551,0.29496422931507194,0.5377028751770702,0.4912440842541521
0.2762244946434351,0.3955328712089762,0.08792897733592664,0.11770648122486593,0.12071306038546303,0.3256627011540192
0.4968950557309237,0.5208097307553181,0.5379049656021114,0.24690669590550096,0.5323934183364026,0.5845378955778582
0.5321298304195418,0.3895492700234163,0.9316357337360668,0.8613145418956644,0.7129135765790092,0.5966301982329867
0.4439324393057777,0.34836000040557497,0.9061912902664775,0.4655370545005063,0.6518562356568632,0.7091384897498885
0.37297413199717916,0.6164777181537033,0.5112722104901741,0.15976180419236718,0.4788888083103576,0.49954051953355894
0.42804135242084274,0.4469198932133994,0.4728118772203187,0.7066659094968429,0.3364850798423886,0.455872401083401
0.22351143426817952,0.30646275516806926,0.47752376291165777,0.7622238386896111,0.3286732683182137,0.4965896751494827
0.5936983258564944,0.7199876528311316,0.4393045509425797,0.435031176509704,0.5648011130609302,0.5239838068507985
0.2231762006998346,0.2605501981685685,0.1029235116862135,0.160609152047831,0.06783514150719946,0.4064860389668268
0.39218839727013444,0.29125740455934845,0.5374807568481471,0.3475716535897039,0.4313436711756333,0.5525045127663826
0.17010439824971488,0.20144738688516944,0.16612291189409611,0.3373194649488439,0.04056046884460661,0.18443671573403142
0.29160135268083265,0.35033620367585483,0.8906502028842491,0.49460707534420245,0.6469003446595897,0.6716208294773125
0.5347384183844195,0.5606262497336094,0.5259017778806769,0.7121675093776748,0.4457905772393008,0.5926728905660279
0.6659013948684859,0.6374172229856676,0.00034337189493022224,0.5931828132303972,0.11205547830032267,0.36189198180533877
0.5144457688040249,0.5404268918309556,0.48949615504610566,0.38785640636677543,0.479196662078475,0.5775102841839832
0.2701162680264778,0.31847074217854765,0.8823192303276597,0.462090199916215,0.6416226124372704,0.8296136217444467
0.25020925671272676,0.3056992991248767,0.9590024298518087,0.8094642529212154,0.5907349030700788,0.7778229458889263
0.5278463268473681,0.3748392831013152,0.9157598957935633,0.7882982607053158,0.6809205681630786,0.8029391750405854
0.6882798926429006,0.8910160195048225,0.5260036238050654,0.11397582438523857,0.5890678387694475,0.42141004427291984
0.8597746711950114,0.554343049272964,0.5239590156801895,0.6485837936124849,0.5257505940823572,0.30332571222825333
0.3687641294124969,0.3920908380033753,0.11458603194849759,0.06996584147595453,0.23117168272693905,0.1611807685985256
0.5686031512068906,0.5338677727902172,0.9606245450023991,0.3906746486149102,0.842515124957986,0.6503979879947965
0.2814851061923576,0.4467120166371278,0.4157731153124179,0.19531405216643927,0.41256426265191093,0.4068550786333005
0.7421064807552183,0.5797376789612968,0.906045279693122,0.5517324815942716,0.8465163250149575,0.6958970065676624
0.3326236135818126,0.315576973292525,0.9447738172045865,0.5821162701473636,0.6801460722148888,0.7347428584562028
0.37692252983241026,0.4547662292120778,0.03832392419819769,0.2696411270448559,0.22556057643535016,0.4364711694109391
0.3111684784625429,0.6799972340491718,0.1457894055494084,0.0901141868895382,0.2387428624632369,0.23561446455635382
0.5381824140228123,0.6308664180357826,0.08282626200498983,0.16735259266743407,0.23527369041678697,0.31313922938075534
0.18385553726224907,0.31996558869476033,0.11712069940522563,0.38665417504337096,0.05127318462149663,0.3016049494612174
0.2522400359330887,0.4475851129207797,0.869561985098882,0.9149250979060931,0.66707632210853,0.6926031760591971
0.6687315558473413,0.538911006156567,0.1505629361787288,0.06445388088762838,0.28346695732645993,0.2668406268692194
0.7152765253528394,0.7044755046409429,0.1014426161052831,0.4877815266115362,0.1700424397030441,0.17322408096855213
0.7904304783759678,0.732638148708633,0.14609963795243042,0.4721957376968039,0.23348210014792659,0.36067107353849304
0.16675251875524855,0.21344969037200615,0.12993767219187013,0.08081447617324955,0.07667586290824935,0.39935294366442475
0.20614852170698644,0.16223795972673263,0.8690330623305487,0.4084268639296237,0.5717928511368779,0.7598500919361824
0.5575065027636275,0.4073244145078825,0.13255723744536385,0.5416778297550803,0.1089914805066966,0.3313316721188393
0.7810516950164336,0.6559177665796304,0.8741605547963351,0.7677248819764669,0.713408188733831,0.738256449711356
0.15014307260681187,0.1537998191468409,0.5090675416733923,0.45630604719969114,0.30293779305310414,0.4869274365949341
0.6378193021392122,0.42571185111210635,0.8882162828820768,0.5469542974108333,0.7777944157839175,0.7915827877150021
0.5365615074155561,0.4993218287619176,0.935721956639896,0.2894887636784468,0.8580929895281658,0.8034422487111139
0.3447039198179096,0.39127646781989955,0.13407170500816756,0.33122191495755593,0.08017325732205169,0.09986170168331521
0.5048184960115203,0.6074478079434005,0.5053328770144727,0.42389634925471587,0.4869005529907071,0.4302981378669317
0.339921388079486,0.24291909818760457,0.4795429130730424,0.4252477914769931,0.29579136100484404,0.3903775263755582
0.2533903345002274,0.32932573973509904,0.45657652044312835,0.3584471716400577,0.26210462468045365,0.6659292066473306
0.7672663750241874,0.5919696065504764,0.5118839393137757,0.6857311258479076,0.3986102799219814,0.5166058172524668
0.609661266366129,0.6129351379391563,0.8753921193430356,0.273193850406956,0.8733913351044004,0.7371110631989621
0.18431206620923163,0.4152678089935824,0.4325972185594875,0.44584137141066427,0.34567241779217983,0.5011415406038995
0.45716384961886175,0.445248326033553,0.8479189937999285,0.7579816381029884,0.6492568340284466,0.8553085992277589
0.7247821433416862,0.4762548544779453,0.9643064608087175,0.7657818508948794,0.7551674310818115,0.8581215268578677
0.4850282257233468,0.4238359231073551,0.8743020147810574,0.7649603373480353,0.6715100006351038,0.7131492844900937
0.5293898020975423,0.509856818915747,0.5491522278847755,0.5025907549733378,0.4717099246882567,0.6904362098712205
0.44094596052335006,0.38449248758785265,0.09875381097727054,0.23087976349870032,0.11041343363761208,0.29564697486212355
0.15696608833563283,0.38798819282083385,0.16160459000131994,0.2072273183086638,0.05699070643548576,0.15755536469850595
0.42023713172048766,0.3949507743374998,0.5524991158505664,0.39167197571416557,0.4577288740474168,0.5589463768725365
0.6773176890576974,0.8282944523105539,0.08028533441851404,0.22112748064397514,0.36425058839003505,0.3282108517561526
0.22771504483642419,0.2298728777295285,0.03452104028033537,0.514093594925767,0.06080991917816177,0.32176276506820845
0.1724454969585399,0.29551459548210557,0.8253458656619079,0.3548976806955365,0.6119535684325659,0.7454467364158592
0.7380333707607012,0.9764726566069851,0.8684476009446087,0.5101988166276282,0.8408798623497613,0.8669549396084846
0.6317818286247209,0.71199581417007,0.5809460833945513,0.42971482713027187,0.47312296030694256,0.46001791589509633
0.40382579283204784,0.19748163320910922,0.4903768165265133,0.6684835989542811,0.37674709640987364,0.31703407399506034
0.5042211555508136,0.4830941050894483,0.11851566279589448,0.5446132932281745,0.1167206380809227,0.48813287776862957
0.7131762532621456,0.6803468634031266,0.9516066458226777,0.46115375134211245,0.8725059732275872,0.6334216398706398
0.5416874538864913,0.573925149012608,0.5108863821643259,0.19894045487277068,0.5583438842275448,0.5281282623230839
0.35694671656076715,0.5504053423628724,0.5095307026579982,0.19385480154115708,0.5000581225402919,0.5374329107607281
0.787324725662227,0.6654034069496917,0.531059625621887,0.7571885895496996,0.43969092884940625,0.6511296769584791
0.8925453705095827,0.6570463261915716,0.5179205872521481,0.6649666139733251,0.48559972462512646,0.6109157769940676
0.3249620420560791,0.4626762843611705,0.5026260497315993,0.3663629086889735,0.3953832584580342,0.4594628887205974
0.3370484680851494,0.3992602578897051,0.47813576148604686,0.6565903121597342,0.2707477106992423,0.646882487856522
0.15884396098960968,0.307458643006819,0.115887210500215,0.2522712734010989,0.0430037137039193,0.47273870587582634
0.2895832587507104,0.20517616516343806,0.9433798368662132,0.4156910681404705,0.6026774065305132,0.709726412007714
0.22587031478605313,0.19143896497908852,0.9704539854029177,0.3635294400314787,0.5932878209812974,0.847199711151831
0.6737041522415611,0.4843231243276493,0.5180507944957076,0.40411919509182637,0.5727176973255651,0.6256563116436289
0.5913870283995858,0.6019232255703494,0.9300224576583676,0.9049377415630068,0.7138765838177954,0.746218405739878
0.45956364181992565,0.3823890618232418,0.910908839337425,0.3432970113486038,0.7366419276554274,0.750041414291656
0.4239809569818629,0.3196573008095326,0.8968497496453618,0.791995402181399,0.691716825896807,0.8051687501965077
0.32145025684454165,0.4574729455982965,0.5267911805618133,0.3105103274193035,0.39509225157089495,0.3839466276636143
0.7883201384941445,0.9324256447721723,0.553372003661647,0.484162693188696,0.5902836973678396,0.46274965984799543
0.5872532784467623,0.49910156360955604,0.8653881831475116,0.4391963761478298,0.8143102713632793,0.6100452601054749
0.6521959888048197,0.4958049642475733,0.8431401736472688,0.41132104417183457,0.8363300027693005,0.8443053227216359
0.12191721580406659,0.23409053210671804,0.4855555500510963,0.271498519348907,0.3227250571744952,0.4766593547618627
0.6657026640994936,0.4273377609982249,0.12113084326073403,0.5692080519776169,0.14611117867002407,0.373711783800982
0.7924288943143005,0.6055557263948276,0.9345391345171592,0.8612826622558268,0.6625258713247333,0.7384648858218505
0.23094417405490164,0.22911279070116397,0.07383529035333625,0.608813890763027,0.04307340422539743,0.3132188231595725
0.6445461110430057,0.4627027464684292,0.8023016557570075,0.3910657552157476,0.8679580402632101,0.785708121937891
0.6309144620589345,0.6148486003111746,0.09273741758754134,0.21372990299736094,0.39390182399510604,0.22611199914835556
0.31243531463372887,0.3960673343975437,0.10516145270040517,0.10853587171374468,0.1879975010804627,0.3183320761082431
0.40839996561818975,0.5274975423792436,0.06703271542892414,0.16280373947368332,0.28730399451105276,0.2687042221928202
0.6800651222769021,0.6174131942382115,0.4767717636658245,0.19762326896506022,0.6345056695395098,0.46322614727743705
0.3851551807233696,0.18952795153374172,0.1469456619414336,0.572962221614893,0.08375667128753267,0.3920067455286249
0.4489866016260693,0.7327568354489319,0.11587268831832137,0.061106792433963,0.3123883254698027,0.2375012477301719
0.20238708425027696,0.18174930835340833,0.12640546865242264,0.08209948915724541,0.054674691866933786,0.4512384962366993
0.43744879530895314,0.5245857918772736,0.8862834687038004,0.9226446461057799,0.6247767351263036,0.778720025786757
0.2815101442201255,0.5113462023098088,0.08310396422308969,0.03901257416244858,0.11690043635800179,0.22878219988056303
0.5439657736717225,0.21064997308873043,0.8859993418339602,0.8055421212524206,0.7019907980665865,0.8104139351471891
0.1916030709615735,0.32745854571843286,0.13243994072605558,0.6258162376304629,0.019386627671123702,0.22322854591297148
0.3510661265717198,0.3924571227972684,0.05407663932511875,0.4065885329364083,0.10955492134187461,0.3425488097644882
0.7337618697554091,0.3544617797012306,0.571517282887116,0.4038963811707771,0.5298363429765843,0.44763286884934894
0.8403005521478295,0.9505189762160491,0.9229231172921637,0.5289659214345483,0.8970440132158879,0.5253343040938763
0.6806131912057796,0.7476092788959751,0.0916966904876273,0.2739481610944926,0.2959472424980606,0.3142201900852548
0.30444726386070164,0.4111069908939396,0.9323158686596649,0.4574079821362774,0.6570449429591162,0.585838370397747
0.34412639818972607,0.27516288879219913,0.9484177853966425,0.5409724459796056,0.6899848788457759,0.8120192324146873
0.8499638475962447,0.5910716796124982,0.4935356036809708,0.6621548026127145,0.46001957338554456,0.5482741408266705
0.13870084202777958,0.29381022768219345,0.49801459030023154,0.3393558481762594,0.31440481435657625,0.4925694701443968
0.7628967616007357,0.7690030706821371,0.5653474421639894,0.3650305398543512,0.5207298487042084,0.6740354121893106
0.5433796506485735,0.5329987411031012,0.5899762775506929,0.5999340041265467,0.42206291354692543,0.45972604207575074
0.3681512627177593,0.33870818779020795,0.5077015416301989,0.1745434370523089,0.34125459032937405,0.46739142324977667
0.38004214680934206,0.3799473204142767,0.4609383237072242,0.2593109178026797,0.3955393124406495,0.42509292563773293
0.15878883639347602,0.37238681496807535,0.48801276370435387,0.39939532148497137,0.3105485048360211,0.7094674410136705
0.16280558927266386,0.5031117164359991,0.5472170841914642,0.32963537648192487,0.3640850136983806,0.6038756926272173
0.4571328015898282,0.48421976577613013,0.07223245084893298,0.6144836382618374,0.12386512459968946,0.22257729253343372
0.7561724765352505,0.6888464988067663,0.8920872434026426,0.3979853867775739,1.0,0.6334613818586905
0.9217894216391596,0.7955978182369825,0.518062931310271,0.7586162135047753,0.4842917189680187,0.42117568405767836
0.3928498910033488,0.46769707138325567,0.47021102350097055,0.27230981854400615,0.4751287008444901,0.49709947051929637
0.7030748811694078,0.5945796275592754,0.9434599548715692,0.43626740455332913,0.8758245321976282,0.6298651975976775
0.2584277200833189,0.32068629962158846,0.14012142169377612,0.48381319868688566,0.04377694614032494,0.22823330955034438
0.21045905255611602,0.17452375930337546,0.9794133289890479,0.4708718175252893,0.6148450979721569,0.8022324832453163
0.6704604354396216,0.64908498424911,0.931057999643804,0.25662599456767066,0.887662134395792,0.9038162539504642
0.19982566079585687,0.38561981519891947,0.4687079009819698,0.25933082846116595,0.34965590472043706,0.41028992399676234
0.6306663886062006,0.4999906407649077,0.9211713645658457,0.9999999999999999,0.6649521287007868,0.6278773527358354
0.4412096286371611,0.3261315365479408,0.9391912431263847,0.8466343341166657,0.6773866545324899,0.7518417387903087
0.8528471894878339,0.45263572488023973,0.5474715648327275,0.6844398668859369,0.3833794952341558,0.4029690259539995
0.5012487221416992,0.44828531242222475,0.4759546931687144,0.29071937213216736,0.4042266098177865,0.5239568257834906
0.355539598508622,0.2752264934170925,0.4712496061208894,0.4914629318733974,0.3487608348222823,0.6156237885343914
0.5591384883988589,0.4690483479457552,0.46166979422212784,0.7709166301379239,0.3496404982529692,0.6037400597046632
0.5179357405020688,0.6561207458743769,0.9634739518415405,0.4347646662611585,0.8698800202758536,0.7453297802483507
0.47753430948803155,0.3517855410611628,0.9248138974560642,0.5146918630526605,0.7811284135581917,0.6560725977291706
0.928970121926213,0.6273617230662818,0.0804616066359693,0.6103005082869871,0.26743134259885487,0.26224240221932993
0.49061091356141023,0.5450075369232364,0.11780475434182408,0.1409043215810527,0.24077667061043434,0.24751171452759513
0.14801717784051713,0.21098582134493624,0.8954181707411966,0.4555539393283894,0.6413912016140216,0.813691496124159
0.15517686865994673,0.29363632554867036,0.07450175847611062,0.20808302411862378,0.08842571977842134,0.4910564010031706
0.1379091964250614,0.24275138645964284,0.9017130340579305,0.3900507126409255,0.5747425899270431,0.8113788594808344
0.4770049455547902,0.6260389661365975,0.12030529004208845,0.18167308398708315,0.27917423674005876,0.2845414060195446
0.36429109350180655,0.20148005141677439,0.5825848009332976,0.26417137839891147,0.4182111483531695,0.6266756857518416
0.1794610651373818,0.4115664903682402,0.08697932380781248,0.29961290674132957,0.09243081069323195,0.5006252729183518
0.7087780180129751,0.47350785987378036,0.43923564775115675,0.3922495151284673,0.5962082705056314,0.5242736465822033
0.6129140109580343,0.528634947714526,0.46524041420259954,0.3875038273467396,0.44196877062293716,0.5571954882840378
0.519155571324116,0.6279803113016553,0.47139490929674766,0.6989420718249103,0.3867365700721899,0.5485226605991067
0.5738946715701028,0.5968237629724417,0.4897324475739143,0.5731444908734146,0.4348053449714256,0.37960625761382616
0.6206459538415233,0.9558551783589153,0.0715911006663737,0.1987245702461906,0.36701534709453904,0.24908019477602172
0.3115132936161448,0.3759595220116137,0.9326590136956274,0.6719520790567249,0.6330538693417062,0.68132981409605
0.22804921973375977,0.3079721009854387,0.4625992057860444,0.2710427764956923,0.37186886710700595,0.5640465213016199
0.964331473010482,0.5978315593679064,0.11358494259014051,0.5567335295966352,0.24789540403599364,0.35172505526755193
0.23488553489891373,0.31070646865751955,0.5852992484755959,0.20622675157527448,0.3480085114705111,0.4847419709192904
0.20575303539001016,0.3462624162511402,0.13459326071074612,0.2474127821868497,0.10648655241891858,0.2543845397778455
0.5082212443849972,0.7711154122869612,0.13054511071717873,0.09490703464195627,0.3777160189149925,0.1467777157802459
0.5246454327738629,0.316684993129394,0.1859277854280631,0.6855405214669182,0.11755457496039592,0.35097668103894497
0.7942216015076157,0.8250581712085895,0.9493352326431501,0.4529440540262494,0.8804583238188102,0.6586871356914483
0.25095464923448335,0.554603078347369,0.13504827709962097,0.32544220033287174,0.14864936645174381,0.26464285357383766
0.4859639592610727,0.46691530690360816,0.10056200489656425,0.47879404074147147,0.06145225028183919,0.4184425096947235
0.6565977059130119,0.4951204282463487,0.8993949416553018,0.36626078071081447,0.8505915328727799,0.8462944563087333
0.654774393698762,0.4737407049191806,0.8974807468190378,0.5160683980884582,0.8231276728898776,0.7239622257947653
0.2851307308546396,0.09299821034790665,0.09699078193874011,0.5391974847265537,0.07422368738569465,0.15679528404401033
0.49442263113970436,0.34591606283584236,0.9086371547365875,0.5044312378489031,0.7334827444180595,0.6355721962163354
0.841051502945378,0.6049199750924854,0.5203530676391565,0.6871148235611882,0.45304273128955297,0.6308055500634193
0.7192512278285867,0.6982444657555708,0.45753580418331175,0.32059502932357486,0.652541458762202,0.547671969677034
0.44820526425808666,0.40454728938638296,0.9645492914873959,0.38785633582668255,0.7012142109436478,0.67000101578788
0.8877019258014441,0.7333424675436025,0.916423910732939,0.7844898464383699,0.7377877348316052,0.7407798538092738
0.22776099749035247,0.3028388619128457,0.10244977526118315,0.34781429718936197,0.09067011802867589,0.152042001995349
0.4667730667640307,0.45116706087006475,0.9089970173881838,0.5489233382657787,0.6502789154078881,0.5418564087210815
0.09932955560279491,0.4050952885625785,0.14942962614600486,0.34882657247798377,0.08189016451123482,0.5122558679861315
0.2104276662378619,0.31979451104672907,0.44879236625728713,0.43926323120385147,0.32280794345794706,0.606371064927957
0.29507464926749216,0.34635827514036815,0.8961515847435726,0.7528388825808777,0.5420047887022189,0.7252623369544469
0.16605865723368976,0.1770387355333299,0.06610417265123969,0.1901211092541828,0.0493918260624419,0.3184621336872908
0.4188339129840777,0.37117135355387354,0.217415148126251,0.5816150053755386,0.14152086092482946,0.18510572011020177
0.31874112383608516,0.3467295568410991,0.5119835423679695,0.8350115232579002,0.24559304346888833,0.654237220898096
0.2731501070653438,0.2677699472089448,0.8539150684868557,0.8674837336666531,0.6204613633586261,0.6324977557042692
0.7197897635705324,0.7999744521937184,0.6482700110850536,0.3033548806684694,0.5746968295083346,0.5678230604845171
0.48266513628250746,0.5390724359159709,0.09169123811301189,0.31223479095271545,0.13726831184876112,0.2953642732630959
0.40149523819605215,0.2885600850626986,0.10456430995909799,0.300040080575676,0.21880498385482494,0.27967596872055234
0.5262234813797182,0.7933953766459951,0.8949019335377852,0.5415863538222377,0.780252527199791,0.6205264803872184
0.37144852287954955,0.4139327664151802,0.0794089496397073,0.13375012427867994,0.18938119579004473,0.19343871676976887
0.21292678022322906,0.1680702629149867,0.9100276878722546,0.5472813745368775,0.6724825259750855,0.8094813424521123
0.35093294925376334,0.7200484576451401,0.41949556358165907,0.3291999078353842,0.4433746108353055,0.5379995262846835
0.37488888528548986,0.41563371546665673,0.9430450972681814,0.5791913243116419,0.6473730520525133,0.7674884907646993
0.22116882167209803,0.3585959862985175,0.8558814655082811,0.5718219679368522,0.7194085834297922,0.789975460288709
0.3968469603628492,0.5489489177871132,0.09644363379544313,0.6672102124474834,0.12515049797972616,0.11054731510749427
0.34392495905976544,0.3951228569650853,0.14238751365560665,0.21820930620001722,0.1671669779440439,0.3663634094296091
0.5094831045905166,0.5408978805629678,0.8922377401849626,0.8569264282290768,0.6872170525886679,0.7437920763209243
0.3527623496791468,0.2460102534610539,0.10635711998362396,0.5059916577251866,0.10914625804141087,0.4434435707725748
0.47500185987298554,0.5565026646882429,0.0729466211705343,0.5060155193855257,0.11762182659218426,0.14066516513196037
0.4833514901503644,0.4749576357794192,0.1953120080462113,0.13485414633506176,0.23259158178328465,0.3539114784940427
0.557694877536091,0.5795575308394743,0.9212152011222758,0.3959731519485583,0.8061941733710424,0.8090249902713404
0.2894281292681845,0.23904657611938532,0.07016254296789631,0.35653056018830354,0.06123410700738044,0.1787741036904058
0.6855970375467342,0.5756783872590462,0.9073041651760698,0.6497144468804893,0.7785009637277257,0.7047316702243336
0.5868380464564875,0.5278251837109569,0.06737942783425699,0.20871889469338667,0.27260002936120126,0.1853040739568521
0.15348798301710379,0.15125905613990778,0.5743618612559044,0.6853106047908853,0.31154814555008814,0.6090713302162527
0.4802521846616042,0.6443998232959468,0.1206574040185267,0.08933355068197568,0.24877020262320027,0.3338734304076323
0.47918775012127235,0.8575749100101706,0.07438501053110436,0.10141709676735622,0.2574086033446659,0.4267581283517021
0.47805649103112974,0.5469619680005653,0.9277556474652404,0.3627827676677814,0.7486420806437623,0.7189810466003035
0.2772219361114123,0.2847379127033241,0.8893391942482203,0.7612100618645706,0.6306851862649826,0.8237392192540542
0.3271234747203281,0.350221934837324,0.06207328366126702,0.10297856289690877,0.21923582024093657,0.3839922798541737
0.1706886906854368,0.21101611865773018,0.5215460636837396,0.7800000809890087,0.28371387013266913,0.6125835310278203
0.40623377729151633,0.2464965825830508,0.12668974190572185,0.3088844815698427,0.25309079739325047,0.3174201664555416
0.764616663666956,0.5161515458403841,0.1575945253621176,0.6219694636501681,0.17793469902811615,0.23338532475842344
0.6915484310484177,0.7089362337432243,0.5090823253736924,0.39105605607397054,0.47760654960761073,0.5500195629097187
0.21289295436837505,0.31631179247691277,0.9045037601644323,0.8801868282408692,0.6601875411092643,0.79513477066619
0.423051066500798,0.6294620872380925,0.1191019142947547,0.32307951025717363,0.08914789155404981,0.22948158684483166
0.48970528008303077,0.5104403162081165,0.9631019014670994,0.42952032385037064,0.8603395218459627,0.8233054011932386
0.7416420007930915,0.7588437286168201,0.8880792923545062,0.4749542710317374,0.8541019880176808,0.7526149147685741
